  0
SECTION
  2
HEADER
  9
$ACADVER
  1
AC1018
  9
$HANDSEED
  5
FFFFFFFF
  9
$ANGBASE
  50
0.0
  9
$ANGDIR
  70
1
  9
$MEASUREMENT
  70
1
  9
$INSUNITS
  70
4
  0
ENDSEC
  0
SECTION
  2
TABLES
  0
TABLE
  2
APPID
  5
1
330
0
100
AcDbSymbolTable
 70
1
  0
APPID
  5
2
330
1
100
AcDbSymbolTableRecord
100
AcDbRegAppTableRecord
  2
ACAD
 70
0
  0
ENDTAB
  0
TABLE
  2
LTYPE
  5
3
330
0
100
AcDbSymbolTable
 70
6
  0
LTYPE
  5
4
330
3
100
AcDbSymbolTableRecord
100
AcDbLinetypeTableRecord
  2
ByBlock
 70
0
  3

 72
65
 73
0
 40
0
  0
LTYPE
  5
5
330
3
100
AcDbSymbolTableRecord
100
AcDbLinetypeTableRecord
  2
ByLayer
 70
0
  3

 72
65
 73
0
 40
0
  0
LTYPE
  5
6
330
3
100
AcDbSymbolTableRecord
100
AcDbLinetypeTableRecord
  2
CONTINUOUS
 70
0
  3
Solid line
 72
65
 73
0
 40
0
  0
LTYPE
  5
7
330
3
100
AcDbSymbolTableRecord
100
AcDbLinetypeTableRecord
  2
DASHDOT
 70
0
  3
Dash Dot ____ _ ____ _
 72
65
 73
4
 40
2
 49
1.25
 74
0
 49
-0.25
 74
0
 49
0.25
 74
0
 49
-0.25
 74
0
  0
LTYPE
  5
8
330
3
100
AcDbSymbolTableRecord
100
AcDbLinetypeTableRecord
  2
DASHED
 70
0
  3
Dashed __ __ __ __ __
 72
65
 73
2
 40
0.75
 49
0.5
 74
0
 49
-0.25
 74
0
  0
LTYPE
  5
9
330
3
100
AcDbSymbolTableRecord
100
AcDbLinetypeTableRecord
  2
DOTTED
 70
0
  3
Dotted .  .  .  .
 72
65
 73
2
 40
0.2
 49
0.0
 74
0
 49
-0.2
 74
0
  0
ENDTAB
  0
TABLE
  2
STYLE
  5
A
330
0
100
AcDbSymbolTable
 70
4
  0
STYLE
  5
B
330
A
100
AcDbSymbolTableRecord
100
AcDbTextStyleTableRecord
  2
KICAD
 70
0
 40
0
 41
1
 42
1
 50
0
 71
0
  3
isocp.shx
  0
STYLE
  5
C
330
A
100
AcDbSymbolTableRecord
100
AcDbTextStyleTableRecord
  2
KICADB
 70
0
 40
0
 41
1
 42
1
 50
0
 71
0
  3
isocp.shx
  0
STYLE
  5
D
330
A
100
AcDbSymbolTableRecord
100
AcDbTextStyleTableRecord
  2
KICADI
 70
0
 40
0
 41
1
 42
1
 50
15
 71
0
  3
isocp.shx
  0
STYLE
  5
E
330
A
100
AcDbSymbolTableRecord
100
AcDbTextStyleTableRecord
  2
KICADBI
 70
0
 40
0
 41
1
 42
1
 50
15
 71
0
  3
isocp.shx
  0
ENDTAB
  0
TABLE
  2
LAYER
  5
F
330
0
100
AcDbSymbolTable
 70
2
  0
LAYER
  5
12
330
F
100
AcDbSymbolTableRecord
100
AcDbLayerTableRecord
  2
0
 70
0
 62
7
  6
CONTINUOUS
390
10
  0
LAYER
  5
13
330
F
100
AcDbSymbolTableRecord
100
AcDbLayerTableRecord
  2
BLACK
 70
0
 62
250
  6
CONTINUOUS
390
10
  0
ENDTAB
  0
TABLE
  2
VPORT
  5
14
330
0
100
AcDbSymbolTable
 70
0
  0
ENDTAB
  0
TABLE
  2
VIEW
  5
15
330
0
100
AcDbSymbolTable
 70
0
  0
ENDTAB
  0
TABLE
  2
UCS
  5
16
330
0
100
AcDbSymbolTable
 70
0
  0
ENDTAB
  0
TABLE
  2
DIMSTYLE
  5
17
330
0
100
AcDbSymbolTable
 70
1
100
AcDbDimStyleTable
 71
0
  0
DIMSTYLE
105
18
330
17
100
AcDbSymbolTableRecord
100
AcDbDimStyleTableRecord
  2
Standard
 70
0
  0
ENDTAB
  0
TABLE
  2
BLOCK_RECORD
  5
19
330
0
100
AcDbSymbolTable
 70
3
  0
BLOCK_RECORD
  5
1A
330
19
100
AcDbSymbolTableRecord
100
AcDbBlockTableRecord
  2
*Model_Space
340
1D
 70
0
280
1
281
0
  0
BLOCK_RECORD
  5
1B
330
19
100
AcDbSymbolTableRecord
100
AcDbBlockTableRecord
  2
*Paper_Space
340
1E
 70
0
280
1
281
0
  0
BLOCK_RECORD
  5
1C
330
19
100
AcDbSymbolTableRecord
100
AcDbBlockTableRecord
  2
*Paper_Space0
340
1F
 70
0
280
1
281
0
  0
ENDTAB
  0
ENDSEC
  0
SECTION
  2
BLOCKS
  0
BLOCK
  5
23
330
1A
100
AcDbEntity
  8
0
100
AcDbBlockBegin
  2
*Model_Space
 70
0
 10
0.0
 20
0.0
 30
0.0
  3
*Model_Space
  1

  0
ENDBLK
  5
22
330
1A
100
AcDbEntity
  8
0
100
AcDbBlockEnd
  0
BLOCK
  5
25
330
1B
100
AcDbEntity
 67
1
  8
0
100
AcDbBlockBegin
  2
*Paper_Space
 70
0
 10
0.0
 20
0.0
 30
0.0
  3
*Paper_Space
  1

  0
ENDBLK
  5
24
330
1B
100
AcDbEntity
 67
1
  8
0
100
AcDbBlockEnd
  0
BLOCK
  5
27
330
1C
100
AcDbEntity
 67
1
  8
0
100
AcDbBlockBegin
  2
*Paper_Space0
 70
0
 10
0.0
 20
0.0
 30
0.0
  3
*Paper_Space0
  1

  0
ENDBLK
  5
26
330
1C
100
AcDbEntity
 67
1
  8
0
100
AcDbBlockEnd
  0
ENDSEC
  0
SECTION
  2
ENTITIES
  0
ARC
  5
28
330
1A
100
AcDbEntity
  8
BLACK
100
AcDbCircle
 10
148.5003999999999849
 20
-90.0000999999999891
 30
0
 40
35.000000141597738
100
AcDbArc
 50
118.17864664
 51
174.31574435
  0
ARC
  5
29
330
1A
100
AcDbEntity
  8
BLACK
100
AcDbCircle
 10
114.6675999999999931
 20
-86.6324999999999932
 30
0
 40
1.000031899023726
100
AcDbArc
 50
-185.68272063
 51
-120.00000334
  0
LINE
  5
2A
330
1A
100
AcDbEntity
  8
BLACK
  6
CONTINUOUS
100
AcDbLine
 10
114.1675839999999909
 20
-87.4985530000000011
 30
0
 11
118.0058349999999905
 21
-89.7145659999999907
 31
0
  0
ARC
  5
2B
330
1A
100
AcDbEntity
  8
BLACK
100
AcDbCircle
 10
117.5057999999999936
 20
-90.5805999999999898
 30
0
 40
1.0000249448793763
100
AcDbArc
 50
1.07340276
 51
59.99850961
  0
LINE
  5
2C
330
1A
100
AcDbEntity
  8
BLACK
  6
CONTINUOUS
100
AcDbLine
 10
132.5003979999999899
 20
-48.3001019999999954
 30
0
 11
132.5003999999999849
 21
-57.7441509999999951
 31
0
  0
LINE
  5
2D
330
1A
100
AcDbEntity
  8
BLACK
  6
CONTINUOUS
100
AcDbLine
 10
132.5003999999999849
 20
-57.7441509999999951
 30
0
 11
132.5365129999999851
 21
-57.7635000000000005
 31
0
  0
ARC
  5
2E
330
1A
100
AcDbEntity
  8
BLACK
100
AcDbCircle
 10
132.3002999999999929
 20
-58.2042999999999964
 30
0
 40
0.5001012111253081
100
AcDbArc
 50
0.00733239
 51
61.81432618
  0
LINE
  5
2F
330
1A
100
AcDbEntity
  8
BLACK
  6
CONTINUOUS
100
AcDbLine
 10
132.5365119999999877
 20
-58.8462339999999955
 30
0
 11
131.9726210000000037
 21
-59.1483190000000008
 31
0
  0
LINE
  5
30
330
1A
100
AcDbEntity
  8
BLACK
  6
CONTINUOUS
100
AcDbLine
 10
132.8003999999999962
 20
-58.2042359999999945
 30
0
 11
132.8003980000000013
 21
-58.4054969999999969
 31
0
  0
ARC
  5
31
330
1A
100
AcDbEntity
  8
BLACK
100
AcDbCircle
 10
132.3003999999999962
 20
-58.4054999999999964
 30
0
 40
0.499998000009
100
AcDbArc
 50
-61.82095534
 51
0.00034378
  0
ARC
  5
32
330
1A
100
AcDbEntity
  8
BLACK
100
AcDbCircle
 10
148.5003999999999849
 20
-90.0000999999999891
 30
0
 40
30.0000023695369862
100
AcDbArc
 50
-178.92704323
 51
-121.07294832
  0
ARC
  5
33
330
1A
100
AcDbEntity
  8
BLACK
100
AcDbCircle
 10
132.5002999999999815
 20
-116.5519999999999925
 30
0
 40
1.0001039804065375
100
AcDbArc
 50
0.00326553
 51
58.92395206
  0
LINE
  5
34
330
1A
100
AcDbEntity
  8
BLACK
  6
CONTINUOUS
100
AcDbLine
 10
133.5003999999999849
 20
-116.5519429999999943
 30
0
 11
133.5004009999999823
 21
-120.9839699999999993
 31
0
  0
ARC
  5
35
330
1A
100
AcDbEntity
  8
BLACK
100
AcDbCircle
 10
134.5003999999999849
 20
-120.9839999999999947
 30
0
 40
0.9999726010371484
100
AcDbArc
 50
-180.00171888
 51
-114.31646702
  0
ARC
  5
36
330
1A
100
AcDbEntity
  8
BLACK
100
AcDbCircle
 10
148.5003999999999849
 20
-90.0000999999999891
 30
0
 40
35.0000019721500237
100
AcDbArc
 50
-114.31573757
 51
-65.68426176
  0
ARC
  5
37
330
1A
100
AcDbEntity
  8
BLACK
100
AcDbCircle
 10
164.5002999999999815
 20
-116.5518999999999892
 30
0
 40
0.9999010008000792
100
AcDbArc
 50
-238.93103564
 51
-179.99770794
  0
ARC
  5
38
330
1A
100
AcDbEntity
  8
BLACK
100
AcDbCircle
 10
162.5004999999999882
 20
-120.9839999999999947
 30
0
 40
0.9999000004205421
100
AcDbArc
 50
-65.68873103
 51
0.00166174
  0
LINE
  5
39
330
1A
100
AcDbEntity
  8
BLACK
  6
CONTINUOUS
100
AcDbLine
 10
163.5003999999999849
 20
-120.9839709999999968
 30
0
 11
163.5003989999999874
 21
-116.5519399999999877
 31
0
  0
ARC
  5
3A
330
1A
100
AcDbEntity
  8
BLACK
100
AcDbCircle
 10
164.7002999999999986
 20
-58.2042000000000002
 30
0
 40
0.4999000013692739
100
AcDbArc
 50
-225.57841778
 51
-179.99575926
  0
LINE
  5
3B
330
1A
100
AcDbEntity
  8
BLACK
  6
CONTINUOUS
100
AcDbLine
 10
164.2004000000000019
 20
-58.4054949999999948
 30
0
 11
164.2004000000000019
 21
-58.2042369999999991
 31
0
  0
ARC
  5
3C
330
1A
100
AcDbEntity
  8
BLACK
100
AcDbCircle
 10
164.7004000000000019
 20
-58.4054999999999964
 30
0
 40
0.4999957445278909
100
AcDbArc
 50
-180.00057296
 51
-118.17888954
  0
LINE
  5
3D
330
1A
100
AcDbEntity
  8
BLACK
  6
CONTINUOUS
100
AcDbLine
 10
164.5003999999999849
 20
-48.300103
 30
0
 11
132.5003979999999899
 21
-48.3001019999999954
 31
0
  0
ARC
  5
3E
330
1A
100
AcDbEntity
  8
BLACK
100
AcDbCircle
 10
164.0004999999999882
 20
-57.4900999999999982
 30
0
 40
0.4999010000490097
100
AcDbArc
 50
-45.58050674
 51
0.00080230
  0
LINE
  5
3F
330
1A
100
AcDbEntity
  8
BLACK
  6
CONTINUOUS
100
AcDbLine
 10
164.5004009999999823
 20
-57.4900929999999946
 30
0
 11
164.5003999999999849
 21
-48.300103
 31
0
  0
LINE
  5
40
330
1A
100
AcDbEntity
  8
BLACK
  6
CONTINUOUS
100
AcDbLine
 10
165.0281779999999969
 20
-59.1483169999999987
 30
0
 11
164.4642889999999795
 21
-58.8462350000000001
 31
0
  0
ARC
  5
41
330
1A
100
AcDbEntity
  8
BLACK
100
AcDbCircle
 10
148.5003999999999849
 20
-90.0000999999999891
 30
0
 40
34.9999994270910406
100
AcDbArc
 50
5.68425760
 51
61.82135634
  0
ARC
  5
42
330
1A
100
AcDbEntity
  8
BLACK
100
AcDbCircle
 10
148.5003999999999849
 20
-90.0000999999999891
 30
0
 40
30.000001144930593
100
AcDbArc
 50
-58.92704415
 51
-1.07295670
  0
ARC
  5
43
330
1A
100
AcDbEntity
  8
BLACK
100
AcDbCircle
 10
179.4950000000000045
 20
-90.5805999999999898
 30
0
 40
1.0000344907236949
100
AcDbArc
 50
120.00149039
 51
178.92659510
  0
LINE
  5
44
330
1A
100
AcDbEntity
  8
BLACK
  6
CONTINUOUS
100
AcDbLine
 10
178.9949649999999792
 20
-89.7145659999999907
 30
0
 11
182.8332139999999981
 21
-87.498548999999997
 31
0
  0
ARC
  5
45
330
1A
100
AcDbEntity
  8
BLACK
100
AcDbCircle
 10
182.333200000000005
 20
-86.6324999999999932
 30
0
 40
1.0000116978780798
100
AcDbArc
 50
-59.99998131
 51
5.68278899
  0
LINE
  5
46
330
1A
100
AcDbEntity
  8
BLACK
  6
CONTINUOUS
100
AcDbLine
 10
116.4253999999999962
 20
-85.5501000000000005
 30
0
 11
116.6753999999999962
 21
-85.8001000000000005
 31
0
  0
LINE
  5
47
330
1A
100
AcDbEntity
  8
BLACK
  6
CONTINUOUS
100
AcDbLine
 10
116.6753999999999962
 20
-85.5501000000000005
 30
0
 11
116.4253999999999962
 21
-85.8001000000000005
 31
0
  0
LINE
  5
48
330
1A
100
AcDbEntity
  8
BLACK
  6
CONTINUOUS
100
AcDbLine
 10
117.9003999999999905
 20
-79.0250999999999948
 30
0
 11
118.1503999999999905
 21
-79.2750999999999948
 31
0
  0
LINE
  5
49
330
1A
100
AcDbEntity
  8
BLACK
  6
CONTINUOUS
100
AcDbLine
 10
118.1503999999999905
 20
-79.0250999999999948
 30
0
 11
117.9003999999999905
 21
-79.2750999999999948
 31
0
  0
LINE
  5
4A
330
1A
100
AcDbEntity
  8
BLACK
  6
CONTINUOUS
100
AcDbLine
 10
118.0253999999999905
 20
-80.825099999999992
 30
0
 11
118.2753999999999905
 21
-81.075099999999992
 31
0
  0
LINE
  5
4B
330
1A
100
AcDbEntity
  8
BLACK
  6
CONTINUOUS
100
AcDbLine
 10
118.2753999999999905
 20
-80.825099999999992
 30
0
 11
118.0253999999999905
 21
-81.075099999999992
 31
0
  0
LINE
  5
4C
330
1A
100
AcDbEntity
  8
BLACK
  6
CONTINUOUS
100
AcDbLine
 10
118.4753999999999934
 20
-83.1751000000000005
 30
0
 11
118.7253999999999934
 21
-83.4251000000000005
 31
0
  0
LINE
  5
4D
330
1A
100
AcDbEntity
  8
BLACK
  6
CONTINUOUS
100
AcDbLine
 10
118.7253999999999934
 20
-83.1751000000000005
 30
0
 11
118.4753999999999934
 21
-83.4251000000000005
 31
0
  0
LINE
  5
4E
330
1A
100
AcDbEntity
  8
BLACK
  6
CONTINUOUS
100
AcDbLine
 10
118.4753999999999934
 20
-83.7250999999999976
 30
0
 11
118.7253999999999934
 21
-83.9750999999999976
 31
0
  0
LINE
  5
4F
330
1A
100
AcDbEntity
  8
BLACK
  6
CONTINUOUS
100
AcDbLine
 10
118.7253999999999934
 20
-83.7250999999999976
 30
0
 11
118.4753999999999934
 21
-83.9750999999999976
 31
0
  0
LINE
  5
50
330
1A
100
AcDbEntity
  8
BLACK
  6
CONTINUOUS
100
AcDbLine
 10
118.5749999999999886
 20
-79.7449999999999903
 30
0
 11
118.8249999999999886
 21
-79.9949999999999903
 31
0
  0
LINE
  5
51
330
1A
100
AcDbEntity
  8
BLACK
  6
CONTINUOUS
100
AcDbLine
 10
118.8249999999999886
 20
-79.7449999999999903
 30
0
 11
118.5749999999999886
 21
-79.9949999999999903
 31
0
  0
LINE
  5
52
330
1A
100
AcDbEntity
  8
BLACK
  6
CONTINUOUS
100
AcDbLine
 10
118.5753999999999877
 20
-80.825099999999992
 30
0
 11
118.8253999999999877
 21
-81.075099999999992
 31
0
  0
LINE
  5
53
330
1A
100
AcDbEntity
  8
BLACK
  6
CONTINUOUS
100
AcDbLine
 10
118.8253999999999877
 20
-80.825099999999992
 30
0
 11
118.5753999999999877
 21
-81.075099999999992
 31
0
  0
LINE
  5
54
330
1A
100
AcDbEntity
  8
BLACK
  6
CONTINUOUS
100
AcDbLine
 10
119.1253999999999991
 20
-77.9750999999999976
 30
0
 11
119.3753999999999991
 21
-78.2250999999999976
 31
0
  0
LINE
  5
55
330
1A
100
AcDbEntity
  8
BLACK
  6
CONTINUOUS
100
AcDbLine
 10
119.3753999999999991
 20
-77.9750999999999976
 30
0
 11
119.1253999999999991
 21
-78.2250999999999976
 31
0
  0
LINE
  5
56
330
1A
100
AcDbEntity
  8
BLACK
  6
CONTINUOUS
100
AcDbLine
 10
119.1253999999999991
 20
-80.825099999999992
 30
0
 11
119.3753999999999991
 21
-81.075099999999992
 31
0
  0
LINE
  5
57
330
1A
100
AcDbEntity
  8
BLACK
  6
CONTINUOUS
100
AcDbLine
 10
119.3753999999999991
 20
-80.825099999999992
 30
0
 11
119.1253999999999991
 21
-81.075099999999992
 31
0
  0
LINE
  5
58
330
1A
100
AcDbEntity
  8
BLACK
  6
CONTINUOUS
100
AcDbLine
 10
119.6253999999999991
 20
-78.825099999999992
 30
0
 11
119.8753999999999991
 21
-79.075099999999992
 31
0
  0
LINE
  5
59
330
1A
100
AcDbEntity
  8
BLACK
  6
CONTINUOUS
100
AcDbLine
 10
119.8753999999999991
 20
-78.825099999999992
 30
0
 11
119.6253999999999991
 21
-79.075099999999992
 31
0
  0
LINE
  5
5A
330
1A
100
AcDbEntity
  8
BLACK
  6
CONTINUOUS
100
AcDbLine
 10
120.1253999999999991
 20
-77.9750999999999976
 30
0
 11
120.3753999999999991
 21
-78.2250999999999976
 31
0
  0
LINE
  5
5B
330
1A
100
AcDbEntity
  8
BLACK
  6
CONTINUOUS
100
AcDbLine
 10
120.3753999999999991
 20
-77.9750999999999976
 30
0
 11
120.1253999999999991
 21
-78.2250999999999976
 31
0
  0
LINE
  5
5C
330
1A
100
AcDbEntity
  8
BLACK
  6
CONTINUOUS
100
AcDbLine
 10
120.5753999999999877
 20
-87.4950999999999937
 30
0
 11
120.8253999999999877
 21
-87.7450999999999937
 31
0
  0
LINE
  5
5D
330
1A
100
AcDbEntity
  8
BLACK
  6
CONTINUOUS
100
AcDbLine
 10
120.8253999999999877
 20
-87.4950999999999937
 30
0
 11
120.5753999999999877
 21
-87.7450999999999937
 31
0
  0
LINE
  5
5E
330
1A
100
AcDbEntity
  8
BLACK
  6
CONTINUOUS
100
AcDbLine
 10
121.3153999999999968
 20
-89.0350999999999999
 30
0
 11
121.5653999999999968
 21
-89.2850999999999999
 31
0
  0
LINE
  5
5F
330
1A
100
AcDbEntity
  8
BLACK
  6
CONTINUOUS
100
AcDbLine
 10
121.5653999999999968
 20
-89.0350999999999999
 30
0
 11
121.3153999999999968
 21
-89.2850999999999999
 31
0
  0
LINE
  5
60
330
1A
100
AcDbEntity
  8
BLACK
  6
CONTINUOUS
100
AcDbLine
 10
121.6003999999999934
 20
-79.0250999999999948
 30
0
 11
121.8503999999999934
 21
-79.2750999999999948
 31
0
  0
LINE
  5
61
330
1A
100
AcDbEntity
  8
BLACK
  6
CONTINUOUS
100
AcDbLine
 10
121.8503999999999934
 20
-79.0250999999999948
 30
0
 11
121.6003999999999934
 21
-79.2750999999999948
 31
0
  0
LINE
  5
62
330
1A
100
AcDbEntity
  8
BLACK
  6
CONTINUOUS
100
AcDbLine
 10
121.8753999999999991
 20
-78.5501000000000005
 30
0
 11
122.1253999999999991
 21
-78.8001000000000005
 31
0
  0
LINE
  5
63
330
1A
100
AcDbEntity
  8
BLACK
  6
CONTINUOUS
100
AcDbLine
 10
122.1253999999999991
 20
-78.5501000000000005
 30
0
 11
121.8753999999999991
 21
-78.8001000000000005
 31
0
  0
LINE
  5
64
330
1A
100
AcDbEntity
  8
BLACK
  6
CONTINUOUS
100
AcDbLine
 10
122.1503999999999905
 20
-79.0250999999999948
 30
0
 11
122.4003999999999905
 21
-79.2750999999999948
 31
0
  0
LINE
  5
65
330
1A
100
AcDbEntity
  8
BLACK
  6
CONTINUOUS
100
AcDbLine
 10
122.4003999999999905
 20
-79.0250999999999948
 30
0
 11
122.1503999999999905
 21
-79.2750999999999948
 31
0
  0
LINE
  5
66
330
1A
100
AcDbEntity
  8
BLACK
  6
CONTINUOUS
100
AcDbLine
 10
122.3153999999999968
 20
-88.2750999999999948
 30
0
 11
122.5653999999999968
 21
-88.5250999999999948
 31
0
  0
LINE
  5
67
330
1A
100
AcDbEntity
  8
BLACK
  6
CONTINUOUS
100
AcDbLine
 10
122.5653999999999968
 20
-88.2750999999999948
 30
0
 11
122.3153999999999968
 21
-88.5250999999999948
 31
0
  0
LINE
  5
68
330
1A
100
AcDbEntity
  8
BLACK
  6
CONTINUOUS
100
AcDbLine
 10
122.4253999999999962
 20
-78.5501000000000005
 30
0
 11
122.6753999999999962
 21
-78.8001000000000005
 31
0
  0
LINE
  5
69
330
1A
100
AcDbEntity
  8
BLACK
  6
CONTINUOUS
100
AcDbLine
 10
122.6753999999999962
 20
-78.5501000000000005
 30
0
 11
122.4253999999999962
 21
-78.8001000000000005
 31
0
  0
LINE
  5
6A
330
1A
100
AcDbEntity
  8
BLACK
  6
CONTINUOUS
100
AcDbLine
 10
122.4253999999999962
 20
-79.5001000000000033
 30
0
 11
122.6753999999999962
 21
-79.7501000000000033
 31
0
  0
LINE
  5
6B
330
1A
100
AcDbEntity
  8
BLACK
  6
CONTINUOUS
100
AcDbLine
 10
122.6753999999999962
 20
-79.5001000000000033
 30
0
 11
122.4253999999999962
 21
-79.7501000000000033
 31
0
  0
LINE
  5
6C
330
1A
100
AcDbEntity
  8
BLACK
  6
CONTINUOUS
100
AcDbLine
 10
122.5253999999999905
 20
-94.0250999999999948
 30
0
 11
122.7753999999999905
 21
-94.2750999999999948
 31
0
  0
LINE
  5
6D
330
1A
100
AcDbEntity
  8
BLACK
  6
CONTINUOUS
100
AcDbLine
 10
122.7753999999999905
 20
-94.0250999999999948
 30
0
 11
122.5253999999999905
 21
-94.2750999999999948
 31
0
  0
LINE
  5
6E
330
1A
100
AcDbEntity
  8
BLACK
  6
CONTINUOUS
100
AcDbLine
 10
122.7003999999999877
 20
-79.0250999999999948
 30
0
 11
122.9503999999999877
 21
-79.2750999999999948
 31
0
  0
LINE
  5
6F
330
1A
100
AcDbEntity
  8
BLACK
  6
CONTINUOUS
100
AcDbLine
 10
122.9503999999999877
 20
-79.0250999999999948
 30
0
 11
122.7003999999999877
 21
-79.2750999999999948
 31
0
  0
LINE
  5
70
330
1A
100
AcDbEntity
  8
BLACK
  6
CONTINUOUS
100
AcDbLine
 10
122.865399999999994
 20
-88.815100000000001
 30
0
 11
123.115399999999994
 21
-89.065100000000001
 31
0
  0
LINE
  5
71
330
1A
100
AcDbEntity
  8
BLACK
  6
CONTINUOUS
100
AcDbLine
 10
123.115399999999994
 20
-88.815100000000001
 30
0
 11
122.865399999999994
 21
-89.065100000000001
 31
0
  0
LINE
  5
72
330
1A
100
AcDbEntity
  8
BLACK
  6
CONTINUOUS
100
AcDbLine
 10
123.0249999999999915
 20
-70.375
 30
0
 11
123.2749999999999915
 21
-70.625
 31
0
  0
LINE
  5
73
330
1A
100
AcDbEntity
  8
BLACK
  6
CONTINUOUS
100
AcDbLine
 10
123.2749999999999915
 20
-70.375
 30
0
 11
123.0249999999999915
 21
-70.625
 31
0
  0
LINE
  5
74
330
1A
100
AcDbEntity
  8
BLACK
  6
CONTINUOUS
100
AcDbLine
 10
123.0753999999999877
 20
-84.5550999999999959
 30
0
 11
123.3253999999999877
 21
-84.8050999999999959
 31
0
  0
LINE
  5
75
330
1A
100
AcDbEntity
  8
BLACK
  6
CONTINUOUS
100
AcDbLine
 10
123.3253999999999877
 20
-84.5550999999999959
 30
0
 11
123.0753999999999877
 21
-84.8050999999999959
 31
0
  0
LINE
  5
76
330
1A
100
AcDbEntity
  8
BLACK
  6
CONTINUOUS
100
AcDbLine
 10
123.0753999999999877
 20
-86.315100000000001
 30
0
 11
123.3253999999999877
 21
-86.565100000000001
 31
0
  0
LINE
  5
77
330
1A
100
AcDbEntity
  8
BLACK
  6
CONTINUOUS
100
AcDbLine
 10
123.3253999999999877
 20
-86.315100000000001
 30
0
 11
123.0753999999999877
 21
-86.565100000000001
 31
0
  0
LINE
  5
78
330
1A
100
AcDbEntity
  8
BLACK
  6
CONTINUOUS
100
AcDbLine
 10
123.1753999999999962
 20
-95.0250999999999948
 30
0
 11
123.4253999999999962
 21
-95.2750999999999948
 31
0
  0
LINE
  5
79
330
1A
100
AcDbEntity
  8
BLACK
  6
CONTINUOUS
100
AcDbLine
 10
123.4253999999999962
 20
-95.0250999999999948
 30
0
 11
123.1753999999999962
 21
-95.2750999999999948
 31
0
  0
LINE
  5
7A
330
1A
100
AcDbEntity
  8
BLACK
  6
CONTINUOUS
100
AcDbLine
 10
123.4249999999999972
 20
-70.7749999999999915
 30
0
 11
123.6749999999999972
 21
-71.0249999999999915
 31
0
  0
LINE
  5
7B
330
1A
100
AcDbEntity
  8
BLACK
  6
CONTINUOUS
100
AcDbLine
 10
123.6749999999999972
 20
-70.7749999999999915
 30
0
 11
123.4249999999999972
 21
-71.0249999999999915
 31
0
  0
LINE
  5
7C
330
1A
100
AcDbEntity
  8
BLACK
  6
CONTINUOUS
100
AcDbLine
 10
123.8249999999999886
 20
-71.1749999999999972
 30
0
 11
124.0749999999999886
 21
-71.4249999999999972
 31
0
  0
LINE
  5
7D
330
1A
100
AcDbEntity
  8
BLACK
  6
CONTINUOUS
100
AcDbLine
 10
124.0749999999999886
 20
-71.1749999999999972
 30
0
 11
123.8249999999999886
 21
-71.4249999999999972
 31
0
  0
LINE
  5
7E
330
1A
100
AcDbEntity
  8
BLACK
  6
CONTINUOUS
100
AcDbLine
 10
123.8753999999999991
 20
-99.2250999999999976
 30
0
 11
124.1253999999999991
 21
-99.4750999999999976
 31
0
  0
LINE
  5
7F
330
1A
100
AcDbEntity
  8
BLACK
  6
CONTINUOUS
100
AcDbLine
 10
124.1253999999999991
 20
-99.2250999999999976
 30
0
 11
123.8753999999999991
 21
-99.4750999999999976
 31
0
  0
LINE
  5
80
330
1A
100
AcDbEntity
  8
BLACK
  6
CONTINUOUS
100
AcDbLine
 10
124.0749999999999886
 20
-95.4249999999999972
 30
0
 11
124.3249999999999886
 21
-95.6749999999999972
 31
0
  0
LINE
  5
81
330
1A
100
AcDbEntity
  8
BLACK
  6
CONTINUOUS
100
AcDbLine
 10
124.3249999999999886
 20
-95.4249999999999972
 30
0
 11
124.0749999999999886
 21
-95.6749999999999972
 31
0
  0
LINE
  5
82
330
1A
100
AcDbEntity
  8
BLACK
  6
CONTINUOUS
100
AcDbLine
 10
124.2253999999999934
 20
-95.9750999999999976
 30
0
 11
124.4753999999999934
 21
-96.2250999999999976
 31
0
  0
LINE
  5
83
330
1A
100
AcDbEntity
  8
BLACK
  6
CONTINUOUS
100
AcDbLine
 10
124.4753999999999934
 20
-95.9750999999999976
 30
0
 11
124.2253999999999934
 21
-96.2250999999999976
 31
0
  0
LINE
  5
84
330
1A
100
AcDbEntity
  8
BLACK
  6
CONTINUOUS
100
AcDbLine
 10
124.4764899999999983
 20
-89.3733709999999917
 30
0
 11
124.7264899999999983
 21
-89.6233709999999917
 31
0
  0
LINE
  5
85
330
1A
100
AcDbEntity
  8
BLACK
  6
CONTINUOUS
100
AcDbLine
 10
124.7264899999999983
 20
-89.3733709999999917
 30
0
 11
124.4764899999999983
 21
-89.6233709999999917
 31
0
  0
LINE
  5
86
330
1A
100
AcDbEntity
  8
BLACK
  6
CONTINUOUS
100
AcDbLine
 10
124.6554000000000002
 20
-70.575099999999992
 30
0
 11
124.9054000000000002
 21
-70.825099999999992
 31
0
  0
LINE
  5
87
330
1A
100
AcDbEntity
  8
BLACK
  6
CONTINUOUS
100
AcDbLine
 10
124.9054000000000002
 20
-70.575099999999992
 30
0
 11
124.6554000000000002
 21
-70.825099999999992
 31
0
  0
LINE
  5
88
330
1A
100
AcDbEntity
  8
BLACK
  6
CONTINUOUS
100
AcDbLine
 10
124.6554000000000002
 20
-71.8451000000000022
 30
0
 11
124.9054000000000002
 21
-72.0951000000000022
 31
0
  0
LINE
  5
89
330
1A
100
AcDbEntity
  8
BLACK
  6
CONTINUOUS
100
AcDbLine
 10
124.9054000000000002
 20
-71.8451000000000022
 30
0
 11
124.6554000000000002
 21
-72.0951000000000022
 31
0
  0
LINE
  5
8A
330
1A
100
AcDbEntity
  8
BLACK
  6
CONTINUOUS
100
AcDbLine
 10
124.6554000000000002
 20
-73.1150999999999982
 30
0
 11
124.9054000000000002
 21
-73.3650999999999982
 31
0
  0
LINE
  5
8B
330
1A
100
AcDbEntity
  8
BLACK
  6
CONTINUOUS
100
AcDbLine
 10
124.9054000000000002
 20
-73.1150999999999982
 30
0
 11
124.6554000000000002
 21
-73.3650999999999982
 31
0
  0
LINE
  5
8C
330
1A
100
AcDbEntity
  8
BLACK
  6
CONTINUOUS
100
AcDbLine
 10
124.6554000000000002
 20
-74.3850999999999942
 30
0
 11
124.9054000000000002
 21
-74.6350999999999942
 31
0
  0
LINE
  5
8D
330
1A
100
AcDbEntity
  8
BLACK
  6
CONTINUOUS
100
AcDbLine
 10
124.9054000000000002
 20
-74.3850999999999942
 30
0
 11
124.6554000000000002
 21
-74.6350999999999942
 31
0
  0
LINE
  5
8E
330
1A
100
AcDbEntity
  8
BLACK
  6
CONTINUOUS
100
AcDbLine
 10
124.8753999999999991
 20
-88.4750999999999976
 30
0
 11
125.1253999999999991
 21
-88.7250999999999976
 31
0
  0
LINE
  5
8F
330
1A
100
AcDbEntity
  8
BLACK
  6
CONTINUOUS
100
AcDbLine
 10
125.1253999999999991
 20
-88.4750999999999976
 30
0
 11
124.8753999999999991
 21
-88.7250999999999976
 31
0
  0
LINE
  5
90
330
1A
100
AcDbEntity
  8
BLACK
  6
CONTINUOUS
100
AcDbLine
 10
125.4753999999999934
 20
-90.0000999999999891
 30
0
 11
125.7253999999999934
 21
-90.2500999999999891
 31
0
  0
LINE
  5
91
330
1A
100
AcDbEntity
  8
BLACK
  6
CONTINUOUS
100
AcDbLine
 10
125.7253999999999934
 20
-90.0000999999999891
 30
0
 11
125.4753999999999934
 21
-90.2500999999999891
 31
0
  0
LINE
  5
92
330
1A
100
AcDbEntity
  8
BLACK
  6
CONTINUOUS
100
AcDbLine
 10
126.0498999999999938
 20
-89.1000999999999976
 30
0
 11
126.2998999999999938
 21
-89.3500999999999976
 31
0
  0
LINE
  5
93
330
1A
100
AcDbEntity
  8
BLACK
  6
CONTINUOUS
100
AcDbLine
 10
126.2998999999999938
 20
-89.1000999999999976
 30
0
 11
126.0498999999999938
 21
-89.3500999999999976
 31
0
  0
LINE
  5
94
330
1A
100
AcDbEntity
  8
BLACK
  6
CONTINUOUS
100
AcDbLine
 10
126.4253999999999962
 20
-80.1500999999999948
 30
0
 11
126.6753999999999962
 21
-80.4000999999999948
 31
0
  0
LINE
  5
95
330
1A
100
AcDbEntity
  8
BLACK
  6
CONTINUOUS
100
AcDbLine
 10
126.6753999999999962
 20
-80.1500999999999948
 30
0
 11
126.4253999999999962
 21
-80.4000999999999948
 31
0
  0
LINE
  5
96
330
1A
100
AcDbEntity
  8
BLACK
  6
CONTINUOUS
100
AcDbLine
 10
126.4253999999999962
 20
-80.700099999999992
 30
0
 11
126.6753999999999962
 21
-80.950099999999992
 31
0
  0
LINE
  5
97
330
1A
100
AcDbEntity
  8
BLACK
  6
CONTINUOUS
100
AcDbLine
 10
126.6753999999999962
 20
-80.700099999999992
 30
0
 11
126.4253999999999962
 21
-80.950099999999992
 31
0
  0
LINE
  5
98
330
1A
100
AcDbEntity
  8
BLACK
  6
CONTINUOUS
100
AcDbLine
 10
126.4253999999999962
 20
-81.2501000000000033
 30
0
 11
126.6753999999999962
 21
-81.5001000000000033
 31
0
  0
LINE
  5
99
330
1A
100
AcDbEntity
  8
BLACK
  6
CONTINUOUS
100
AcDbLine
 10
126.6753999999999962
 20
-81.2501000000000033
 30
0
 11
126.4253999999999962
 21
-81.5001000000000033
 31
0
  0
LINE
  5
9A
330
1A
100
AcDbEntity
  8
BLACK
  6
CONTINUOUS
100
AcDbLine
 10
126.4253999999999962
 20
-81.8001000000000005
 30
0
 11
126.6753999999999962
 21
-82.0501000000000005
 31
0
  0
LINE
  5
9B
330
1A
100
AcDbEntity
  8
BLACK
  6
CONTINUOUS
100
AcDbLine
 10
126.6753999999999962
 20
-81.8001000000000005
 30
0
 11
126.4253999999999962
 21
-82.0501000000000005
 31
0
  0
LINE
  5
9C
330
1A
100
AcDbEntity
  8
BLACK
  6
CONTINUOUS
100
AcDbLine
 10
126.4253999999999962
 20
-82.3500999999999976
 30
0
 11
126.6753999999999962
 21
-82.6000999999999976
 31
0
  0
LINE
  5
9D
330
1A
100
AcDbEntity
  8
BLACK
  6
CONTINUOUS
100
AcDbLine
 10
126.6753999999999962
 20
-82.3500999999999976
 30
0
 11
126.4253999999999962
 21
-82.6000999999999976
 31
0
  0
LINE
  5
9E
330
1A
100
AcDbEntity
  8
BLACK
  6
CONTINUOUS
100
AcDbLine
 10
126.4253999999999962
 20
-82.9000999999999948
 30
0
 11
126.6753999999999962
 21
-83.1500999999999948
 31
0
  0
LINE
  5
9F
330
1A
100
AcDbEntity
  8
BLACK
  6
CONTINUOUS
100
AcDbLine
 10
126.6753999999999962
 20
-82.9000999999999948
 30
0
 11
126.4253999999999962
 21
-83.1500999999999948
 31
0
  0
LINE
  5
A0
330
1A
100
AcDbEntity
  8
BLACK
  6
CONTINUOUS
100
AcDbLine
 10
126.4253999999999962
 20
-83.450099999999992
 30
0
 11
126.6753999999999962
 21
-83.700099999999992
 31
0
  0
LINE
  5
A1
330
1A
100
AcDbEntity
  8
BLACK
  6
CONTINUOUS
100
AcDbLine
 10
126.6753999999999962
 20
-83.450099999999992
 30
0
 11
126.4253999999999962
 21
-83.700099999999992
 31
0
  0
LINE
  5
A2
330
1A
100
AcDbEntity
  8
BLACK
  6
CONTINUOUS
100
AcDbLine
 10
126.4253999999999962
 20
-84.0000999999999891
 30
0
 11
126.6753999999999962
 21
-84.2500999999999891
 31
0
  0
LINE
  5
A3
330
1A
100
AcDbEntity
  8
BLACK
  6
CONTINUOUS
100
AcDbLine
 10
126.6753999999999962
 20
-84.0000999999999891
 30
0
 11
126.4253999999999962
 21
-84.2500999999999891
 31
0
  0
LINE
  5
A4
330
1A
100
AcDbEntity
  8
BLACK
  6
CONTINUOUS
100
AcDbLine
 10
126.4253999999999962
 20
-84.5501000000000005
 30
0
 11
126.6753999999999962
 21
-84.8001000000000005
 31
0
  0
LINE
  5
A5
330
1A
100
AcDbEntity
  8
BLACK
  6
CONTINUOUS
100
AcDbLine
 10
126.6753999999999962
 20
-84.5501000000000005
 30
0
 11
126.4253999999999962
 21
-84.8001000000000005
 31
0
  0
LINE
  5
A6
330
1A
100
AcDbEntity
  8
BLACK
  6
CONTINUOUS
100
AcDbLine
 10
126.4253999999999962
 20
-85.1000999999999976
 30
0
 11
126.6753999999999962
 21
-85.3500999999999976
 31
0
  0
LINE
  5
A7
330
1A
100
AcDbEntity
  8
BLACK
  6
CONTINUOUS
100
AcDbLine
 10
126.6753999999999962
 20
-85.1000999999999976
 30
0
 11
126.4253999999999962
 21
-85.3500999999999976
 31
0
  0
LINE
  5
A8
330
1A
100
AcDbEntity
  8
BLACK
  6
CONTINUOUS
100
AcDbLine
 10
126.4253999999999962
 20
-85.6500999999999948
 30
0
 11
126.6753999999999962
 21
-85.9000999999999948
 31
0
  0
LINE
  5
A9
330
1A
100
AcDbEntity
  8
BLACK
  6
CONTINUOUS
100
AcDbLine
 10
126.6753999999999962
 20
-85.6500999999999948
 30
0
 11
126.4253999999999962
 21
-85.9000999999999948
 31
0
  0
LINE
  5
AA
330
1A
100
AcDbEntity
  8
BLACK
  6
CONTINUOUS
100
AcDbLine
 10
126.6053999999999888
 20
-89.6350999999999942
 30
0
 11
126.8553999999999888
 21
-89.8850999999999942
 31
0
  0
LINE
  5
AB
330
1A
100
AcDbEntity
  8
BLACK
  6
CONTINUOUS
100
AcDbLine
 10
126.8553999999999888
 20
-89.6350999999999942
 30
0
 11
126.6053999999999888
 21
-89.8850999999999942
 31
0
  0
LINE
  5
AC
330
1A
100
AcDbEntity
  8
BLACK
  6
CONTINUOUS
100
AcDbLine
 10
126.6849999999999881
 20
-78.4849999999999994
 30
0
 11
126.9349999999999881
 21
-78.7349999999999994
 31
0
  0
LINE
  5
AD
330
1A
100
AcDbEntity
  8
BLACK
  6
CONTINUOUS
100
AcDbLine
 10
126.9349999999999881
 20
-78.4849999999999994
 30
0
 11
126.6849999999999881
 21
-78.7349999999999994
 31
0
  0
LINE
  5
AE
330
1A
100
AcDbEntity
  8
BLACK
  6
CONTINUOUS
100
AcDbLine
 10
126.7149999999999892
 20
-77.5949999999999989
 30
0
 11
126.9649999999999892
 21
-77.8449999999999989
 31
0
  0
LINE
  5
AF
330
1A
100
AcDbEntity
  8
BLACK
  6
CONTINUOUS
100
AcDbLine
 10
126.9649999999999892
 20
-77.5949999999999989
 30
0
 11
126.7149999999999892
 21
-77.8449999999999989
 31
0
  0
LINE
  5
B0
330
1A
100
AcDbEntity
  8
BLACK
  6
CONTINUOUS
100
AcDbLine
 10
127.1749999999999972
 20
-66.9749999999999943
 30
0
 11
127.4249999999999972
 21
-67.2249999999999943
 31
0
  0
LINE
  5
B1
330
1A
100
AcDbEntity
  8
BLACK
  6
CONTINUOUS
100
AcDbLine
 10
127.4249999999999972
 20
-66.9749999999999943
 30
0
 11
127.1749999999999972
 21
-67.2249999999999943
 31
0
  0
LINE
  5
B2
330
1A
100
AcDbEntity
  8
BLACK
  6
CONTINUOUS
100
AcDbLine
 10
127.1753999999999962
 20
-93.575099999999992
 30
0
 11
127.4253999999999962
 21
-93.825099999999992
 31
0
  0
LINE
  5
B3
330
1A
100
AcDbEntity
  8
BLACK
  6
CONTINUOUS
100
AcDbLine
 10
127.4253999999999962
 20
-93.575099999999992
 30
0
 11
127.1753999999999962
 21
-93.825099999999992
 31
0
  0
LINE
  5
B4
330
1A
100
AcDbEntity
  8
BLACK
  6
CONTINUOUS
100
AcDbLine
 10
127.875
 20
-66.9749999999999943
 30
0
 11
128.125
 21
-67.2249999999999943
 31
0
  0
LINE
  5
B5
330
1A
100
AcDbEntity
  8
BLACK
  6
CONTINUOUS
100
AcDbLine
 10
128.125
 20
-66.9749999999999943
 30
0
 11
127.875
 21
-67.2249999999999943
 31
0
  0
LINE
  5
B6
330
1A
100
AcDbEntity
  8
BLACK
  6
CONTINUOUS
100
AcDbLine
 10
127.8753999999999991
 20
-87.075099999999992
 30
0
 11
128.1253999999999849
 21
-87.325099999999992
 31
0
  0
LINE
  5
B7
330
1A
100
AcDbEntity
  8
BLACK
  6
CONTINUOUS
100
AcDbLine
 10
128.1253999999999849
 20
-87.075099999999992
 30
0
 11
127.8753999999999991
 21
-87.325099999999992
 31
0
  0
LINE
  5
B8
330
1A
100
AcDbEntity
  8
BLACK
  6
CONTINUOUS
100
AcDbLine
 10
128.0503999999999962
 20
-99.7750999999999948
 30
0
 11
128.3003999999999962
 21
-100.0250999999999948
 31
0
  0
LINE
  5
B9
330
1A
100
AcDbEntity
  8
BLACK
  6
CONTINUOUS
100
AcDbLine
 10
128.3003999999999962
 20
-99.7750999999999948
 30
0
 11
128.0503999999999962
 21
-100.0250999999999948
 31
0
  0
LINE
  5
BA
330
1A
100
AcDbEntity
  8
BLACK
  6
CONTINUOUS
100
AcDbLine
 10
128.0864219999999989
 20
-93.3345709999999968
 30
0
 11
128.3364219999999989
 21
-93.5845709999999968
 31
0
  0
LINE
  5
BB
330
1A
100
AcDbEntity
  8
BLACK
  6
CONTINUOUS
100
AcDbLine
 10
128.3364219999999989
 20
-93.3345709999999968
 30
0
 11
128.0864219999999989
 21
-93.5845709999999968
 31
0
  0
LINE
  5
BC
330
1A
100
AcDbEntity
  8
BLACK
  6
CONTINUOUS
100
AcDbLine
 10
128.2053999999999974
 20
-92.6550999999999902
 30
0
 11
128.4553999999999974
 21
-92.9050999999999902
 31
0
  0
LINE
  5
BD
330
1A
100
AcDbEntity
  8
BLACK
  6
CONTINUOUS
100
AcDbLine
 10
128.4553999999999974
 20
-92.6550999999999902
 30
0
 11
128.2053999999999974
 21
-92.9050999999999902
 31
0
  0
LINE
  5
BE
330
1A
100
AcDbEntity
  8
BLACK
  6
CONTINUOUS
100
AcDbLine
 10
128.3254000000000019
 20
-103.4251000000000005
 30
0
 11
128.5754000000000019
 21
-103.6751000000000005
 31
0
  0
LINE
  5
BF
330
1A
100
AcDbEntity
  8
BLACK
  6
CONTINUOUS
100
AcDbLine
 10
128.5754000000000019
 20
-103.4251000000000005
 30
0
 11
128.3254000000000019
 21
-103.6751000000000005
 31
0
  0
LINE
  5
C0
330
1A
100
AcDbEntity
  8
BLACK
  6
CONTINUOUS
100
AcDbLine
 10
128.5553999999999917
 20
-89.5050999999999988
 30
0
 11
128.8053999999999917
 21
-89.7550999999999988
 31
0
  0
LINE
  5
C1
330
1A
100
AcDbEntity
  8
BLACK
  6
CONTINUOUS
100
AcDbLine
 10
128.8053999999999917
 20
-89.5050999999999988
 30
0
 11
128.5553999999999917
 21
-89.7550999999999988
 31
0
  0
LINE
  5
C2
330
1A
100
AcDbEntity
  8
BLACK
  6
CONTINUOUS
100
AcDbLine
 10
128.5749999999999886
 20
-66.9749999999999943
 30
0
 11
128.8249999999999886
 21
-67.2249999999999943
 31
0
  0
LINE
  5
C3
330
1A
100
AcDbEntity
  8
BLACK
  6
CONTINUOUS
100
AcDbLine
 10
128.8249999999999886
 20
-66.9749999999999943
 30
0
 11
128.5749999999999886
 21
-67.2249999999999943
 31
0
  0
LINE
  5
C4
330
1A
100
AcDbEntity
  8
BLACK
  6
CONTINUOUS
100
AcDbLine
 10
128.905399999999986
 20
-103.9650999999999925
 30
0
 11
129.155399999999986
 21
-104.2150999999999925
 31
0
  0
LINE
  5
C5
330
1A
100
AcDbEntity
  8
BLACK
  6
CONTINUOUS
100
AcDbLine
 10
129.155399999999986
 20
-103.9650999999999925
 30
0
 11
128.905399999999986
 21
-104.2150999999999925
 31
0
  0
LINE
  5
C6
330
1A
100
AcDbEntity
  8
BLACK
  6
CONTINUOUS
100
AcDbLine
 10
129.1253999999999849
 20
-102.6250999999999891
 30
0
 11
129.3753999999999849
 21
-102.8750999999999891
 31
0
  0
LINE
  5
C7
330
1A
100
AcDbEntity
  8
BLACK
  6
CONTINUOUS
100
AcDbLine
 10
129.3753999999999849
 20
-102.6250999999999891
 30
0
 11
129.1253999999999849
 21
-102.8750999999999891
 31
0
  0
LINE
  5
C8
330
1A
100
AcDbEntity
  8
BLACK
  6
CONTINUOUS
100
AcDbLine
 10
129.2750000000000057
 20
-66.9749999999999943
 30
0
 11
129.5250000000000057
 21
-67.2249999999999943
 31
0
  0
LINE
  5
C9
330
1A
100
AcDbEntity
  8
BLACK
  6
CONTINUOUS
100
AcDbLine
 10
129.5250000000000057
 20
-66.9749999999999943
 30
0
 11
129.2750000000000057
 21
-67.2249999999999943
 31
0
  0
LINE
  5
CA
330
1A
100
AcDbEntity
  8
BLACK
  6
CONTINUOUS
100
AcDbLine
 10
129.3030819999999892
 20
-103.564154000000002
 30
0
 11
129.5530819999999892
 21
-103.814154000000002
 31
0
  0
LINE
  5
CB
330
1A
100
AcDbEntity
  8
BLACK
  6
CONTINUOUS
100
AcDbLine
 10
129.5530819999999892
 20
-103.564154000000002
 30
0
 11
129.3030819999999892
 21
-103.814154000000002
 31
0
  0
LINE
  5
CC
330
1A
100
AcDbEntity
  8
BLACK
  6
CONTINUOUS
100
AcDbLine
 10
129.4099999999999966
 20
-84.3100009999999997
 30
0
 11
129.6599999999999966
 21
-84.5600009999999997
 31
0
  0
LINE
  5
CD
330
1A
100
AcDbEntity
  8
BLACK
  6
CONTINUOUS
100
AcDbLine
 10
129.6599999999999966
 20
-84.3100009999999997
 30
0
 11
129.4099999999999966
 21
-84.5600009999999997
 31
0
  0
LINE
  5
CE
330
1A
100
AcDbEntity
  8
BLACK
  6
CONTINUOUS
100
AcDbLine
 10
129.6253999999999849
 20
-86.575099999999992
 30
0
 11
129.8753999999999849
 21
-86.825099999999992
 31
0
  0
LINE
  5
CF
330
1A
100
AcDbEntity
  8
BLACK
  6
CONTINUOUS
100
AcDbLine
 10
129.8753999999999849
 20
-86.575099999999992
 30
0
 11
129.6253999999999849
 21
-86.825099999999992
 31
0
  0
LINE
  5
D0
330
1A
100
AcDbEntity
  8
BLACK
  6
CONTINUOUS
100
AcDbLine
 10
129.6253999999999849
 20
-87.1250999999999891
 30
0
 11
129.8753999999999849
 21
-87.3750999999999891
 31
0
  0
LINE
  5
D1
330
1A
100
AcDbEntity
  8
BLACK
  6
CONTINUOUS
100
AcDbLine
 10
129.8753999999999849
 20
-87.1250999999999891
 30
0
 11
129.6253999999999849
 21
-87.3750999999999891
 31
0
  0
LINE
  5
D2
330
1A
100
AcDbEntity
  8
BLACK
  6
CONTINUOUS
100
AcDbLine
 10
129.6253999999999849
 20
-87.6751000000000005
 30
0
 11
129.8753999999999849
 21
-87.9251000000000005
 31
0
  0
LINE
  5
D3
330
1A
100
AcDbEntity
  8
BLACK
  6
CONTINUOUS
100
AcDbLine
 10
129.8753999999999849
 20
-87.6751000000000005
 30
0
 11
129.6253999999999849
 21
-87.9251000000000005
 31
0
  0
LINE
  5
D4
330
1A
100
AcDbEntity
  8
BLACK
  6
CONTINUOUS
100
AcDbLine
 10
129.6253999999999849
 20
-88.2250999999999976
 30
0
 11
129.8753999999999849
 21
-88.4750999999999976
 31
0
  0
LINE
  5
D5
330
1A
100
AcDbEntity
  8
BLACK
  6
CONTINUOUS
100
AcDbLine
 10
129.8753999999999849
 20
-88.2250999999999976
 30
0
 11
129.6253999999999849
 21
-88.4750999999999976
 31
0
  0
LINE
  5
D6
330
1A
100
AcDbEntity
  8
BLACK
  6
CONTINUOUS
100
AcDbLine
 10
129.6253999999999849
 20
-88.7750999999999948
 30
0
 11
129.8753999999999849
 21
-89.0250999999999948
 31
0
  0
LINE
  5
D7
330
1A
100
AcDbEntity
  8
BLACK
  6
CONTINUOUS
100
AcDbLine
 10
129.8753999999999849
 20
-88.7750999999999948
 30
0
 11
129.6253999999999849
 21
-89.0250999999999948
 31
0
  0
LINE
  5
D8
330
1A
100
AcDbEntity
  8
BLACK
  6
CONTINUOUS
100
AcDbLine
 10
129.6253999999999849
 20
-89.325099999999992
 30
0
 11
129.8753999999999849
 21
-89.575099999999992
 31
0
  0
LINE
  5
D9
330
1A
100
AcDbEntity
  8
BLACK
  6
CONTINUOUS
100
AcDbLine
 10
129.8753999999999849
 20
-89.325099999999992
 30
0
 11
129.6253999999999849
 21
-89.575099999999992
 31
0
  0
LINE
  5
DA
330
1A
100
AcDbEntity
  8
BLACK
  6
CONTINUOUS
100
AcDbLine
 10
129.6684419999999989
 20
-95.1355159999999955
 30
0
 11
129.9184419999999989
 21
-95.3855159999999955
 31
0
  0
LINE
  5
DB
330
1A
100
AcDbEntity
  8
BLACK
  6
CONTINUOUS
100
AcDbLine
 10
129.9184419999999989
 20
-95.1355159999999955
 30
0
 11
129.6684419999999989
 21
-95.3855159999999955
 31
0
  0
LINE
  5
DC
330
1A
100
AcDbEntity
  8
BLACK
  6
CONTINUOUS
100
AcDbLine
 10
129.7053999999999974
 20
-103.1650999999999954
 30
0
 11
129.9553999999999974
 21
-103.4150999999999954
 31
0
  0
LINE
  5
DD
330
1A
100
AcDbEntity
  8
BLACK
  6
CONTINUOUS
100
AcDbLine
 10
129.9553999999999974
 20
-103.1650999999999954
 30
0
 11
129.7053999999999974
 21
-103.4150999999999954
 31
0
  0
LINE
  5
DE
330
1A
100
AcDbEntity
  8
BLACK
  6
CONTINUOUS
100
AcDbLine
 10
129.7353999999999985
 20
-108.6751000000000005
 30
0
 11
129.9853999999999985
 21
-108.9251000000000005
 31
0
  0
LINE
  5
DF
330
1A
100
AcDbEntity
  8
BLACK
  6
CONTINUOUS
100
AcDbLine
 10
129.9853999999999985
 20
-108.6751000000000005
 30
0
 11
129.7353999999999985
 21
-108.9251000000000005
 31
0
  0
LINE
  5
E0
330
1A
100
AcDbEntity
  8
BLACK
  6
CONTINUOUS
100
AcDbLine
 10
130.0863729999999805
 20
-98.3004779999999982
 30
0
 11
130.3363729999999805
 21
-98.5504779999999982
 31
0
  0
LINE
  5
E1
330
1A
100
AcDbEntity
  8
BLACK
  6
CONTINUOUS
100
AcDbLine
 10
130.3363729999999805
 20
-98.3004779999999982
 30
0
 11
130.0863729999999805
 21
-98.5504779999999982
 31
0
  0
LINE
  5
E2
330
1A
100
AcDbEntity
  8
BLACK
  6
CONTINUOUS
100
AcDbLine
 10
130.1004000000000076
 20
-86.3001000000000005
 30
0
 11
130.3504000000000076
 21
-86.5501000000000005
 31
0
  0
LINE
  5
E3
330
1A
100
AcDbEntity
  8
BLACK
  6
CONTINUOUS
100
AcDbLine
 10
130.3504000000000076
 20
-86.3001000000000005
 30
0
 11
130.1004000000000076
 21
-86.5501000000000005
 31
0
  0
LINE
  5
E4
330
1A
100
AcDbEntity
  8
BLACK
  6
CONTINUOUS
100
AcDbLine
 10
130.1004000000000076
 20
-86.8500999999999976
 30
0
 11
130.3504000000000076
 21
-87.1000999999999976
 31
0
  0
LINE
  5
E5
330
1A
100
AcDbEntity
  8
BLACK
  6
CONTINUOUS
100
AcDbLine
 10
130.3504000000000076
 20
-86.8500999999999976
 30
0
 11
130.1004000000000076
 21
-87.1000999999999976
 31
0
  0
LINE
  5
E6
330
1A
100
AcDbEntity
  8
BLACK
  6
CONTINUOUS
100
AcDbLine
 10
130.1004000000000076
 20
-87.4000999999999948
 30
0
 11
130.3504000000000076
 21
-87.6500999999999948
 31
0
  0
LINE
  5
E7
330
1A
100
AcDbEntity
  8
BLACK
  6
CONTINUOUS
100
AcDbLine
 10
130.3504000000000076
 20
-87.4000999999999948
 30
0
 11
130.1004000000000076
 21
-87.6500999999999948
 31
0
  0
LINE
  5
E8
330
1A
100
AcDbEntity
  8
BLACK
  6
CONTINUOUS
100
AcDbLine
 10
130.1004000000000076
 20
-87.950099999999992
 30
0
 11
130.3504000000000076
 21
-88.200099999999992
 31
0
  0
LINE
  5
E9
330
1A
100
AcDbEntity
  8
BLACK
  6
CONTINUOUS
100
AcDbLine
 10
130.3504000000000076
 20
-87.950099999999992
 30
0
 11
130.1004000000000076
 21
-88.200099999999992
 31
0
  0
LINE
  5
EA
330
1A
100
AcDbEntity
  8
BLACK
  6
CONTINUOUS
100
AcDbLine
 10
130.1004000000000076
 20
-88.5000999999999891
 30
0
 11
130.3504000000000076
 21
-88.7500999999999891
 31
0
  0
LINE
  5
EB
330
1A
100
AcDbEntity
  8
BLACK
  6
CONTINUOUS
100
AcDbLine
 10
130.3504000000000076
 20
-88.5000999999999891
 30
0
 11
130.1004000000000076
 21
-88.7500999999999891
 31
0
  0
LINE
  5
EC
330
1A
100
AcDbEntity
  8
BLACK
  6
CONTINUOUS
100
AcDbLine
 10
130.1004000000000076
 20
-89.0501000000000005
 30
0
 11
130.3504000000000076
 21
-89.3001000000000005
 31
0
  0
LINE
  5
ED
330
1A
100
AcDbEntity
  8
BLACK
  6
CONTINUOUS
100
AcDbLine
 10
130.3504000000000076
 20
-89.0501000000000005
 30
0
 11
130.1004000000000076
 21
-89.3001000000000005
 31
0
  0
LINE
  5
EE
330
1A
100
AcDbEntity
  8
BLACK
  6
CONTINUOUS
100
AcDbLine
 10
130.1004000000000076
 20
-89.6000999999999976
 30
0
 11
130.3504000000000076
 21
-89.8500999999999976
 31
0
  0
LINE
  5
EF
330
1A
100
AcDbEntity
  8
BLACK
  6
CONTINUOUS
100
AcDbLine
 10
130.3504000000000076
 20
-89.6000999999999976
 30
0
 11
130.1004000000000076
 21
-89.8500999999999976
 31
0
  0
LINE
  5
F0
330
1A
100
AcDbEntity
  8
BLACK
  6
CONTINUOUS
100
AcDbLine
 10
130.365399999999994
 20
-101.315100000000001
 30
0
 11
130.615399999999994
 21
-101.565100000000001
 31
0
  0
LINE
  5
F1
330
1A
100
AcDbEntity
  8
BLACK
  6
CONTINUOUS
100
AcDbLine
 10
130.615399999999994
 20
-101.315100000000001
 30
0
 11
130.365399999999994
 21
-101.565100000000001
 31
0
  0
LINE
  5
F2
330
1A
100
AcDbEntity
  8
BLACK
  6
CONTINUOUS
100
AcDbLine
 10
130.5753990000000044
 20
-88.2250999999999976
 30
0
 11
130.8253990000000044
 21
-88.4750999999999976
 31
0
  0
LINE
  5
F3
330
1A
100
AcDbEntity
  8
BLACK
  6
CONTINUOUS
100
AcDbLine
 10
130.8253990000000044
 20
-88.2250999999999976
 30
0
 11
130.5753990000000044
 21
-88.4750999999999976
 31
0
  0
LINE
  5
F4
330
1A
100
AcDbEntity
  8
BLACK
  6
CONTINUOUS
100
AcDbLine
 10
130.5754000000000019
 20
-86.575099999999992
 30
0
 11
130.8254000000000019
 21
-86.825099999999992
 31
0
  0
LINE
  5
F5
330
1A
100
AcDbEntity
  8
BLACK
  6
CONTINUOUS
100
AcDbLine
 10
130.8254000000000019
 20
-86.575099999999992
 30
0
 11
130.5754000000000019
 21
-86.825099999999992
 31
0
  0
LINE
  5
F6
330
1A
100
AcDbEntity
  8
BLACK
  6
CONTINUOUS
100
AcDbLine
 10
130.5754000000000019
 20
-87.1250999999999891
 30
0
 11
130.8254000000000019
 21
-87.3750999999999891
 31
0
  0
LINE
  5
F7
330
1A
100
AcDbEntity
  8
BLACK
  6
CONTINUOUS
100
AcDbLine
 10
130.8254000000000019
 20
-87.1250999999999891
 30
0
 11
130.5754000000000019
 21
-87.3750999999999891
 31
0
  0
LINE
  5
F8
330
1A
100
AcDbEntity
  8
BLACK
  6
CONTINUOUS
100
AcDbLine
 10
130.5754000000000019
 20
-87.6751000000000005
 30
0
 11
130.8254000000000019
 21
-87.9251000000000005
 31
0
  0
LINE
  5
F9
330
1A
100
AcDbEntity
  8
BLACK
  6
CONTINUOUS
100
AcDbLine
 10
130.8254000000000019
 20
-87.6751000000000005
 30
0
 11
130.5754000000000019
 21
-87.9251000000000005
 31
0
  0
LINE
  5
FA
330
1A
100
AcDbEntity
  8
BLACK
  6
CONTINUOUS
100
AcDbLine
 10
130.5754000000000019
 20
-88.7750999999999948
 30
0
 11
130.8254000000000019
 21
-89.0250999999999948
 31
0
  0
LINE
  5
FB
330
1A
100
AcDbEntity
  8
BLACK
  6
CONTINUOUS
100
AcDbLine
 10
130.8254000000000019
 20
-88.7750999999999948
 30
0
 11
130.5754000000000019
 21
-89.0250999999999948
 31
0
  0
LINE
  5
FC
330
1A
100
AcDbEntity
  8
BLACK
  6
CONTINUOUS
100
AcDbLine
 10
130.5754000000000019
 20
-89.325099999999992
 30
0
 11
130.8254000000000019
 21
-89.575099999999992
 31
0
  0
LINE
  5
FD
330
1A
100
AcDbEntity
  8
BLACK
  6
CONTINUOUS
100
AcDbLine
 10
130.8254000000000019
 20
-89.325099999999992
 30
0
 11
130.5754000000000019
 21
-89.575099999999992
 31
0
  0
LINE
  5
FE
330
1A
100
AcDbEntity
  8
BLACK
  6
CONTINUOUS
100
AcDbLine
 10
130.8100000000000023
 20
-83.9399999999999977
 30
0
 11
131.0600000000000023
 21
-84.1899999999999977
 31
0
  0
LINE
  5
FF
330
1A
100
AcDbEntity
  8
BLACK
  6
CONTINUOUS
100
AcDbLine
 10
131.0600000000000023
 20
-83.9399999999999977
 30
0
 11
130.8100000000000023
 21
-84.1899999999999977
 31
0
  0
LINE
  5
100
330
1A
100
AcDbEntity
  8
BLACK
  6
CONTINUOUS
100
AcDbLine
 10
130.8100000000000023
 20
-84.6899999999999977
 30
0
 11
131.0600000000000023
 21
-84.9399999999999977
 31
0
  0
LINE
  5
101
330
1A
100
AcDbEntity
  8
BLACK
  6
CONTINUOUS
100
AcDbLine
 10
131.0600000000000023
 20
-84.6899999999999977
 30
0
 11
130.8100000000000023
 21
-84.9399999999999977
 31
0
  0
LINE
  5
102
330
1A
100
AcDbEntity
  8
BLACK
  6
CONTINUOUS
100
AcDbLine
 10
130.855400000000003
 20
-90.815100000000001
 30
0
 11
131.105400000000003
 21
-91.065100000000001
 31
0
  0
LINE
  5
103
330
1A
100
AcDbEntity
  8
BLACK
  6
CONTINUOUS
100
AcDbLine
 10
131.105400000000003
 20
-90.815100000000001
 30
0
 11
130.855400000000003
 21
-91.065100000000001
 31
0
  0
LINE
  5
104
330
1A
100
AcDbEntity
  8
BLACK
  6
CONTINUOUS
100
AcDbLine
 10
130.8953999999999951
 20
-100.5951000000000022
 30
0
 11
131.1453999999999951
 21
-100.8451000000000022
 31
0
  0
LINE
  5
105
330
1A
100
AcDbEntity
  8
BLACK
  6
CONTINUOUS
100
AcDbLine
 10
131.1453999999999951
 20
-100.5951000000000022
 30
0
 11
130.8953999999999951
 21
-100.8451000000000022
 31
0
  0
LINE
  5
106
330
1A
100
AcDbEntity
  8
BLACK
  6
CONTINUOUS
100
AcDbLine
 10
131.0053999999999803
 20
-108.6751000000000005
 30
0
 11
131.2553999999999803
 21
-108.9251000000000005
 31
0
  0
LINE
  5
107
330
1A
100
AcDbEntity
  8
BLACK
  6
CONTINUOUS
100
AcDbLine
 10
131.2553999999999803
 20
-108.6751000000000005
 30
0
 11
131.0053999999999803
 21
-108.9251000000000005
 31
0
  0
LINE
  5
108
330
1A
100
AcDbEntity
  8
BLACK
  6
CONTINUOUS
100
AcDbLine
 10
131.0053999999999803
 20
-109.9450999999999965
 30
0
 11
131.2553999999999803
 21
-110.1950999999999965
 31
0
  0
LINE
  5
109
330
1A
100
AcDbEntity
  8
BLACK
  6
CONTINUOUS
100
AcDbLine
 10
131.2553999999999803
 20
-109.9450999999999965
 30
0
 11
131.0053999999999803
 21
-110.1950999999999965
 31
0
  0
LINE
  5
10A
330
1A
100
AcDbEntity
  8
BLACK
  6
CONTINUOUS
100
AcDbLine
 10
131.0503999999999962
 20
-86.3001000000000005
 30
0
 11
131.3003999999999962
 21
-86.5501000000000005
 31
0
  0
LINE
  5
10B
330
1A
100
AcDbEntity
  8
BLACK
  6
CONTINUOUS
100
AcDbLine
 10
131.3003999999999962
 20
-86.3001000000000005
 30
0
 11
131.0503999999999962
 21
-86.5501000000000005
 31
0
  0
LINE
  5
10C
330
1A
100
AcDbEntity
  8
BLACK
  6
CONTINUOUS
100
AcDbLine
 10
131.0503999999999962
 20
-86.8500999999999976
 30
0
 11
131.3003999999999962
 21
-87.1000999999999976
 31
0
  0
LINE
  5
10D
330
1A
100
AcDbEntity
  8
BLACK
  6
CONTINUOUS
100
AcDbLine
 10
131.3003999999999962
 20
-86.8500999999999976
 30
0
 11
131.0503999999999962
 21
-87.1000999999999976
 31
0
  0
LINE
  5
10E
330
1A
100
AcDbEntity
  8
BLACK
  6
CONTINUOUS
100
AcDbLine
 10
131.0503999999999962
 20
-87.4000999999999948
 30
0
 11
131.3003999999999962
 21
-87.6500999999999948
 31
0
  0
LINE
  5
10F
330
1A
100
AcDbEntity
  8
BLACK
  6
CONTINUOUS
100
AcDbLine
 10
131.3003999999999962
 20
-87.4000999999999948
 30
0
 11
131.0503999999999962
 21
-87.6500999999999948
 31
0
  0
LINE
  5
110
330
1A
100
AcDbEntity
  8
BLACK
  6
CONTINUOUS
100
AcDbLine
 10
131.0503999999999962
 20
-87.950099999999992
 30
0
 11
131.3003999999999962
 21
-88.200099999999992
 31
0
  0
LINE
  5
111
330
1A
100
AcDbEntity
  8
BLACK
  6
CONTINUOUS
100
AcDbLine
 10
131.3003999999999962
 20
-87.950099999999992
 30
0
 11
131.0503999999999962
 21
-88.200099999999992
 31
0
  0
LINE
  5
112
330
1A
100
AcDbEntity
  8
BLACK
  6
CONTINUOUS
100
AcDbLine
 10
131.0503999999999962
 20
-88.5000999999999891
 30
0
 11
131.3003999999999962
 21
-88.7500999999999891
 31
0
  0
LINE
  5
113
330
1A
100
AcDbEntity
  8
BLACK
  6
CONTINUOUS
100
AcDbLine
 10
131.3003999999999962
 20
-88.5000999999999891
 30
0
 11
131.0503999999999962
 21
-88.7500999999999891
 31
0
  0
LINE
  5
114
330
1A
100
AcDbEntity
  8
BLACK
  6
CONTINUOUS
100
AcDbLine
 10
131.0503999999999962
 20
-89.0501000000000005
 30
0
 11
131.3003999999999962
 21
-89.3001000000000005
 31
0
  0
LINE
  5
115
330
1A
100
AcDbEntity
  8
BLACK
  6
CONTINUOUS
100
AcDbLine
 10
131.3003999999999962
 20
-89.0501000000000005
 30
0
 11
131.0503999999999962
 21
-89.3001000000000005
 31
0
  0
LINE
  5
116
330
1A
100
AcDbEntity
  8
BLACK
  6
CONTINUOUS
100
AcDbLine
 10
131.0503999999999962
 20
-89.6000999999999976
 30
0
 11
131.3003999999999962
 21
-89.8500999999999976
 31
0
  0
LINE
  5
117
330
1A
100
AcDbEntity
  8
BLACK
  6
CONTINUOUS
100
AcDbLine
 10
131.3003999999999962
 20
-89.6000999999999976
 30
0
 11
131.0503999999999962
 21
-89.8500999999999976
 31
0
  0
LINE
  5
118
330
1A
100
AcDbEntity
  8
BLACK
  6
CONTINUOUS
100
AcDbLine
 10
131.0550000000000068
 20
-85.7449999999999903
 30
0
 11
131.3050000000000068
 21
-85.9949999999999903
 31
0
  0
LINE
  5
119
330
1A
100
AcDbEntity
  8
BLACK
  6
CONTINUOUS
100
AcDbLine
 10
131.3050000000000068
 20
-85.7449999999999903
 30
0
 11
131.0550000000000068
 21
-85.9949999999999903
 31
0
  0
LINE
  5
11A
330
1A
100
AcDbEntity
  8
BLACK
  6
CONTINUOUS
100
AcDbLine
 10
131.1753999999999962
 20
-98.8950999999999993
 30
0
 11
131.4253999999999962
 21
-99.1450999999999993
 31
0
  0
LINE
  5
11B
330
1A
100
AcDbEntity
  8
BLACK
  6
CONTINUOUS
100
AcDbLine
 10
131.4253999999999962
 20
-98.8950999999999993
 30
0
 11
131.1753999999999962
 21
-99.1450999999999993
 31
0
  0
LINE
  5
11C
330
1A
100
AcDbEntity
  8
BLACK
  6
CONTINUOUS
100
AcDbLine
 10
131.5053999999999803
 20
-101.2051000000000016
 30
0
 11
131.7553999999999803
 21
-101.4551000000000016
 31
0
  0
LINE
  5
11D
330
1A
100
AcDbEntity
  8
BLACK
  6
CONTINUOUS
100
AcDbLine
 10
131.7553999999999803
 20
-101.2051000000000016
 30
0
 11
131.5053999999999803
 21
-101.4551000000000016
 31
0
  0
LINE
  5
11E
330
1A
100
AcDbEntity
  8
BLACK
  6
CONTINUOUS
100
AcDbLine
 10
131.8753999999999849
 20
-93.1751000000000005
 30
0
 11
132.1253999999999849
 21
-93.4251000000000005
 31
0
  0
LINE
  5
11F
330
1A
100
AcDbEntity
  8
BLACK
  6
CONTINUOUS
100
AcDbLine
 10
132.1253999999999849
 20
-93.1751000000000005
 30
0
 11
131.8753999999999849
 21
-93.4251000000000005
 31
0
  0
LINE
  5
120
330
1A
100
AcDbEntity
  8
BLACK
  6
CONTINUOUS
100
AcDbLine
 10
132.2349999999999852
 20
-61.7449999999999974
 30
0
 11
132.4849999999999852
 21
-61.9949999999999974
 31
0
  0
LINE
  5
121
330
1A
100
AcDbEntity
  8
BLACK
  6
CONTINUOUS
100
AcDbLine
 10
132.4849999999999852
 20
-61.7449999999999974
 30
0
 11
132.2349999999999852
 21
-61.9949999999999974
 31
0
  0
LINE
  5
122
330
1A
100
AcDbEntity
  8
BLACK
  6
CONTINUOUS
100
AcDbLine
 10
132.2753999999999905
 20
-101.1500999999999948
 30
0
 11
132.5253999999999905
 21
-101.4000999999999948
 31
0
  0
LINE
  5
123
330
1A
100
AcDbEntity
  8
BLACK
  6
CONTINUOUS
100
AcDbLine
 10
132.5253999999999905
 20
-101.1500999999999948
 30
0
 11
132.2753999999999905
 21
-101.4000999999999948
 31
0
  0
LINE
  5
124
330
1A
100
AcDbEntity
  8
BLACK
  6
CONTINUOUS
100
AcDbLine
 10
132.2753999999999905
 20
-109.9450999999999965
 30
0
 11
132.5253999999999905
 21
-110.1950999999999965
 31
0
  0
LINE
  5
125
330
1A
100
AcDbEntity
  8
BLACK
  6
CONTINUOUS
100
AcDbLine
 10
132.5253999999999905
 20
-109.9450999999999965
 30
0
 11
132.2753999999999905
 21
-110.1950999999999965
 31
0
  0
LINE
  5
126
330
1A
100
AcDbEntity
  8
BLACK
  6
CONTINUOUS
100
AcDbLine
 10
132.4253999999999962
 20
-93.4750999999999976
 30
0
 11
132.6753999999999962
 21
-93.7250999999999976
 31
0
  0
LINE
  5
127
330
1A
100
AcDbEntity
  8
BLACK
  6
CONTINUOUS
100
AcDbLine
 10
132.6753999999999962
 20
-93.4750999999999976
 30
0
 11
132.4253999999999962
 21
-93.7250999999999976
 31
0
  0
LINE
  5
128
330
1A
100
AcDbEntity
  8
BLACK
  6
CONTINUOUS
100
AcDbLine
 10
132.5253999999999905
 20
-92.6751000000000005
 30
0
 11
132.7753999999999905
 21
-92.9251000000000005
 31
0
  0
LINE
  5
129
330
1A
100
AcDbEntity
  8
BLACK
  6
CONTINUOUS
100
AcDbLine
 10
132.7753999999999905
 20
-92.6751000000000005
 30
0
 11
132.5253999999999905
 21
-92.9251000000000005
 31
0
  0
LINE
  5
12A
330
1A
100
AcDbEntity
  8
BLACK
  6
CONTINUOUS
100
AcDbLine
 10
132.6853999999999871
 20
-103.1450999999999993
 30
0
 11
132.9353999999999871
 21
-103.3950999999999993
 31
0
  0
LINE
  5
12B
330
1A
100
AcDbEntity
  8
BLACK
  6
CONTINUOUS
100
AcDbLine
 10
132.9353999999999871
 20
-103.1450999999999993
 30
0
 11
132.6853999999999871
 21
-103.3950999999999993
 31
0
  0
LINE
  5
12C
330
1A
100
AcDbEntity
  8
BLACK
  6
CONTINUOUS
100
AcDbLine
 10
132.8249459999999829
 20
-101.6755539999999911
 30
0
 11
133.0749459999999829
 21
-101.9255539999999911
 31
0
  0
LINE
  5
12D
330
1A
100
AcDbEntity
  8
BLACK
  6
CONTINUOUS
100
AcDbLine
 10
133.0749459999999829
 20
-101.6755539999999911
 30
0
 11
132.8249459999999829
 21
-101.9255539999999911
 31
0
  0
LINE
  5
12E
330
1A
100
AcDbEntity
  8
BLACK
  6
CONTINUOUS
100
AcDbLine
 10
133.5050009999999929
 20
-61.7449999999999974
 30
0
 11
133.7550009999999929
 21
-61.9949999999999974
 31
0
  0
LINE
  5
12F
330
1A
100
AcDbEntity
  8
BLACK
  6
CONTINUOUS
100
AcDbLine
 10
133.7550009999999929
 20
-61.7449999999999974
 30
0
 11
133.5050009999999929
 21
-61.9949999999999974
 31
0
  0
LINE
  5
130
330
1A
100
AcDbEntity
  8
BLACK
  6
CONTINUOUS
100
AcDbLine
 10
134.1249459999999942
 20
-102.9755539999999883
 30
0
 11
134.3749459999999942
 21
-103.2255539999999883
 31
0
  0
LINE
  5
131
330
1A
100
AcDbEntity
  8
BLACK
  6
CONTINUOUS
100
AcDbLine
 10
134.3749459999999942
 20
-102.9755539999999883
 30
0
 11
134.1249459999999942
 21
-103.2255539999999883
 31
0
  0
LINE
  5
132
330
1A
100
AcDbEntity
  8
BLACK
  6
CONTINUOUS
100
AcDbLine
 10
134.6753999999999962
 20
-108.9450999999999965
 30
0
 11
134.9253999999999962
 21
-109.1950999999999965
 31
0
  0
LINE
  5
133
330
1A
100
AcDbEntity
  8
BLACK
  6
CONTINUOUS
100
AcDbLine
 10
134.9253999999999962
 20
-108.9450999999999965
 30
0
 11
134.6753999999999962
 21
-109.1950999999999965
 31
0
  0
LINE
  5
134
330
1A
100
AcDbEntity
  8
BLACK
  6
CONTINUOUS
100
AcDbLine
 10
134.7004000000000019
 20
-103.575099999999992
 30
0
 11
134.9504000000000019
 21
-103.825099999999992
 31
0
  0
LINE
  5
135
330
1A
100
AcDbEntity
  8
BLACK
  6
CONTINUOUS
100
AcDbLine
 10
134.9504000000000019
 20
-103.575099999999992
 30
0
 11
134.7004000000000019
 21
-103.825099999999992
 31
0
  0
LINE
  5
136
330
1A
100
AcDbEntity
  8
BLACK
  6
CONTINUOUS
100
AcDbLine
 10
134.7750000000000057
 20
-60.8249999999999957
 30
0
 11
135.0250000000000057
 21
-61.0749999999999957
 31
0
  0
LINE
  5
137
330
1A
100
AcDbEntity
  8
BLACK
  6
CONTINUOUS
100
AcDbLine
 10
135.0250000000000057
 20
-60.8249999999999957
 30
0
 11
134.7750000000000057
 21
-61.0749999999999957
 31
0
  0
LINE
  5
138
330
1A
100
AcDbEntity
  8
BLACK
  6
CONTINUOUS
100
AcDbLine
 10
134.9454000000000065
 20
-110.1150999999999982
 30
0
 11
135.1954000000000065
 21
-110.3650999999999982
 31
0
  0
LINE
  5
139
330
1A
100
AcDbEntity
  8
BLACK
  6
CONTINUOUS
100
AcDbLine
 10
135.1954000000000065
 20
-110.1150999999999982
 30
0
 11
134.9454000000000065
 21
-110.3650999999999982
 31
0
  0
LINE
  5
13A
330
1A
100
AcDbEntity
  8
BLACK
  6
CONTINUOUS
100
AcDbLine
 10
135.2753999999999905
 20
-104.1250999999999891
 30
0
 11
135.5253999999999905
 21
-104.3750999999999891
 31
0
  0
LINE
  5
13B
330
1A
100
AcDbEntity
  8
BLACK
  6
CONTINUOUS
100
AcDbLine
 10
135.5253999999999905
 20
-104.1250999999999891
 30
0
 11
135.2753999999999905
 21
-104.3750999999999891
 31
0
  0
LINE
  5
13C
330
1A
100
AcDbEntity
  8
BLACK
  6
CONTINUOUS
100
AcDbLine
 10
135.9003999999999905
 20
-82.1251000000000033
 30
0
 11
136.1503999999999905
 21
-82.3751000000000033
 31
0
  0
LINE
  5
13D
330
1A
100
AcDbEntity
  8
BLACK
  6
CONTINUOUS
100
AcDbLine
 10
136.1503999999999905
 20
-82.1251000000000033
 30
0
 11
135.9003999999999905
 21
-82.3751000000000033
 31
0
  0
LINE
  5
13E
330
1A
100
AcDbEntity
  8
BLACK
  6
CONTINUOUS
100
AcDbLine
 10
135.9003999999999905
 20
-84.4251000000000005
 30
0
 11
136.1503999999999905
 21
-84.6751000000000005
 31
0
  0
LINE
  5
13F
330
1A
100
AcDbEntity
  8
BLACK
  6
CONTINUOUS
100
AcDbLine
 10
136.1503999999999905
 20
-84.4251000000000005
 30
0
 11
135.9003999999999905
 21
-84.6751000000000005
 31
0
  0
LINE
  5
140
330
1A
100
AcDbEntity
  8
BLACK
  6
CONTINUOUS
100
AcDbLine
 10
135.9253999999999962
 20
-77.4000999999999948
 30
0
 11
136.1753999999999962
 21
-77.6500999999999948
 31
0
  0
LINE
  5
141
330
1A
100
AcDbEntity
  8
BLACK
  6
CONTINUOUS
100
AcDbLine
 10
136.1753999999999962
 20
-77.4000999999999948
 30
0
 11
135.9253999999999962
 21
-77.6500999999999948
 31
0
  0
LINE
  5
142
330
1A
100
AcDbEntity
  8
BLACK
  6
CONTINUOUS
100
AcDbLine
 10
135.9253999999999962
 20
-78.200099999999992
 30
0
 11
136.1753999999999962
 21
-78.450099999999992
 31
0
  0
LINE
  5
143
330
1A
100
AcDbEntity
  8
BLACK
  6
CONTINUOUS
100
AcDbLine
 10
136.1753999999999962
 20
-78.200099999999992
 30
0
 11
135.9253999999999962
 21
-78.450099999999992
 31
0
  0
LINE
  5
144
330
1A
100
AcDbEntity
  8
BLACK
  6
CONTINUOUS
100
AcDbLine
 10
135.9253999999999962
 20
-79.0001000000000033
 30
0
 11
136.1753999999999962
 21
-79.2501000000000033
 31
0
  0
LINE
  5
145
330
1A
100
AcDbEntity
  8
BLACK
  6
CONTINUOUS
100
AcDbLine
 10
136.1753999999999962
 20
-79.0001000000000033
 30
0
 11
135.9253999999999962
 21
-79.2501000000000033
 31
0
  0
LINE
  5
146
330
1A
100
AcDbEntity
  8
BLACK
  6
CONTINUOUS
100
AcDbLine
 10
135.9253999999999962
 20
-79.8001000000000005
 30
0
 11
136.1753999999999962
 21
-80.0501000000000005
 31
0
  0
LINE
  5
147
330
1A
100
AcDbEntity
  8
BLACK
  6
CONTINUOUS
100
AcDbLine
 10
136.1753999999999962
 20
-79.8001000000000005
 30
0
 11
135.9253999999999962
 21
-80.0501000000000005
 31
0
  0
LINE
  5
148
330
1A
100
AcDbEntity
  8
BLACK
  6
CONTINUOUS
100
AcDbLine
 10
135.9253999999999962
 20
-80.6000999999999976
 30
0
 11
136.1753999999999962
 21
-80.8500999999999976
 31
0
  0
LINE
  5
149
330
1A
100
AcDbEntity
  8
BLACK
  6
CONTINUOUS
100
AcDbLine
 10
136.1753999999999962
 20
-80.6000999999999976
 30
0
 11
135.9253999999999962
 21
-80.8500999999999976
 31
0
  0
LINE
  5
14A
330
1A
100
AcDbEntity
  8
BLACK
  6
CONTINUOUS
100
AcDbLine
 10
135.9253999999999962
 20
-93.7750999999999948
 30
0
 11
136.1753999999999962
 21
-94.0250999999999948
 31
0
  0
LINE
  5
14B
330
1A
100
AcDbEntity
  8
BLACK
  6
CONTINUOUS
100
AcDbLine
 10
136.1753999999999962
 20
-93.7750999999999948
 30
0
 11
135.9253999999999962
 21
-94.0250999999999948
 31
0
  0
LINE
  5
14C
330
1A
100
AcDbEntity
  8
BLACK
  6
CONTINUOUS
100
AcDbLine
 10
135.9754000000000076
 20
-98.1751000000000005
 30
0
 11
136.2254000000000076
 21
-98.4251000000000005
 31
0
  0
LINE
  5
14D
330
1A
100
AcDbEntity
  8
BLACK
  6
CONTINUOUS
100
AcDbLine
 10
136.2254000000000076
 20
-98.1751000000000005
 30
0
 11
135.9754000000000076
 21
-98.4251000000000005
 31
0
  0
LINE
  5
14E
330
1A
100
AcDbEntity
  8
BLACK
  6
CONTINUOUS
100
AcDbLine
 10
136.1753999999999962
 20
-84.9251000000000005
 30
0
 11
136.4253999999999962
 21
-85.1751000000000005
 31
0
  0
LINE
  5
14F
330
1A
100
AcDbEntity
  8
BLACK
  6
CONTINUOUS
100
AcDbLine
 10
136.4253999999999962
 20
-84.9251000000000005
 30
0
 11
136.1753999999999962
 21
-85.1751000000000005
 31
0
  0
LINE
  5
150
330
1A
100
AcDbEntity
  8
BLACK
  6
CONTINUOUS
100
AcDbLine
 10
136.2853999999999814
 20
-116.2950999999999908
 30
0
 11
136.5353999999999814
 21
-116.5450999999999908
 31
0
  0
LINE
  5
151
330
1A
100
AcDbEntity
  8
BLACK
  6
CONTINUOUS
100
AcDbLine
 10
136.5353999999999814
 20
-116.2950999999999908
 30
0
 11
136.2853999999999814
 21
-116.5450999999999908
 31
0
  0
LINE
  5
152
330
1A
100
AcDbEntity
  8
BLACK
  6
CONTINUOUS
100
AcDbLine
 10
136.2853999999999814
 20
-117.565100000000001
 30
0
 11
136.5353999999999814
 21
-117.815100000000001
 31
0
  0
LINE
  5
153
330
1A
100
AcDbEntity
  8
BLACK
  6
CONTINUOUS
100
AcDbLine
 10
136.5353999999999814
 20
-117.565100000000001
 30
0
 11
136.2853999999999814
 21
-117.815100000000001
 31
0
  0
LINE
  5
154
330
1A
100
AcDbEntity
  8
BLACK
  6
CONTINUOUS
100
AcDbLine
 10
136.4504000000000019
 20
-82.1251000000000033
 30
0
 11
136.7004000000000019
 21
-82.3751000000000033
 31
0
  0
LINE
  5
155
330
1A
100
AcDbEntity
  8
BLACK
  6
CONTINUOUS
100
AcDbLine
 10
136.7004000000000019
 20
-82.1251000000000033
 30
0
 11
136.4504000000000019
 21
-82.3751000000000033
 31
0
  0
LINE
  5
156
330
1A
100
AcDbEntity
  8
BLACK
  6
CONTINUOUS
100
AcDbLine
 10
136.4504000000000019
 20
-84.4251000000000005
 30
0
 11
136.7004000000000019
 21
-84.6751000000000005
 31
0
  0
LINE
  5
157
330
1A
100
AcDbEntity
  8
BLACK
  6
CONTINUOUS
100
AcDbLine
 10
136.7004000000000019
 20
-84.4251000000000005
 30
0
 11
136.4504000000000019
 21
-84.6751000000000005
 31
0
  0
LINE
  5
158
330
1A
100
AcDbEntity
  8
BLACK
  6
CONTINUOUS
100
AcDbLine
 10
136.4504000000000019
 20
-85.4251000000000005
 30
0
 11
136.7004000000000019
 21
-85.6751000000000005
 31
0
  0
LINE
  5
159
330
1A
100
AcDbEntity
  8
BLACK
  6
CONTINUOUS
100
AcDbLine
 10
136.7004000000000019
 20
-85.4251000000000005
 30
0
 11
136.4504000000000019
 21
-85.6751000000000005
 31
0
  0
LINE
  5
15A
330
1A
100
AcDbEntity
  8
BLACK
  6
CONTINUOUS
100
AcDbLine
 10
136.5754000000000019
 20
-105.4251000000000005
 30
0
 11
136.8254000000000019
 21
-105.6751000000000005
 31
0
  0
LINE
  5
15B
330
1A
100
AcDbEntity
  8
BLACK
  6
CONTINUOUS
100
AcDbLine
 10
136.8254000000000019
 20
-105.4251000000000005
 30
0
 11
136.5754000000000019
 21
-105.6751000000000005
 31
0
  0
LINE
  5
15C
330
1A
100
AcDbEntity
  8
BLACK
  6
CONTINUOUS
100
AcDbLine
 10
136.7254000000000076
 20
-77.4000999999999948
 30
0
 11
136.9754000000000076
 21
-77.6500999999999948
 31
0
  0
LINE
  5
15D
330
1A
100
AcDbEntity
  8
BLACK
  6
CONTINUOUS
100
AcDbLine
 10
136.9754000000000076
 20
-77.4000999999999948
 30
0
 11
136.7254000000000076
 21
-77.6500999999999948
 31
0
  0
LINE
  5
15E
330
1A
100
AcDbEntity
  8
BLACK
  6
CONTINUOUS
100
AcDbLine
 10
136.7254000000000076
 20
-78.200099999999992
 30
0
 11
136.9754000000000076
 21
-78.450099999999992
 31
0
  0
LINE
  5
15F
330
1A
100
AcDbEntity
  8
BLACK
  6
CONTINUOUS
100
AcDbLine
 10
136.9754000000000076
 20
-78.200099999999992
 30
0
 11
136.7254000000000076
 21
-78.450099999999992
 31
0
  0
LINE
  5
160
330
1A
100
AcDbEntity
  8
BLACK
  6
CONTINUOUS
100
AcDbLine
 10
136.7254000000000076
 20
-79.0001000000000033
 30
0
 11
136.9754000000000076
 21
-79.2501000000000033
 31
0
  0
LINE
  5
161
330
1A
100
AcDbEntity
  8
BLACK
  6
CONTINUOUS
100
AcDbLine
 10
136.9754000000000076
 20
-79.0001000000000033
 30
0
 11
136.7254000000000076
 21
-79.2501000000000033
 31
0
  0
LINE
  5
162
330
1A
100
AcDbEntity
  8
BLACK
  6
CONTINUOUS
100
AcDbLine
 10
136.7254000000000076
 20
-79.8001000000000005
 30
0
 11
136.9754000000000076
 21
-80.0501000000000005
 31
0
  0
LINE
  5
163
330
1A
100
AcDbEntity
  8
BLACK
  6
CONTINUOUS
100
AcDbLine
 10
136.9754000000000076
 20
-79.8001000000000005
 30
0
 11
136.7254000000000076
 21
-80.0501000000000005
 31
0
  0
LINE
  5
164
330
1A
100
AcDbEntity
  8
BLACK
  6
CONTINUOUS
100
AcDbLine
 10
136.7254000000000076
 20
-80.6000999999999976
 30
0
 11
136.9754000000000076
 21
-80.8500999999999976
 31
0
  0
LINE
  5
165
330
1A
100
AcDbEntity
  8
BLACK
  6
CONTINUOUS
100
AcDbLine
 10
136.9754000000000076
 20
-80.6000999999999976
 30
0
 11
136.7254000000000076
 21
-80.8500999999999976
 31
0
  0
LINE
  5
166
330
1A
100
AcDbEntity
  8
BLACK
  6
CONTINUOUS
100
AcDbLine
 10
136.7254000000000076
 20
-84.9251000000000005
 30
0
 11
136.9754000000000076
 21
-85.1751000000000005
 31
0
  0
LINE
  5
167
330
1A
100
AcDbEntity
  8
BLACK
  6
CONTINUOUS
100
AcDbLine
 10
136.9754000000000076
 20
-84.9251000000000005
 30
0
 11
136.7254000000000076
 21
-85.1751000000000005
 31
0
  0
LINE
  5
168
330
1A
100
AcDbEntity
  8
BLACK
  6
CONTINUOUS
100
AcDbLine
 10
136.9454000000000065
 20
-108.2350999999999885
 30
0
 11
137.1954000000000065
 21
-108.4850999999999885
 31
0
  0
LINE
  5
169
330
1A
100
AcDbEntity
  8
BLACK
  6
CONTINUOUS
100
AcDbLine
 10
137.1954000000000065
 20
-108.2350999999999885
 30
0
 11
136.9454000000000065
 21
-108.4850999999999885
 31
0
  0
LINE
  5
16A
330
1A
100
AcDbEntity
  8
BLACK
  6
CONTINUOUS
100
AcDbLine
 10
136.9754000000000076
 20
-100.325099999999992
 30
0
 11
137.2254000000000076
 21
-100.575099999999992
 31
0
  0
LINE
  5
16B
330
1A
100
AcDbEntity
  8
BLACK
  6
CONTINUOUS
100
AcDbLine
 10
137.2254000000000076
 20
-100.325099999999992
 30
0
 11
136.9754000000000076
 21
-100.575099999999992
 31
0
  0
LINE
  5
16C
330
1A
100
AcDbEntity
  8
BLACK
  6
CONTINUOUS
100
AcDbLine
 10
137.0003999999999849
 20
-82.1251000000000033
 30
0
 11
137.2503999999999849
 21
-82.3751000000000033
 31
0
  0
LINE
  5
16D
330
1A
100
AcDbEntity
  8
BLACK
  6
CONTINUOUS
100
AcDbLine
 10
137.2503999999999849
 20
-82.1251000000000033
 30
0
 11
137.0003999999999849
 21
-82.3751000000000033
 31
0
  0
LINE
  5
16E
330
1A
100
AcDbEntity
  8
BLACK
  6
CONTINUOUS
100
AcDbLine
 10
137.0003999999999849
 20
-84.4251000000000005
 30
0
 11
137.2503999999999849
 21
-84.6751000000000005
 31
0
  0
LINE
  5
16F
330
1A
100
AcDbEntity
  8
BLACK
  6
CONTINUOUS
100
AcDbLine
 10
137.2503999999999849
 20
-84.4251000000000005
 30
0
 11
137.0003999999999849
 21
-84.6751000000000005
 31
0
  0
LINE
  5
170
330
1A
100
AcDbEntity
  8
BLACK
  6
CONTINUOUS
100
AcDbLine
 10
137.0003999999999849
 20
-85.4251000000000005
 30
0
 11
137.2503999999999849
 21
-85.6751000000000005
 31
0
  0
LINE
  5
171
330
1A
100
AcDbEntity
  8
BLACK
  6
CONTINUOUS
100
AcDbLine
 10
137.2503999999999849
 20
-85.4251000000000005
 30
0
 11
137.0003999999999849
 21
-85.6751000000000005
 31
0
  0
LINE
  5
172
330
1A
100
AcDbEntity
  8
BLACK
  6
CONTINUOUS
100
AcDbLine
 10
137.1004000000000076
 20
-105.9750999999999976
 30
0
 11
137.3504000000000076
 21
-106.2250999999999976
 31
0
  0
LINE
  5
173
330
1A
100
AcDbEntity
  8
BLACK
  6
CONTINUOUS
100
AcDbLine
 10
137.3504000000000076
 20
-105.9750999999999976
 30
0
 11
137.1004000000000076
 21
-106.2250999999999976
 31
0
  0
LINE
  5
174
330
1A
100
AcDbEntity
  8
BLACK
  6
CONTINUOUS
100
AcDbLine
 10
137.1753999999999962
 20
-50.2550999999999988
 30
0
 11
137.4253999999999962
 21
-50.5050999999999988
 31
0
  0
LINE
  5
175
330
1A
100
AcDbEntity
  8
BLACK
  6
CONTINUOUS
100
AcDbLine
 10
137.4253999999999962
 20
-50.2550999999999988
 30
0
 11
137.1753999999999962
 21
-50.5050999999999988
 31
0
  0
LINE
  5
176
330
1A
100
AcDbEntity
  8
BLACK
  6
CONTINUOUS
100
AcDbLine
 10
137.1753999999999962
 20
-51.5250999999999948
 30
0
 11
137.4253999999999962
 21
-51.7750999999999948
 31
0
  0
LINE
  5
177
330
1A
100
AcDbEntity
  8
BLACK
  6
CONTINUOUS
100
AcDbLine
 10
137.4253999999999962
 20
-51.5250999999999948
 30
0
 11
137.1753999999999962
 21
-51.7750999999999948
 31
0
  0
LINE
  5
178
330
1A
100
AcDbEntity
  8
BLACK
  6
CONTINUOUS
100
AcDbLine
 10
137.1753999999999962
 20
-52.7950999999999979
 30
0
 11
137.4253999999999962
 21
-53.0450999999999979
 31
0
  0
LINE
  5
179
330
1A
100
AcDbEntity
  8
BLACK
  6
CONTINUOUS
100
AcDbLine
 10
137.4253999999999962
 20
-52.7950999999999979
 30
0
 11
137.1753999999999962
 21
-53.0450999999999979
 31
0
  0
LINE
  5
17A
330
1A
100
AcDbEntity
  8
BLACK
  6
CONTINUOUS
100
AcDbLine
 10
137.1753999999999962
 20
-54.065100000000001
 30
0
 11
137.4253999999999962
 21
-54.315100000000001
 31
0
  0
LINE
  5
17B
330
1A
100
AcDbEntity
  8
BLACK
  6
CONTINUOUS
100
AcDbLine
 10
137.4253999999999962
 20
-54.065100000000001
 30
0
 11
137.1753999999999962
 21
-54.315100000000001
 31
0
  0
LINE
  5
17C
330
1A
100
AcDbEntity
  8
BLACK
  6
CONTINUOUS
100
AcDbLine
 10
137.1753999999999962
 20
-55.3350999999999971
 30
0
 11
137.4253999999999962
 21
-55.5850999999999971
 31
0
  0
LINE
  5
17D
330
1A
100
AcDbEntity
  8
BLACK
  6
CONTINUOUS
100
AcDbLine
 10
137.4253999999999962
 20
-55.3350999999999971
 30
0
 11
137.1753999999999962
 21
-55.5850999999999971
 31
0
  0
LINE
  5
17E
330
1A
100
AcDbEntity
  8
BLACK
  6
CONTINUOUS
100
AcDbLine
 10
137.2753999999999905
 20
-84.9251000000000005
 30
0
 11
137.5253999999999905
 21
-85.1751000000000005
 31
0
  0
LINE
  5
17F
330
1A
100
AcDbEntity
  8
BLACK
  6
CONTINUOUS
100
AcDbLine
 10
137.5253999999999905
 20
-84.9251000000000005
 30
0
 11
137.2753999999999905
 21
-85.1751000000000005
 31
0
  0
LINE
  5
180
330
1A
100
AcDbEntity
  8
BLACK
  6
CONTINUOUS
100
AcDbLine
 10
137.4754000000000076
 20
-110.8750999999999891
 30
0
 11
137.7254000000000076
 21
-111.1250999999999891
 31
0
  0
LINE
  5
181
330
1A
100
AcDbEntity
  8
BLACK
  6
CONTINUOUS
100
AcDbLine
 10
137.7254000000000076
 20
-110.8750999999999891
 30
0
 11
137.4754000000000076
 21
-111.1250999999999891
 31
0
  0
LINE
  5
182
330
1A
100
AcDbEntity
  8
BLACK
  6
CONTINUOUS
100
AcDbLine
 10
137.5253999999999905
 20
-77.4000999999999948
 30
0
 11
137.7753999999999905
 21
-77.6500999999999948
 31
0
  0
LINE
  5
183
330
1A
100
AcDbEntity
  8
BLACK
  6
CONTINUOUS
100
AcDbLine
 10
137.7753999999999905
 20
-77.4000999999999948
 30
0
 11
137.5253999999999905
 21
-77.6500999999999948
 31
0
  0
LINE
  5
184
330
1A
100
AcDbEntity
  8
BLACK
  6
CONTINUOUS
100
AcDbLine
 10
137.5253999999999905
 20
-78.200099999999992
 30
0
 11
137.7753999999999905
 21
-78.450099999999992
 31
0
  0
LINE
  5
185
330
1A
100
AcDbEntity
  8
BLACK
  6
CONTINUOUS
100
AcDbLine
 10
137.7753999999999905
 20
-78.200099999999992
 30
0
 11
137.5253999999999905
 21
-78.450099999999992
 31
0
  0
LINE
  5
186
330
1A
100
AcDbEntity
  8
BLACK
  6
CONTINUOUS
100
AcDbLine
 10
137.5253999999999905
 20
-79.0001000000000033
 30
0
 11
137.7753999999999905
 21
-79.2501000000000033
 31
0
  0
LINE
  5
187
330
1A
100
AcDbEntity
  8
BLACK
  6
CONTINUOUS
100
AcDbLine
 10
137.7753999999999905
 20
-79.0001000000000033
 30
0
 11
137.5253999999999905
 21
-79.2501000000000033
 31
0
  0
LINE
  5
188
330
1A
100
AcDbEntity
  8
BLACK
  6
CONTINUOUS
100
AcDbLine
 10
137.5253999999999905
 20
-79.8001000000000005
 30
0
 11
137.7753999999999905
 21
-80.0501000000000005
 31
0
  0
LINE
  5
189
330
1A
100
AcDbEntity
  8
BLACK
  6
CONTINUOUS
100
AcDbLine
 10
137.7753999999999905
 20
-79.8001000000000005
 30
0
 11
137.5253999999999905
 21
-80.0501000000000005
 31
0
  0
LINE
  5
18A
330
1A
100
AcDbEntity
  8
BLACK
  6
CONTINUOUS
100
AcDbLine
 10
137.5253999999999905
 20
-80.6000999999999976
 30
0
 11
137.7753999999999905
 21
-80.8500999999999976
 31
0
  0
LINE
  5
18B
330
1A
100
AcDbEntity
  8
BLACK
  6
CONTINUOUS
100
AcDbLine
 10
137.7753999999999905
 20
-80.6000999999999976
 30
0
 11
137.5253999999999905
 21
-80.8500999999999976
 31
0
  0
LINE
  5
18C
330
1A
100
AcDbEntity
  8
BLACK
  6
CONTINUOUS
100
AcDbLine
 10
137.5503999999999962
 20
-82.1251000000000033
 30
0
 11
137.8003999999999962
 21
-82.3751000000000033
 31
0
  0
LINE
  5
18D
330
1A
100
AcDbEntity
  8
BLACK
  6
CONTINUOUS
100
AcDbLine
 10
137.8003999999999962
 20
-82.1251000000000033
 30
0
 11
137.5503999999999962
 21
-82.3751000000000033
 31
0
  0
LINE
  5
18E
330
1A
100
AcDbEntity
  8
BLACK
  6
CONTINUOUS
100
AcDbLine
 10
137.5503999999999962
 20
-84.4251000000000005
 30
0
 11
137.8003999999999962
 21
-84.6751000000000005
 31
0
  0
LINE
  5
18F
330
1A
100
AcDbEntity
  8
BLACK
  6
CONTINUOUS
100
AcDbLine
 10
137.8003999999999962
 20
-84.4251000000000005
 30
0
 11
137.5503999999999962
 21
-84.6751000000000005
 31
0
  0
LINE
  5
190
330
1A
100
AcDbEntity
  8
BLACK
  6
CONTINUOUS
100
AcDbLine
 10
137.5503999999999962
 20
-85.4251000000000005
 30
0
 11
137.8003999999999962
 21
-85.6751000000000005
 31
0
  0
LINE
  5
191
330
1A
100
AcDbEntity
  8
BLACK
  6
CONTINUOUS
100
AcDbLine
 10
137.8003999999999962
 20
-85.4251000000000005
 30
0
 11
137.5503999999999962
 21
-85.6751000000000005
 31
0
  0
LINE
  5
192
330
1A
100
AcDbEntity
  8
BLACK
  6
CONTINUOUS
100
AcDbLine
 10
137.6253999999999849
 20
-100.7750999999999948
 30
0
 11
137.8753999999999849
 21
-101.0250999999999948
 31
0
  0
LINE
  5
193
330
1A
100
AcDbEntity
  8
BLACK
  6
CONTINUOUS
100
AcDbLine
 10
137.8753999999999849
 20
-100.7750999999999948
 30
0
 11
137.6253999999999849
 21
-101.0250999999999948
 31
0
  0
LINE
  5
194
330
1A
100
AcDbEntity
  8
BLACK
  6
CONTINUOUS
100
AcDbLine
 10
137.6916669999999954
 20
-108.0788329999999888
 30
0
 11
137.9416669999999954
 21
-108.3288329999999888
 31
0
  0
LINE
  5
195
330
1A
100
AcDbEntity
  8
BLACK
  6
CONTINUOUS
100
AcDbLine
 10
137.9416669999999954
 20
-108.0788329999999888
 30
0
 11
137.6916669999999954
 21
-108.3288329999999888
 31
0
  0
LINE
  5
196
330
1A
100
AcDbEntity
  8
BLACK
  6
CONTINUOUS
100
AcDbLine
 10
137.8254000000000019
 20
-84.9251000000000005
 30
0
 11
138.0754000000000019
 21
-85.1751000000000005
 31
0
  0
LINE
  5
197
330
1A
100
AcDbEntity
  8
BLACK
  6
CONTINUOUS
100
AcDbLine
 10
138.0754000000000019
 20
-84.9251000000000005
 30
0
 11
137.8254000000000019
 21
-85.1751000000000005
 31
0
  0
LINE
  5
198
330
1A
100
AcDbEntity
  8
BLACK
  6
CONTINUOUS
100
AcDbLine
 10
138.1004000000000076
 20
-82.1251000000000033
 30
0
 11
138.3504000000000076
 21
-82.3751000000000033
 31
0
  0
LINE
  5
199
330
1A
100
AcDbEntity
  8
BLACK
  6
CONTINUOUS
100
AcDbLine
 10
138.3504000000000076
 20
-82.1251000000000033
 30
0
 11
138.1004000000000076
 21
-82.3751000000000033
 31
0
  0
LINE
  5
19A
330
1A
100
AcDbEntity
  8
BLACK
  6
CONTINUOUS
100
AcDbLine
 10
138.1004000000000076
 20
-82.700099999999992
 30
0
 11
138.3504000000000076
 21
-82.950099999999992
 31
0
  0
LINE
  5
19B
330
1A
100
AcDbEntity
  8
BLACK
  6
CONTINUOUS
100
AcDbLine
 10
138.3504000000000076
 20
-82.700099999999992
 30
0
 11
138.1004000000000076
 21
-82.950099999999992
 31
0
  0
LINE
  5
19C
330
1A
100
AcDbEntity
  8
BLACK
  6
CONTINUOUS
100
AcDbLine
 10
138.1004000000000076
 20
-83.2750999999999948
 30
0
 11
138.3504000000000076
 21
-83.5250999999999948
 31
0
  0
LINE
  5
19D
330
1A
100
AcDbEntity
  8
BLACK
  6
CONTINUOUS
100
AcDbLine
 10
138.3504000000000076
 20
-83.2750999999999948
 30
0
 11
138.1004000000000076
 21
-83.5250999999999948
 31
0
  0
LINE
  5
19E
330
1A
100
AcDbEntity
  8
BLACK
  6
CONTINUOUS
100
AcDbLine
 10
138.1004000000000076
 20
-83.8500999999999976
 30
0
 11
138.3504000000000076
 21
-84.1000999999999976
 31
0
  0
LINE
  5
19F
330
1A
100
AcDbEntity
  8
BLACK
  6
CONTINUOUS
100
AcDbLine
 10
138.3504000000000076
 20
-83.8500999999999976
 30
0
 11
138.1004000000000076
 21
-84.1000999999999976
 31
0
  0
LINE
  5
1A0
330
1A
100
AcDbEntity
  8
BLACK
  6
CONTINUOUS
100
AcDbLine
 10
138.1004000000000076
 20
-84.4251000000000005
 30
0
 11
138.3504000000000076
 21
-84.6751000000000005
 31
0
  0
LINE
  5
1A1
330
1A
100
AcDbEntity
  8
BLACK
  6
CONTINUOUS
100
AcDbLine
 10
138.3504000000000076
 20
-84.4251000000000005
 30
0
 11
138.1004000000000076
 21
-84.6751000000000005
 31
0
  0
LINE
  5
1A2
330
1A
100
AcDbEntity
  8
BLACK
  6
CONTINUOUS
100
AcDbLine
 10
138.1004000000000076
 20
-85.4251000000000005
 30
0
 11
138.3504000000000076
 21
-85.6751000000000005
 31
0
  0
LINE
  5
1A3
330
1A
100
AcDbEntity
  8
BLACK
  6
CONTINUOUS
100
AcDbLine
 10
138.3504000000000076
 20
-85.4251000000000005
 30
0
 11
138.1004000000000076
 21
-85.6751000000000005
 31
0
  0
LINE
  5
1A4
330
1A
100
AcDbEntity
  8
BLACK
  6
CONTINUOUS
100
AcDbLine
 10
138.3254000000000019
 20
-77.4000999999999948
 30
0
 11
138.5754000000000019
 21
-77.6500999999999948
 31
0
  0
LINE
  5
1A5
330
1A
100
AcDbEntity
  8
BLACK
  6
CONTINUOUS
100
AcDbLine
 10
138.5754000000000019
 20
-77.4000999999999948
 30
0
 11
138.3254000000000019
 21
-77.6500999999999948
 31
0
  0
LINE
  5
1A6
330
1A
100
AcDbEntity
  8
BLACK
  6
CONTINUOUS
100
AcDbLine
 10
138.3254000000000019
 20
-78.200099999999992
 30
0
 11
138.5754000000000019
 21
-78.450099999999992
 31
0
  0
LINE
  5
1A7
330
1A
100
AcDbEntity
  8
BLACK
  6
CONTINUOUS
100
AcDbLine
 10
138.5754000000000019
 20
-78.200099999999992
 30
0
 11
138.3254000000000019
 21
-78.450099999999992
 31
0
  0
LINE
  5
1A8
330
1A
100
AcDbEntity
  8
BLACK
  6
CONTINUOUS
100
AcDbLine
 10
138.3254000000000019
 20
-79.0001000000000033
 30
0
 11
138.5754000000000019
 21
-79.2501000000000033
 31
0
  0
LINE
  5
1A9
330
1A
100
AcDbEntity
  8
BLACK
  6
CONTINUOUS
100
AcDbLine
 10
138.5754000000000019
 20
-79.0001000000000033
 30
0
 11
138.3254000000000019
 21
-79.2501000000000033
 31
0
  0
LINE
  5
1AA
330
1A
100
AcDbEntity
  8
BLACK
  6
CONTINUOUS
100
AcDbLine
 10
138.3254000000000019
 20
-79.8001000000000005
 30
0
 11
138.5754000000000019
 21
-80.0501000000000005
 31
0
  0
LINE
  5
1AB
330
1A
100
AcDbEntity
  8
BLACK
  6
CONTINUOUS
100
AcDbLine
 10
138.5754000000000019
 20
-79.8001000000000005
 30
0
 11
138.3254000000000019
 21
-80.0501000000000005
 31
0
  0
LINE
  5
1AC
330
1A
100
AcDbEntity
  8
BLACK
  6
CONTINUOUS
100
AcDbLine
 10
138.3254000000000019
 20
-80.6000999999999976
 30
0
 11
138.5754000000000019
 21
-80.8500999999999976
 31
0
  0
LINE
  5
1AD
330
1A
100
AcDbEntity
  8
BLACK
  6
CONTINUOUS
100
AcDbLine
 10
138.5754000000000019
 20
-80.6000999999999976
 30
0
 11
138.3254000000000019
 21
-80.8500999999999976
 31
0
  0
LINE
  5
1AE
330
1A
100
AcDbEntity
  8
BLACK
  6
CONTINUOUS
100
AcDbLine
 10
138.3403969999999958
 20
-91.8650969999999916
 30
0
 11
138.5903969999999958
 21
-92.1150969999999916
 31
0
  0
LINE
  5
1AF
330
1A
100
AcDbEntity
  8
BLACK
  6
CONTINUOUS
100
AcDbLine
 10
138.5903969999999958
 20
-91.8650969999999916
 30
0
 11
138.3403969999999958
 21
-92.1150969999999916
 31
0
  0
LINE
  5
1B0
330
1A
100
AcDbEntity
  8
BLACK
  6
CONTINUOUS
100
AcDbLine
 10
138.3499999999999943
 20
-57.6999999999999957
 30
0
 11
138.5999999999999943
 21
-57.9499999999999957
 31
0
  0
LINE
  5
1B1
330
1A
100
AcDbEntity
  8
BLACK
  6
CONTINUOUS
100
AcDbLine
 10
138.5999999999999943
 20
-57.6999999999999957
 30
0
 11
138.3499999999999943
 21
-57.9499999999999957
 31
0
  0
LINE
  5
1B2
330
1A
100
AcDbEntity
  8
BLACK
  6
CONTINUOUS
100
AcDbLine
 10
138.3499999999999943
 20
-98.875
 30
0
 11
138.5999999999999943
 21
-99.125
 31
0
  0
LINE
  5
1B3
330
1A
100
AcDbEntity
  8
BLACK
  6
CONTINUOUS
100
AcDbLine
 10
138.5999999999999943
 20
-98.875
 30
0
 11
138.3499999999999943
 21
-99.125
 31
0
  0
LINE
  5
1B4
330
1A
100
AcDbEntity
  8
BLACK
  6
CONTINUOUS
100
AcDbLine
 10
138.4253999999999962
 20
-101.182186999999999
 30
0
 11
138.6753999999999962
 21
-101.432186999999999
 31
0
  0
LINE
  5
1B5
330
1A
100
AcDbEntity
  8
BLACK
  6
CONTINUOUS
100
AcDbLine
 10
138.6753999999999962
 20
-101.182186999999999
 30
0
 11
138.4253999999999962
 21
-101.432186999999999
 31
0
  0
LINE
  5
1B6
330
1A
100
AcDbEntity
  8
BLACK
  6
CONTINUOUS
100
AcDbLine
 10
138.4454000000000065
 20
-50.2550999999999988
 30
0
 11
138.6954000000000065
 21
-50.5050999999999988
 31
0
  0
LINE
  5
1B7
330
1A
100
AcDbEntity
  8
BLACK
  6
CONTINUOUS
100
AcDbLine
 10
138.6954000000000065
 20
-50.2550999999999988
 30
0
 11
138.4454000000000065
 21
-50.5050999999999988
 31
0
  0
LINE
  5
1B8
330
1A
100
AcDbEntity
  8
BLACK
  6
CONTINUOUS
100
AcDbLine
 10
138.4454000000000065
 20
-51.5250999999999948
 30
0
 11
138.6954000000000065
 21
-51.7750999999999948
 31
0
  0
LINE
  5
1B9
330
1A
100
AcDbEntity
  8
BLACK
  6
CONTINUOUS
100
AcDbLine
 10
138.6954000000000065
 20
-51.5250999999999948
 30
0
 11
138.4454000000000065
 21
-51.7750999999999948
 31
0
  0
LINE
  5
1BA
330
1A
100
AcDbEntity
  8
BLACK
  6
CONTINUOUS
100
AcDbLine
 10
138.4454000000000065
 20
-52.7950999999999979
 30
0
 11
138.6954000000000065
 21
-53.0450999999999979
 31
0
  0
LINE
  5
1BB
330
1A
100
AcDbEntity
  8
BLACK
  6
CONTINUOUS
100
AcDbLine
 10
138.6954000000000065
 20
-52.7950999999999979
 30
0
 11
138.4454000000000065
 21
-53.0450999999999979
 31
0
  0
LINE
  5
1BC
330
1A
100
AcDbEntity
  8
BLACK
  6
CONTINUOUS
100
AcDbLine
 10
138.4454000000000065
 20
-54.065100000000001
 30
0
 11
138.6954000000000065
 21
-54.315100000000001
 31
0
  0
LINE
  5
1BD
330
1A
100
AcDbEntity
  8
BLACK
  6
CONTINUOUS
100
AcDbLine
 10
138.6954000000000065
 20
-54.065100000000001
 30
0
 11
138.4454000000000065
 21
-54.315100000000001
 31
0
  0
LINE
  5
1BE
330
1A
100
AcDbEntity
  8
BLACK
  6
CONTINUOUS
100
AcDbLine
 10
138.5816329999999823
 20
-100.0188670000000002
 30
0
 11
138.8316329999999823
 21
-100.2688670000000002
 31
0
  0
LINE
  5
1BF
330
1A
100
AcDbEntity
  8
BLACK
  6
CONTINUOUS
100
AcDbLine
 10
138.8316329999999823
 20
-100.0188670000000002
 30
0
 11
138.5816329999999823
 21
-100.2688670000000002
 31
0
  0
LINE
  5
1C0
330
1A
100
AcDbEntity
  8
BLACK
  6
CONTINUOUS
100
AcDbLine
 10
138.9754000000000076
 20
-102.3750999999999891
 30
0
 11
139.2254000000000076
 21
-102.6250999999999891
 31
0
  0
LINE
  5
1C1
330
1A
100
AcDbEntity
  8
BLACK
  6
CONTINUOUS
100
AcDbLine
 10
139.2254000000000076
 20
-102.3750999999999891
 30
0
 11
138.9754000000000076
 21
-102.6250999999999891
 31
0
  0
LINE
  5
1C2
330
1A
100
AcDbEntity
  8
BLACK
  6
CONTINUOUS
100
AcDbLine
 10
139.1253999999999849
 20
-77.4000999999999948
 30
0
 11
139.3753999999999849
 21
-77.6500999999999948
 31
0
  0
LINE
  5
1C3
330
1A
100
AcDbEntity
  8
BLACK
  6
CONTINUOUS
100
AcDbLine
 10
139.3753999999999849
 20
-77.4000999999999948
 30
0
 11
139.1253999999999849
 21
-77.6500999999999948
 31
0
  0
LINE
  5
1C4
330
1A
100
AcDbEntity
  8
BLACK
  6
CONTINUOUS
100
AcDbLine
 10
139.1253999999999849
 20
-78.200099999999992
 30
0
 11
139.3753999999999849
 21
-78.450099999999992
 31
0
  0
LINE
  5
1C5
330
1A
100
AcDbEntity
  8
BLACK
  6
CONTINUOUS
100
AcDbLine
 10
139.3753999999999849
 20
-78.200099999999992
 30
0
 11
139.1253999999999849
 21
-78.450099999999992
 31
0
  0
LINE
  5
1C6
330
1A
100
AcDbEntity
  8
BLACK
  6
CONTINUOUS
100
AcDbLine
 10
139.1253999999999849
 20
-79.0001000000000033
 30
0
 11
139.3753999999999849
 21
-79.2501000000000033
 31
0
  0
LINE
  5
1C7
330
1A
100
AcDbEntity
  8
BLACK
  6
CONTINUOUS
100
AcDbLine
 10
139.3753999999999849
 20
-79.0001000000000033
 30
0
 11
139.1253999999999849
 21
-79.2501000000000033
 31
0
  0
LINE
  5
1C8
330
1A
100
AcDbEntity
  8
BLACK
  6
CONTINUOUS
100
AcDbLine
 10
139.1253999999999849
 20
-79.8001000000000005
 30
0
 11
139.3753999999999849
 21
-80.0501000000000005
 31
0
  0
LINE
  5
1C9
330
1A
100
AcDbEntity
  8
BLACK
  6
CONTINUOUS
100
AcDbLine
 10
139.3753999999999849
 20
-79.8001000000000005
 30
0
 11
139.1253999999999849
 21
-80.0501000000000005
 31
0
  0
LINE
  5
1CA
330
1A
100
AcDbEntity
  8
BLACK
  6
CONTINUOUS
100
AcDbLine
 10
139.1253999999999849
 20
-80.6000999999999976
 30
0
 11
139.3753999999999849
 21
-80.8500999999999976
 31
0
  0
LINE
  5
1CB
330
1A
100
AcDbEntity
  8
BLACK
  6
CONTINUOUS
100
AcDbLine
 10
139.3753999999999849
 20
-80.6000999999999976
 30
0
 11
139.1253999999999849
 21
-80.8500999999999976
 31
0
  0
LINE
  5
1CC
330
1A
100
AcDbEntity
  8
BLACK
  6
CONTINUOUS
100
AcDbLine
 10
139.1935349999999971
 20
-110.4850999999999885
 30
0
 11
139.4435349999999971
 21
-110.7350999999999885
 31
0
  0
LINE
  5
1CD
330
1A
100
AcDbEntity
  8
BLACK
  6
CONTINUOUS
100
AcDbLine
 10
139.4435349999999971
 20
-110.4850999999999885
 30
0
 11
139.1935349999999971
 21
-110.7350999999999885
 31
0
  0
LINE
  5
1CE
330
1A
100
AcDbEntity
  8
BLACK
  6
CONTINUOUS
100
AcDbLine
 10
139.2503999999999849
 20
-84.325099999999992
 30
0
 11
139.5003999999999849
 21
-84.575099999999992
 31
0
  0
LINE
  5
1CF
330
1A
100
AcDbEntity
  8
BLACK
  6
CONTINUOUS
100
AcDbLine
 10
139.5003999999999849
 20
-84.325099999999992
 30
0
 11
139.2503999999999849
 21
-84.575099999999992
 31
0
  0
LINE
  5
1D0
330
1A
100
AcDbEntity
  8
BLACK
  6
CONTINUOUS
100
AcDbLine
 10
139.2503999999999849
 20
-84.8750999999999891
 30
0
 11
139.5003999999999849
 21
-85.1250999999999891
 31
0
  0
LINE
  5
1D1
330
1A
100
AcDbEntity
  8
BLACK
  6
CONTINUOUS
100
AcDbLine
 10
139.5003999999999849
 20
-84.8750999999999891
 30
0
 11
139.2503999999999849
 21
-85.1250999999999891
 31
0
  0
LINE
  5
1D2
330
1A
100
AcDbEntity
  8
BLACK
  6
CONTINUOUS
100
AcDbLine
 10
139.2503999999999849
 20
-85.4251000000000005
 30
0
 11
139.5003999999999849
 21
-85.6751000000000005
 31
0
  0
LINE
  5
1D3
330
1A
100
AcDbEntity
  8
BLACK
  6
CONTINUOUS
100
AcDbLine
 10
139.5003999999999849
 20
-85.4251000000000005
 30
0
 11
139.2503999999999849
 21
-85.6751000000000005
 31
0
  0
LINE
  5
1D4
330
1A
100
AcDbEntity
  8
BLACK
  6
CONTINUOUS
100
AcDbLine
 10
139.4353999999999871
 20
-118.565100000000001
 30
0
 11
139.6853999999999871
 21
-118.815100000000001
 31
0
  0
LINE
  5
1D5
330
1A
100
AcDbEntity
  8
BLACK
  6
CONTINUOUS
100
AcDbLine
 10
139.6853999999999871
 20
-118.565100000000001
 30
0
 11
139.4353999999999871
 21
-118.815100000000001
 31
0
  0
LINE
  5
1D6
330
1A
100
AcDbEntity
  8
BLACK
  6
CONTINUOUS
100
AcDbLine
 10
139.4553999999999974
 20
-111.4906000000000006
 30
0
 11
139.7053999999999974
 21
-111.7406000000000006
 31
0
  0
LINE
  5
1D7
330
1A
100
AcDbEntity
  8
BLACK
  6
CONTINUOUS
100
AcDbLine
 10
139.7053999999999974
 20
-111.4906000000000006
 30
0
 11
139.4553999999999974
 21
-111.7406000000000006
 31
0
  0
LINE
  5
1D8
330
1A
100
AcDbEntity
  8
BLACK
  6
CONTINUOUS
100
AcDbLine
 10
139.5253999999999905
 20
-105.2250999999999976
 30
0
 11
139.7753999999999905
 21
-105.4750999999999976
 31
0
  0
LINE
  5
1D9
330
1A
100
AcDbEntity
  8
BLACK
  6
CONTINUOUS
100
AcDbLine
 10
139.7753999999999905
 20
-105.2250999999999976
 30
0
 11
139.5253999999999905
 21
-105.4750999999999976
 31
0
  0
LINE
  5
1DA
330
1A
100
AcDbEntity
  8
BLACK
  6
CONTINUOUS
100
AcDbLine
 10
139.5253999999999905
 20
-105.9750999999999976
 30
0
 11
139.7753999999999905
 21
-106.2250999999999976
 31
0
  0
LINE
  5
1DB
330
1A
100
AcDbEntity
  8
BLACK
  6
CONTINUOUS
100
AcDbLine
 10
139.7753999999999905
 20
-105.9750999999999976
 30
0
 11
139.5253999999999905
 21
-106.2250999999999976
 31
0
  0
LINE
  5
1DC
330
1A
100
AcDbEntity
  8
BLACK
  6
CONTINUOUS
100
AcDbLine
 10
139.7153999999999883
 20
-50.2550999999999988
 30
0
 11
139.9653999999999883
 21
-50.5050999999999988
 31
0
  0
LINE
  5
1DD
330
1A
100
AcDbEntity
  8
BLACK
  6
CONTINUOUS
100
AcDbLine
 10
139.9653999999999883
 20
-50.2550999999999988
 30
0
 11
139.7153999999999883
 21
-50.5050999999999988
 31
0
  0
LINE
  5
1DE
330
1A
100
AcDbEntity
  8
BLACK
  6
CONTINUOUS
100
AcDbLine
 10
139.7153999999999883
 20
-51.5250999999999948
 30
0
 11
139.9653999999999883
 21
-51.7750999999999948
 31
0
  0
LINE
  5
1DF
330
1A
100
AcDbEntity
  8
BLACK
  6
CONTINUOUS
100
AcDbLine
 10
139.9653999999999883
 20
-51.5250999999999948
 30
0
 11
139.7153999999999883
 21
-51.7750999999999948
 31
0
  0
LINE
  5
1E0
330
1A
100
AcDbEntity
  8
BLACK
  6
CONTINUOUS
100
AcDbLine
 10
139.7153999999999883
 20
-52.7950999999999979
 30
0
 11
139.9653999999999883
 21
-53.0450999999999979
 31
0
  0
LINE
  5
1E1
330
1A
100
AcDbEntity
  8
BLACK
  6
CONTINUOUS
100
AcDbLine
 10
139.9653999999999883
 20
-52.7950999999999979
 30
0
 11
139.7153999999999883
 21
-53.0450999999999979
 31
0
  0
LINE
  5
1E2
330
1A
100
AcDbEntity
  8
BLACK
  6
CONTINUOUS
100
AcDbLine
 10
139.7153999999999883
 20
-54.065100000000001
 30
0
 11
139.9653999999999883
 21
-54.315100000000001
 31
0
  0
LINE
  5
1E3
330
1A
100
AcDbEntity
  8
BLACK
  6
CONTINUOUS
100
AcDbLine
 10
139.9653999999999883
 20
-54.065100000000001
 30
0
 11
139.7153999999999883
 21
-54.315100000000001
 31
0
  0
LINE
  5
1E4
330
1A
100
AcDbEntity
  8
BLACK
  6
CONTINUOUS
100
AcDbLine
 10
139.7503999999999849
 20
-84.075099999999992
 30
0
 11
140.0003999999999849
 21
-84.325099999999992
 31
0
  0
LINE
  5
1E5
330
1A
100
AcDbEntity
  8
BLACK
  6
CONTINUOUS
100
AcDbLine
 10
140.0003999999999849
 20
-84.075099999999992
 30
0
 11
139.7503999999999849
 21
-84.325099999999992
 31
0
  0
LINE
  5
1E6
330
1A
100
AcDbEntity
  8
BLACK
  6
CONTINUOUS
100
AcDbLine
 10
139.7503999999999849
 20
-84.6250999999999891
 30
0
 11
140.0003999999999849
 21
-84.8750999999999891
 31
0
  0
LINE
  5
1E7
330
1A
100
AcDbEntity
  8
BLACK
  6
CONTINUOUS
100
AcDbLine
 10
140.0003999999999849
 20
-84.6250999999999891
 30
0
 11
139.7503999999999849
 21
-84.8750999999999891
 31
0
  0
LINE
  5
1E8
330
1A
100
AcDbEntity
  8
BLACK
  6
CONTINUOUS
100
AcDbLine
 10
139.7503999999999849
 20
-85.1751000000000005
 30
0
 11
140.0003999999999849
 21
-85.4251000000000005
 31
0
  0
LINE
  5
1E9
330
1A
100
AcDbEntity
  8
BLACK
  6
CONTINUOUS
100
AcDbLine
 10
140.0003999999999849
 20
-85.1751000000000005
 30
0
 11
139.7503999999999849
 21
-85.4251000000000005
 31
0
  0
LINE
  5
1EA
330
1A
100
AcDbEntity
  8
BLACK
  6
CONTINUOUS
100
AcDbLine
 10
139.8003999999999962
 20
-117.8750999999999891
 30
0
 11
140.0503999999999962
 21
-118.1250999999999891
 31
0
  0
LINE
  5
1EB
330
1A
100
AcDbEntity
  8
BLACK
  6
CONTINUOUS
100
AcDbLine
 10
140.0503999999999962
 20
-117.8750999999999891
 30
0
 11
139.8003999999999962
 21
-118.1250999999999891
 31
0
  0
LINE
  5
1EC
330
1A
100
AcDbEntity
  8
BLACK
  6
CONTINUOUS
100
AcDbLine
 10
139.8854000000000042
 20
-110.7950999999999908
 30
0
 11
140.1354000000000042
 21
-111.0450999999999908
 31
0
  0
LINE
  5
1ED
330
1A
100
AcDbEntity
  8
BLACK
  6
CONTINUOUS
100
AcDbLine
 10
140.1354000000000042
 20
-110.7950999999999908
 30
0
 11
139.8854000000000042
 21
-111.0450999999999908
 31
0
  0
LINE
  5
1EE
330
1A
100
AcDbEntity
  8
BLACK
  6
CONTINUOUS
100
AcDbLine
 10
139.8953999999999951
 20
-120.1751000000000005
 30
0
 11
140.1453999999999951
 21
-120.4251000000000005
 31
0
  0
LINE
  5
1EF
330
1A
100
AcDbEntity
  8
BLACK
  6
CONTINUOUS
100
AcDbLine
 10
140.1453999999999951
 20
-120.1751000000000005
 30
0
 11
139.8953999999999951
 21
-120.4251000000000005
 31
0
  0
LINE
  5
1F0
330
1A
100
AcDbEntity
  8
BLACK
  6
CONTINUOUS
100
AcDbLine
 10
139.9253999999999962
 20
-77.4000999999999948
 30
0
 11
140.1753999999999962
 21
-77.6500999999999948
 31
0
  0
LINE
  5
1F1
330
1A
100
AcDbEntity
  8
BLACK
  6
CONTINUOUS
100
AcDbLine
 10
140.1753999999999962
 20
-77.4000999999999948
 30
0
 11
139.9253999999999962
 21
-77.6500999999999948
 31
0
  0
LINE
  5
1F2
330
1A
100
AcDbEntity
  8
BLACK
  6
CONTINUOUS
100
AcDbLine
 10
139.9253999999999962
 20
-78.200099999999992
 30
0
 11
140.1753999999999962
 21
-78.450099999999992
 31
0
  0
LINE
  5
1F3
330
1A
100
AcDbEntity
  8
BLACK
  6
CONTINUOUS
100
AcDbLine
 10
140.1753999999999962
 20
-78.200099999999992
 30
0
 11
139.9253999999999962
 21
-78.450099999999992
 31
0
  0
LINE
  5
1F4
330
1A
100
AcDbEntity
  8
BLACK
  6
CONTINUOUS
100
AcDbLine
 10
139.9253999999999962
 20
-79.0001000000000033
 30
0
 11
140.1753999999999962
 21
-79.2501000000000033
 31
0
  0
LINE
  5
1F5
330
1A
100
AcDbEntity
  8
BLACK
  6
CONTINUOUS
100
AcDbLine
 10
140.1753999999999962
 20
-79.0001000000000033
 30
0
 11
139.9253999999999962
 21
-79.2501000000000033
 31
0
  0
LINE
  5
1F6
330
1A
100
AcDbEntity
  8
BLACK
  6
CONTINUOUS
100
AcDbLine
 10
139.9253999999999962
 20
-79.8001000000000005
 30
0
 11
140.1753999999999962
 21
-80.0501000000000005
 31
0
  0
LINE
  5
1F7
330
1A
100
AcDbEntity
  8
BLACK
  6
CONTINUOUS
100
AcDbLine
 10
140.1753999999999962
 20
-79.8001000000000005
 30
0
 11
139.9253999999999962
 21
-80.0501000000000005
 31
0
  0
LINE
  5
1F8
330
1A
100
AcDbEntity
  8
BLACK
  6
CONTINUOUS
100
AcDbLine
 10
139.9253999999999962
 20
-80.6000999999999976
 30
0
 11
140.1753999999999962
 21
-80.8500999999999976
 31
0
  0
LINE
  5
1F9
330
1A
100
AcDbEntity
  8
BLACK
  6
CONTINUOUS
100
AcDbLine
 10
140.1753999999999962
 20
-80.6000999999999976
 30
0
 11
139.9253999999999962
 21
-80.8500999999999976
 31
0
  0
LINE
  5
1FA
330
1A
100
AcDbEntity
  8
BLACK
  6
CONTINUOUS
100
AcDbLine
 10
140.1004000000000076
 20
-104.6500999999999948
 30
0
 11
140.3504000000000076
 21
-104.9000999999999948
 31
0
  0
LINE
  5
1FB
330
1A
100
AcDbEntity
  8
BLACK
  6
CONTINUOUS
100
AcDbLine
 10
140.3504000000000076
 20
-104.6500999999999948
 30
0
 11
140.1004000000000076
 21
-104.9000999999999948
 31
0
  0
LINE
  5
1FC
330
1A
100
AcDbEntity
  8
BLACK
  6
CONTINUOUS
100
AcDbLine
 10
140.1753999999999962
 20
-95.1500999999999948
 30
0
 11
140.4253999999999962
 21
-95.4000999999999948
 31
0
  0
LINE
  5
1FD
330
1A
100
AcDbEntity
  8
BLACK
  6
CONTINUOUS
100
AcDbLine
 10
140.4253999999999962
 20
-95.1500999999999948
 30
0
 11
140.1753999999999962
 21
-95.4000999999999948
 31
0
  0
LINE
  5
1FE
330
1A
100
AcDbEntity
  8
BLACK
  6
CONTINUOUS
100
AcDbLine
 10
140.2254000000000076
 20
-84.3500999999999976
 30
0
 11
140.4754000000000076
 21
-84.6000999999999976
 31
0
  0
LINE
  5
1FF
330
1A
100
AcDbEntity
  8
BLACK
  6
CONTINUOUS
100
AcDbLine
 10
140.4754000000000076
 20
-84.3500999999999976
 30
0
 11
140.2254000000000076
 21
-84.6000999999999976
 31
0
  0
LINE
  5
200
330
1A
100
AcDbEntity
  8
BLACK
  6
CONTINUOUS
100
AcDbLine
 10
140.2254000000000076
 20
-84.9000999999999948
 30
0
 11
140.4754000000000076
 21
-85.1500999999999948
 31
0
  0
LINE
  5
201
330
1A
100
AcDbEntity
  8
BLACK
  6
CONTINUOUS
100
AcDbLine
 10
140.4754000000000076
 20
-84.9000999999999948
 30
0
 11
140.2254000000000076
 21
-85.1500999999999948
 31
0
  0
LINE
  5
202
330
1A
100
AcDbEntity
  8
BLACK
  6
CONTINUOUS
100
AcDbLine
 10
140.2254000000000076
 20
-85.450099999999992
 30
0
 11
140.4754000000000076
 21
-85.700099999999992
 31
0
  0
LINE
  5
203
330
1A
100
AcDbEntity
  8
BLACK
  6
CONTINUOUS
100
AcDbLine
 10
140.4754000000000076
 20
-85.450099999999992
 30
0
 11
140.2254000000000076
 21
-85.700099999999992
 31
0
  0
LINE
  5
204
330
1A
100
AcDbEntity
  8
BLACK
  6
CONTINUOUS
100
AcDbLine
 10
140.2254000000000076
 20
-92.1751000000000005
 30
0
 11
140.4754000000000076
 21
-92.4251000000000005
 31
0
  0
LINE
  5
205
330
1A
100
AcDbEntity
  8
BLACK
  6
CONTINUOUS
100
AcDbLine
 10
140.4754000000000076
 20
-92.1751000000000005
 30
0
 11
140.2254000000000076
 21
-92.4251000000000005
 31
0
  0
LINE
  5
206
330
1A
100
AcDbEntity
  8
BLACK
  6
CONTINUOUS
100
AcDbLine
 10
140.2653999999999996
 20
-109.575099999999992
 30
0
 11
140.5153999999999996
 21
-109.825099999999992
 31
0
  0
LINE
  5
207
330
1A
100
AcDbEntity
  8
BLACK
  6
CONTINUOUS
100
AcDbLine
 10
140.5153999999999996
 20
-109.575099999999992
 30
0
 11
140.2653999999999996
 21
-109.825099999999992
 31
0
  0
LINE
  5
208
330
1A
100
AcDbEntity
  8
BLACK
  6
CONTINUOUS
100
AcDbLine
 10
140.6453999999999951
 20
-105.325099999999992
 30
0
 11
140.8953999999999951
 21
-105.575099999999992
 31
0
  0
LINE
  5
209
330
1A
100
AcDbEntity
  8
BLACK
  6
CONTINUOUS
100
AcDbLine
 10
140.8953999999999951
 20
-105.325099999999992
 30
0
 11
140.6453999999999951
 21
-105.575099999999992
 31
0
  0
LINE
  5
20A
330
1A
100
AcDbEntity
  8
BLACK
  6
CONTINUOUS
100
AcDbLine
 10
140.9253999999999962
 20
-91.825099999999992
 30
0
 11
141.1753999999999962
 21
-92.075099999999992
 31
0
  0
LINE
  5
20B
330
1A
100
AcDbEntity
  8
BLACK
  6
CONTINUOUS
100
AcDbLine
 10
141.1753999999999962
 20
-91.825099999999992
 30
0
 11
140.9253999999999962
 21
-92.075099999999992
 31
0
  0
LINE
  5
20C
330
1A
100
AcDbEntity
  8
BLACK
  6
CONTINUOUS
100
AcDbLine
 10
140.9553999999999974
 20
-107.0350999999999999
 30
0
 11
141.2053999999999974
 21
-107.2850999999999999
 31
0
  0
LINE
  5
20D
330
1A
100
AcDbEntity
  8
BLACK
  6
CONTINUOUS
100
AcDbLine
 10
141.2053999999999974
 20
-107.0350999999999999
 30
0
 11
140.9553999999999974
 21
-107.2850999999999999
 31
0
  0
LINE
  5
20E
330
1A
100
AcDbEntity
  8
BLACK
  6
CONTINUOUS
100
AcDbLine
 10
140.9853999999999985
 20
-50.2550999999999988
 30
0
 11
141.2353999999999985
 21
-50.5050999999999988
 31
0
  0
LINE
  5
20F
330
1A
100
AcDbEntity
  8
BLACK
  6
CONTINUOUS
100
AcDbLine
 10
141.2353999999999985
 20
-50.2550999999999988
 30
0
 11
140.9853999999999985
 21
-50.5050999999999988
 31
0
  0
LINE
  5
210
330
1A
100
AcDbEntity
  8
BLACK
  6
CONTINUOUS
100
AcDbLine
 10
140.9853999999999985
 20
-51.5250999999999948
 30
0
 11
141.2353999999999985
 21
-51.7750999999999948
 31
0
  0
LINE
  5
211
330
1A
100
AcDbEntity
  8
BLACK
  6
CONTINUOUS
100
AcDbLine
 10
141.2353999999999985
 20
-51.5250999999999948
 30
0
 11
140.9853999999999985
 21
-51.7750999999999948
 31
0
  0
LINE
  5
212
330
1A
100
AcDbEntity
  8
BLACK
  6
CONTINUOUS
100
AcDbLine
 10
140.9853999999999985
 20
-52.7950999999999979
 30
0
 11
141.2353999999999985
 21
-53.0450999999999979
 31
0
  0
LINE
  5
213
330
1A
100
AcDbEntity
  8
BLACK
  6
CONTINUOUS
100
AcDbLine
 10
141.2353999999999985
 20
-52.7950999999999979
 30
0
 11
140.9853999999999985
 21
-53.0450999999999979
 31
0
  0
LINE
  5
214
330
1A
100
AcDbEntity
  8
BLACK
  6
CONTINUOUS
100
AcDbLine
 10
140.9853999999999985
 20
-54.065100000000001
 30
0
 11
141.2353999999999985
 21
-54.315100000000001
 31
0
  0
LINE
  5
215
330
1A
100
AcDbEntity
  8
BLACK
  6
CONTINUOUS
100
AcDbLine
 10
141.2353999999999985
 20
-54.065100000000001
 30
0
 11
140.9853999999999985
 21
-54.315100000000001
 31
0
  0
LINE
  5
216
330
1A
100
AcDbEntity
  8
BLACK
  6
CONTINUOUS
100
AcDbLine
 10
141.0149999999999864
 20
-75.754998999999998
 30
0
 11
141.2649999999999864
 21
-76.004998999999998
 31
0
  0
LINE
  5
217
330
1A
100
AcDbEntity
  8
BLACK
  6
CONTINUOUS
100
AcDbLine
 10
141.2649999999999864
 20
-75.754998999999998
 30
0
 11
141.0149999999999864
 21
-76.004998999999998
 31
0
  0
LINE
  5
218
330
1A
100
AcDbEntity
  8
BLACK
  6
CONTINUOUS
100
AcDbLine
 10
141.0253999999999905
 20
-109.6751000000000005
 30
0
 11
141.2753999999999905
 21
-109.9251000000000005
 31
0
  0
LINE
  5
219
330
1A
100
AcDbEntity
  8
BLACK
  6
CONTINUOUS
100
AcDbLine
 10
141.2753999999999905
 20
-109.6751000000000005
 30
0
 11
141.0253999999999905
 21
-109.9251000000000005
 31
0
  0
LINE
  5
21A
330
1A
100
AcDbEntity
  8
BLACK
  6
CONTINUOUS
100
AcDbLine
 10
141.0454000000000008
 20
-95.2950999999999908
 30
0
 11
141.2954000000000008
 21
-95.5450999999999908
 31
0
  0
LINE
  5
21B
330
1A
100
AcDbEntity
  8
BLACK
  6
CONTINUOUS
100
AcDbLine
 10
141.2954000000000008
 20
-95.2950999999999908
 30
0
 11
141.0454000000000008
 21
-95.5450999999999908
 31
0
  0
LINE
  5
21C
330
1A
100
AcDbEntity
  8
BLACK
  6
CONTINUOUS
100
AcDbLine
 10
141.1654000000000053
 20
-121.3750999999999891
 30
0
 11
141.4154000000000053
 21
-121.6250999999999891
 31
0
  0
LINE
  5
21D
330
1A
100
AcDbEntity
  8
BLACK
  6
CONTINUOUS
100
AcDbLine
 10
141.4154000000000053
 20
-121.3750999999999891
 30
0
 11
141.1654000000000053
 21
-121.6250999999999891
 31
0
  0
LINE
  5
21E
330
1A
100
AcDbEntity
  8
BLACK
  6
CONTINUOUS
100
AcDbLine
 10
141.8053999999999917
 20
-102.9050999999999902
 30
0
 11
142.0553999999999917
 21
-103.1550999999999902
 31
0
  0
LINE
  5
21F
330
1A
100
AcDbEntity
  8
BLACK
  6
CONTINUOUS
100
AcDbLine
 10
142.0553999999999917
 20
-102.9050999999999902
 30
0
 11
141.8053999999999917
 21
-103.1550999999999902
 31
0
  0
LINE
  5
220
330
1A
100
AcDbEntity
  8
BLACK
  6
CONTINUOUS
100
AcDbLine
 10
142.2553999999999803
 20
-50.2550999999999988
 30
0
 11
142.5053999999999803
 21
-50.5050999999999988
 31
0
  0
LINE
  5
221
330
1A
100
AcDbEntity
  8
BLACK
  6
CONTINUOUS
100
AcDbLine
 10
142.5053999999999803
 20
-50.2550999999999988
 30
0
 11
142.2553999999999803
 21
-50.5050999999999988
 31
0
  0
LINE
  5
222
330
1A
100
AcDbEntity
  8
BLACK
  6
CONTINUOUS
100
AcDbLine
 10
142.2553999999999803
 20
-51.5250999999999948
 30
0
 11
142.5053999999999803
 21
-51.7750999999999948
 31
0
  0
LINE
  5
223
330
1A
100
AcDbEntity
  8
BLACK
  6
CONTINUOUS
100
AcDbLine
 10
142.5053999999999803
 20
-51.5250999999999948
 30
0
 11
142.2553999999999803
 21
-51.7750999999999948
 31
0
  0
LINE
  5
224
330
1A
100
AcDbEntity
  8
BLACK
  6
CONTINUOUS
100
AcDbLine
 10
142.2553999999999803
 20
-52.7950999999999979
 30
0
 11
142.5053999999999803
 21
-53.0450999999999979
 31
0
  0
LINE
  5
225
330
1A
100
AcDbEntity
  8
BLACK
  6
CONTINUOUS
100
AcDbLine
 10
142.5053999999999803
 20
-52.7950999999999979
 30
0
 11
142.2553999999999803
 21
-53.0450999999999979
 31
0
  0
LINE
  5
226
330
1A
100
AcDbEntity
  8
BLACK
  6
CONTINUOUS
100
AcDbLine
 10
142.2553999999999803
 20
-54.065100000000001
 30
0
 11
142.5053999999999803
 21
-54.315100000000001
 31
0
  0
LINE
  5
227
330
1A
100
AcDbEntity
  8
BLACK
  6
CONTINUOUS
100
AcDbLine
 10
142.5053999999999803
 20
-54.065100000000001
 30
0
 11
142.2553999999999803
 21
-54.315100000000001
 31
0
  0
LINE
  5
228
330
1A
100
AcDbEntity
  8
BLACK
  6
CONTINUOUS
100
AcDbLine
 10
142.365399999999994
 20
-102.3550999999999931
 30
0
 11
142.615399999999994
 21
-102.6050999999999931
 31
0
  0
LINE
  5
229
330
1A
100
AcDbEntity
  8
BLACK
  6
CONTINUOUS
100
AcDbLine
 10
142.615399999999994
 20
-102.3550999999999931
 30
0
 11
142.365399999999994
 21
-102.6050999999999931
 31
0
  0
LINE
  5
22A
330
1A
100
AcDbEntity
  8
BLACK
  6
CONTINUOUS
100
AcDbLine
 10
142.5653999999999826
 20
-103.4750999999999976
 30
0
 11
142.8153999999999826
 21
-103.7250999999999976
 31
0
  0
LINE
  5
22B
330
1A
100
AcDbEntity
  8
BLACK
  6
CONTINUOUS
100
AcDbLine
 10
142.8153999999999826
 20
-103.4750999999999976
 30
0
 11
142.5653999999999826
 21
-103.7250999999999976
 31
0
  0
LINE
  5
22C
330
1A
100
AcDbEntity
  8
BLACK
  6
CONTINUOUS
100
AcDbLine
 10
142.7549999999999955
 20
-84.7250999999999976
 30
0
 11
143.0049999999999955
 21
-84.9750999999999976
 31
0
  0
LINE
  5
22D
330
1A
100
AcDbEntity
  8
BLACK
  6
CONTINUOUS
100
AcDbLine
 10
143.0049999999999955
 20
-84.7250999999999976
 30
0
 11
142.7549999999999955
 21
-84.9750999999999976
 31
0
  0
LINE
  5
22E
330
1A
100
AcDbEntity
  8
BLACK
  6
CONTINUOUS
100
AcDbLine
 10
142.9253999999999962
 20
-77.4000999999999948
 30
0
 11
143.1753999999999962
 21
-77.6500999999999948
 31
0
  0
LINE
  5
22F
330
1A
100
AcDbEntity
  8
BLACK
  6
CONTINUOUS
100
AcDbLine
 10
143.1753999999999962
 20
-77.4000999999999948
 30
0
 11
142.9253999999999962
 21
-77.6500999999999948
 31
0
  0
LINE
  5
230
330
1A
100
AcDbEntity
  8
BLACK
  6
CONTINUOUS
100
AcDbLine
 10
142.9253999999999962
 20
-78.200099999999992
 30
0
 11
143.1753999999999962
 21
-78.450099999999992
 31
0
  0
LINE
  5
231
330
1A
100
AcDbEntity
  8
BLACK
  6
CONTINUOUS
100
AcDbLine
 10
143.1753999999999962
 20
-78.200099999999992
 30
0
 11
142.9253999999999962
 21
-78.450099999999992
 31
0
  0
LINE
  5
232
330
1A
100
AcDbEntity
  8
BLACK
  6
CONTINUOUS
100
AcDbLine
 10
142.9253999999999962
 20
-79.0001000000000033
 30
0
 11
143.1753999999999962
 21
-79.2501000000000033
 31
0
  0
LINE
  5
233
330
1A
100
AcDbEntity
  8
BLACK
  6
CONTINUOUS
100
AcDbLine
 10
143.1753999999999962
 20
-79.0001000000000033
 30
0
 11
142.9253999999999962
 21
-79.2501000000000033
 31
0
  0
LINE
  5
234
330
1A
100
AcDbEntity
  8
BLACK
  6
CONTINUOUS
100
AcDbLine
 10
142.9253999999999962
 20
-79.8001000000000005
 30
0
 11
143.1753999999999962
 21
-80.0501000000000005
 31
0
  0
LINE
  5
235
330
1A
100
AcDbEntity
  8
BLACK
  6
CONTINUOUS
100
AcDbLine
 10
143.1753999999999962
 20
-79.8001000000000005
 30
0
 11
142.9253999999999962
 21
-80.0501000000000005
 31
0
  0
LINE
  5
236
330
1A
100
AcDbEntity
  8
BLACK
  6
CONTINUOUS
100
AcDbLine
 10
142.9253999999999962
 20
-80.6000999999999976
 30
0
 11
143.1753999999999962
 21
-80.8500999999999976
 31
0
  0
LINE
  5
237
330
1A
100
AcDbEntity
  8
BLACK
  6
CONTINUOUS
100
AcDbLine
 10
143.1753999999999962
 20
-80.6000999999999976
 30
0
 11
142.9253999999999962
 21
-80.8500999999999976
 31
0
  0
LINE
  5
238
330
1A
100
AcDbEntity
  8
BLACK
  6
CONTINUOUS
100
AcDbLine
 10
142.9253999999999962
 20
-92.7500999999999891
 30
0
 11
143.1753999999999962
 21
-93.0000999999999891
 31
0
  0
LINE
  5
239
330
1A
100
AcDbEntity
  8
BLACK
  6
CONTINUOUS
100
AcDbLine
 10
143.1753999999999962
 20
-92.7500999999999891
 30
0
 11
142.9253999999999962
 21
-93.0000999999999891
 31
0
  0
LINE
  5
23A
330
1A
100
AcDbEntity
  8
BLACK
  6
CONTINUOUS
100
AcDbLine
 10
142.9754000000000076
 20
-94.450099999999992
 30
0
 11
143.2254000000000076
 21
-94.700099999999992
 31
0
  0
LINE
  5
23B
330
1A
100
AcDbEntity
  8
BLACK
  6
CONTINUOUS
100
AcDbLine
 10
143.2254000000000076
 20
-94.450099999999992
 30
0
 11
142.9754000000000076
 21
-94.700099999999992
 31
0
  0
LINE
  5
23C
330
1A
100
AcDbEntity
  8
BLACK
  6
CONTINUOUS
100
AcDbLine
 10
143.0034179999999822
 20
-107.1666999999999916
 30
0
 11
143.2534179999999822
 21
-107.4166999999999916
 31
0
  0
LINE
  5
23D
330
1A
100
AcDbEntity
  8
BLACK
  6
CONTINUOUS
100
AcDbLine
 10
143.2534179999999822
 20
-107.1666999999999916
 30
0
 11
143.0034179999999822
 21
-107.4166999999999916
 31
0
  0
LINE
  5
23E
330
1A
100
AcDbEntity
  8
BLACK
  6
CONTINUOUS
100
AcDbLine
 10
143.1253999999999849
 20
-112.7750999999999948
 30
0
 11
143.3753999999999849
 21
-113.0250999999999948
 31
0
  0
LINE
  5
23F
330
1A
100
AcDbEntity
  8
BLACK
  6
CONTINUOUS
100
AcDbLine
 10
143.3753999999999849
 20
-112.7750999999999948
 30
0
 11
143.1253999999999849
 21
-113.0250999999999948
 31
0
  0
LINE
  5
240
330
1A
100
AcDbEntity
  8
BLACK
  6
CONTINUOUS
100
AcDbLine
 10
143.1500000000000057
 20
-101.375
 30
0
 11
143.4000000000000057
 21
-101.625
 31
0
  0
LINE
  5
241
330
1A
100
AcDbEntity
  8
BLACK
  6
CONTINUOUS
100
AcDbLine
 10
143.4000000000000057
 20
-101.375
 30
0
 11
143.1500000000000057
 21
-101.625
 31
0
  0
LINE
  5
242
330
1A
100
AcDbEntity
  8
BLACK
  6
CONTINUOUS
100
AcDbLine
 10
143.2299999999999898
 20
-84.450099999999992
 30
0
 11
143.4799999999999898
 21
-84.700099999999992
 31
0
  0
LINE
  5
243
330
1A
100
AcDbEntity
  8
BLACK
  6
CONTINUOUS
100
AcDbLine
 10
143.4799999999999898
 20
-84.450099999999992
 30
0
 11
143.2299999999999898
 21
-84.700099999999992
 31
0
  0
LINE
  5
244
330
1A
100
AcDbEntity
  8
BLACK
  6
CONTINUOUS
100
AcDbLine
 10
143.2299999999999898
 20
-85.0000999999999891
 30
0
 11
143.4799999999999898
 21
-85.2500999999999891
 31
0
  0
LINE
  5
245
330
1A
100
AcDbEntity
  8
BLACK
  6
CONTINUOUS
100
AcDbLine
 10
143.4799999999999898
 20
-85.0000999999999891
 30
0
 11
143.2299999999999898
 21
-85.2500999999999891
 31
0
  0
LINE
  5
246
330
1A
100
AcDbEntity
  8
BLACK
  6
CONTINUOUS
100
AcDbLine
 10
143.25
 20
-98.5749999999999886
 30
0
 11
143.5
 21
-98.8249999999999886
 31
0
  0
LINE
  5
247
330
1A
100
AcDbEntity
  8
BLACK
  6
CONTINUOUS
100
AcDbLine
 10
143.5
 20
-98.5749999999999886
 30
0
 11
143.25
 21
-98.8249999999999886
 31
0
  0
LINE
  5
248
330
1A
100
AcDbEntity
  8
BLACK
  6
CONTINUOUS
100
AcDbLine
 10
143.3254000000000019
 20
-109.5350999999999999
 30
0
 11
143.5754000000000019
 21
-109.7850999999999999
 31
0
  0
LINE
  5
249
330
1A
100
AcDbEntity
  8
BLACK
  6
CONTINUOUS
100
AcDbLine
 10
143.5754000000000019
 20
-109.5350999999999999
 30
0
 11
143.3254000000000019
 21
-109.7850999999999999
 31
0
  0
LINE
  5
24A
330
1A
100
AcDbEntity
  8
BLACK
  6
CONTINUOUS
100
AcDbLine
 10
143.5253999999999905
 20
-50.2550999999999988
 30
0
 11
143.7753999999999905
 21
-50.5050999999999988
 31
0
  0
LINE
  5
24B
330
1A
100
AcDbEntity
  8
BLACK
  6
CONTINUOUS
100
AcDbLine
 10
143.7753999999999905
 20
-50.2550999999999988
 30
0
 11
143.5253999999999905
 21
-50.5050999999999988
 31
0
  0
LINE
  5
24C
330
1A
100
AcDbEntity
  8
BLACK
  6
CONTINUOUS
100
AcDbLine
 10
143.5253999999999905
 20
-51.5250999999999948
 30
0
 11
143.7753999999999905
 21
-51.7750999999999948
 31
0
  0
LINE
  5
24D
330
1A
100
AcDbEntity
  8
BLACK
  6
CONTINUOUS
100
AcDbLine
 10
143.7753999999999905
 20
-51.5250999999999948
 30
0
 11
143.5253999999999905
 21
-51.7750999999999948
 31
0
  0
LINE
  5
24E
330
1A
100
AcDbEntity
  8
BLACK
  6
CONTINUOUS
100
AcDbLine
 10
143.5253999999999905
 20
-52.7950999999999979
 30
0
 11
143.7753999999999905
 21
-53.0450999999999979
 31
0
  0
LINE
  5
24F
330
1A
100
AcDbEntity
  8
BLACK
  6
CONTINUOUS
100
AcDbLine
 10
143.7753999999999905
 20
-52.7950999999999979
 30
0
 11
143.5253999999999905
 21
-53.0450999999999979
 31
0
  0
LINE
  5
250
330
1A
100
AcDbEntity
  8
BLACK
  6
CONTINUOUS
100
AcDbLine
 10
143.5253999999999905
 20
-56.6051000000000002
 30
0
 11
143.7753999999999905
 21
-56.8551000000000002
 31
0
  0
LINE
  5
251
330
1A
100
AcDbEntity
  8
BLACK
  6
CONTINUOUS
100
AcDbLine
 10
143.7753999999999905
 20
-56.6051000000000002
 30
0
 11
143.5253999999999905
 21
-56.8551000000000002
 31
0
  0
LINE
  5
252
330
1A
100
AcDbEntity
  8
BLACK
  6
CONTINUOUS
100
AcDbLine
 10
143.5754000000000019
 20
-106.6250999999999891
 30
0
 11
143.8254000000000019
 21
-106.8750999999999891
 31
0
  0
LINE
  5
253
330
1A
100
AcDbEntity
  8
BLACK
  6
CONTINUOUS
100
AcDbLine
 10
143.8254000000000019
 20
-106.6250999999999891
 30
0
 11
143.5754000000000019
 21
-106.8750999999999891
 31
0
  0
LINE
  5
254
330
1A
100
AcDbEntity
  8
BLACK
  6
CONTINUOUS
100
AcDbLine
 10
143.5888809999999864
 20
-93.2220739999999921
 30
0
 11
143.8388809999999864
 21
-93.4720739999999921
 31
0
  0
LINE
  5
255
330
1A
100
AcDbEntity
  8
BLACK
  6
CONTINUOUS
100
AcDbLine
 10
143.8388809999999864
 20
-93.2220739999999921
 30
0
 11
143.5888809999999864
 21
-93.4720739999999921
 31
0
  0
LINE
  5
256
330
1A
100
AcDbEntity
  8
BLACK
  6
CONTINUOUS
100
AcDbLine
 10
143.5888809999999864
 20
-93.9720739999999921
 30
0
 11
143.8388809999999864
 21
-94.2220739999999921
 31
0
  0
LINE
  5
257
330
1A
100
AcDbEntity
  8
BLACK
  6
CONTINUOUS
100
AcDbLine
 10
143.8388809999999864
 20
-93.9720739999999921
 30
0
 11
143.5888809999999864
 21
-94.2220739999999921
 31
0
  0
LINE
  5
258
330
1A
100
AcDbEntity
  8
BLACK
  6
CONTINUOUS
100
AcDbLine
 10
143.6882200000000012
 20
-113.3506
 30
0
 11
143.9382200000000012
 21
-113.6006
 31
0
  0
LINE
  5
259
330
1A
100
AcDbEntity
  8
BLACK
  6
CONTINUOUS
100
AcDbLine
 10
143.9382200000000012
 20
-113.3506
 30
0
 11
143.6882200000000012
 21
-113.6006
 31
0
  0
LINE
  5
25A
330
1A
100
AcDbEntity
  8
BLACK
  6
CONTINUOUS
100
AcDbLine
 10
143.7049999999999841
 20
-84.1751000000000005
 30
0
 11
143.9549999999999841
 21
-84.4251000000000005
 31
0
  0
LINE
  5
25B
330
1A
100
AcDbEntity
  8
BLACK
  6
CONTINUOUS
100
AcDbLine
 10
143.9549999999999841
 20
-84.1751000000000005
 30
0
 11
143.7049999999999841
 21
-84.4251000000000005
 31
0
  0
LINE
  5
25C
330
1A
100
AcDbEntity
  8
BLACK
  6
CONTINUOUS
100
AcDbLine
 10
143.7049999999999841
 20
-84.7250999999999976
 30
0
 11
143.9549999999999841
 21
-84.9750999999999976
 31
0
  0
LINE
  5
25D
330
1A
100
AcDbEntity
  8
BLACK
  6
CONTINUOUS
100
AcDbLine
 10
143.9549999999999841
 20
-84.7250999999999976
 30
0
 11
143.7049999999999841
 21
-84.9750999999999976
 31
0
  0
LINE
  5
25E
330
1A
100
AcDbEntity
  8
BLACK
  6
CONTINUOUS
100
AcDbLine
 10
143.7254000000000076
 20
-77.4000999999999948
 30
0
 11
143.9754000000000076
 21
-77.6500999999999948
 31
0
  0
LINE
  5
25F
330
1A
100
AcDbEntity
  8
BLACK
  6
CONTINUOUS
100
AcDbLine
 10
143.9754000000000076
 20
-77.4000999999999948
 30
0
 11
143.7254000000000076
 21
-77.6500999999999948
 31
0
  0
LINE
  5
260
330
1A
100
AcDbEntity
  8
BLACK
  6
CONTINUOUS
100
AcDbLine
 10
143.7254000000000076
 20
-78.200099999999992
 30
0
 11
143.9754000000000076
 21
-78.450099999999992
 31
0
  0
LINE
  5
261
330
1A
100
AcDbEntity
  8
BLACK
  6
CONTINUOUS
100
AcDbLine
 10
143.9754000000000076
 20
-78.200099999999992
 30
0
 11
143.7254000000000076
 21
-78.450099999999992
 31
0
  0
LINE
  5
262
330
1A
100
AcDbEntity
  8
BLACK
  6
CONTINUOUS
100
AcDbLine
 10
143.7254000000000076
 20
-79.0001000000000033
 30
0
 11
143.9754000000000076
 21
-79.2501000000000033
 31
0
  0
LINE
  5
263
330
1A
100
AcDbEntity
  8
BLACK
  6
CONTINUOUS
100
AcDbLine
 10
143.9754000000000076
 20
-79.0001000000000033
 30
0
 11
143.7254000000000076
 21
-79.2501000000000033
 31
0
  0
LINE
  5
264
330
1A
100
AcDbEntity
  8
BLACK
  6
CONTINUOUS
100
AcDbLine
 10
143.7254000000000076
 20
-79.8001000000000005
 30
0
 11
143.9754000000000076
 21
-80.0501000000000005
 31
0
  0
LINE
  5
265
330
1A
100
AcDbEntity
  8
BLACK
  6
CONTINUOUS
100
AcDbLine
 10
143.9754000000000076
 20
-79.8001000000000005
 30
0
 11
143.7254000000000076
 21
-80.0501000000000005
 31
0
  0
LINE
  5
266
330
1A
100
AcDbEntity
  8
BLACK
  6
CONTINUOUS
100
AcDbLine
 10
143.7254000000000076
 20
-80.6000999999999976
 30
0
 11
143.9754000000000076
 21
-80.8500999999999976
 31
0
  0
LINE
  5
267
330
1A
100
AcDbEntity
  8
BLACK
  6
CONTINUOUS
100
AcDbLine
 10
143.9754000000000076
 20
-80.6000999999999976
 30
0
 11
143.7254000000000076
 21
-80.8500999999999976
 31
0
  0
LINE
  5
268
330
1A
100
AcDbEntity
  8
BLACK
  6
CONTINUOUS
100
AcDbLine
 10
143.8254000000000019
 20
-61.1250999999999962
 30
0
 11
144.0754000000000019
 21
-61.3750999999999962
 31
0
  0
LINE
  5
269
330
1A
100
AcDbEntity
  8
BLACK
  6
CONTINUOUS
100
AcDbLine
 10
144.0754000000000019
 20
-61.1250999999999962
 30
0
 11
143.8254000000000019
 21
-61.3750999999999962
 31
0
  0
LINE
  5
26A
330
1A
100
AcDbEntity
  8
BLACK
  6
CONTINUOUS
100
AcDbLine
 10
143.9754000000000076
 20
-87.575099999999992
 30
0
 11
144.2254000000000076
 21
-87.825099999999992
 31
0
  0
LINE
  5
26B
330
1A
100
AcDbEntity
  8
BLACK
  6
CONTINUOUS
100
AcDbLine
 10
144.2254000000000076
 20
-87.575099999999992
 30
0
 11
143.9754000000000076
 21
-87.825099999999992
 31
0
  0
LINE
  5
26C
330
1A
100
AcDbEntity
  8
BLACK
  6
CONTINUOUS
100
AcDbLine
 10
144.0853999999999928
 20
-110.0305999999999926
 30
0
 11
144.3353999999999928
 21
-110.2805999999999926
 31
0
  0
LINE
  5
26D
330
1A
100
AcDbEntity
  8
BLACK
  6
CONTINUOUS
100
AcDbLine
 10
144.3353999999999928
 20
-110.0305999999999926
 30
0
 11
144.0853999999999928
 21
-110.2805999999999926
 31
0
  0
LINE
  5
26E
330
1A
100
AcDbEntity
  8
BLACK
  6
CONTINUOUS
100
AcDbLine
 10
144.1800000000000068
 20
-84.450099999999992
 30
0
 11
144.4300000000000068
 21
-84.700099999999992
 31
0
  0
LINE
  5
26F
330
1A
100
AcDbEntity
  8
BLACK
  6
CONTINUOUS
100
AcDbLine
 10
144.4300000000000068
 20
-84.450099999999992
 30
0
 11
144.1800000000000068
 21
-84.700099999999992
 31
0
  0
LINE
  5
270
330
1A
100
AcDbEntity
  8
BLACK
  6
CONTINUOUS
100
AcDbLine
 10
144.2753999999999905
 20
-119.5250999999999948
 30
0
 11
144.5253999999999905
 21
-119.7750999999999948
 31
0
  0
LINE
  5
271
330
1A
100
AcDbEntity
  8
BLACK
  6
CONTINUOUS
100
AcDbLine
 10
144.5253999999999905
 20
-119.5250999999999948
 30
0
 11
144.2753999999999905
 21
-119.7750999999999948
 31
0
  0
LINE
  5
272
330
1A
100
AcDbEntity
  8
BLACK
  6
CONTINUOUS
100
AcDbLine
 10
144.4253999999999962
 20
-105.6250999999999891
 30
0
 11
144.6753999999999962
 21
-105.8750999999999891
 31
0
  0
LINE
  5
273
330
1A
100
AcDbEntity
  8
BLACK
  6
CONTINUOUS
100
AcDbLine
 10
144.6753999999999962
 20
-105.6250999999999891
 30
0
 11
144.4253999999999962
 21
-105.8750999999999891
 31
0
  0
LINE
  5
274
330
1A
100
AcDbEntity
  8
BLACK
  6
CONTINUOUS
100
AcDbLine
 10
144.5253999999999905
 20
-77.4000999999999948
 30
0
 11
144.7753999999999905
 21
-77.6500999999999948
 31
0
  0
LINE
  5
275
330
1A
100
AcDbEntity
  8
BLACK
  6
CONTINUOUS
100
AcDbLine
 10
144.7753999999999905
 20
-77.4000999999999948
 30
0
 11
144.5253999999999905
 21
-77.6500999999999948
 31
0
  0
LINE
  5
276
330
1A
100
AcDbEntity
  8
BLACK
  6
CONTINUOUS
100
AcDbLine
 10
144.5253999999999905
 20
-78.200099999999992
 30
0
 11
144.7753999999999905
 21
-78.450099999999992
 31
0
  0
LINE
  5
277
330
1A
100
AcDbEntity
  8
BLACK
  6
CONTINUOUS
100
AcDbLine
 10
144.7753999999999905
 20
-78.200099999999992
 30
0
 11
144.5253999999999905
 21
-78.450099999999992
 31
0
  0
LINE
  5
278
330
1A
100
AcDbEntity
  8
BLACK
  6
CONTINUOUS
100
AcDbLine
 10
144.5253999999999905
 20
-79.0001000000000033
 30
0
 11
144.7753999999999905
 21
-79.2501000000000033
 31
0
  0
LINE
  5
279
330
1A
100
AcDbEntity
  8
BLACK
  6
CONTINUOUS
100
AcDbLine
 10
144.7753999999999905
 20
-79.0001000000000033
 30
0
 11
144.5253999999999905
 21
-79.2501000000000033
 31
0
  0
LINE
  5
27A
330
1A
100
AcDbEntity
  8
BLACK
  6
CONTINUOUS
100
AcDbLine
 10
144.5253999999999905
 20
-79.8001000000000005
 30
0
 11
144.7753999999999905
 21
-80.0501000000000005
 31
0
  0
LINE
  5
27B
330
1A
100
AcDbEntity
  8
BLACK
  6
CONTINUOUS
100
AcDbLine
 10
144.7753999999999905
 20
-79.8001000000000005
 30
0
 11
144.5253999999999905
 21
-80.0501000000000005
 31
0
  0
LINE
  5
27C
330
1A
100
AcDbEntity
  8
BLACK
  6
CONTINUOUS
100
AcDbLine
 10
144.5253999999999905
 20
-80.6000999999999976
 30
0
 11
144.7753999999999905
 21
-80.8500999999999976
 31
0
  0
LINE
  5
27D
330
1A
100
AcDbEntity
  8
BLACK
  6
CONTINUOUS
100
AcDbLine
 10
144.7753999999999905
 20
-80.6000999999999976
 30
0
 11
144.5253999999999905
 21
-80.8500999999999976
 31
0
  0
LINE
  5
27E
330
1A
100
AcDbEntity
  8
BLACK
  6
CONTINUOUS
100
AcDbLine
 10
144.5953999999999837
 20
-59.1450999999999993
 30
0
 11
144.8453999999999837
 21
-59.3950999999999993
 31
0
  0
LINE
  5
27F
330
1A
100
AcDbEntity
  8
BLACK
  6
CONTINUOUS
100
AcDbLine
 10
144.8453999999999837
 20
-59.1450999999999993
 30
0
 11
144.5953999999999837
 21
-59.3950999999999993
 31
0
  0
LINE
  5
280
330
1A
100
AcDbEntity
  8
BLACK
  6
CONTINUOUS
100
AcDbLine
 10
144.6753999999999962
 20
-109.5346499999999992
 30
0
 11
144.9253999999999962
 21
-109.7846499999999992
 31
0
  0
LINE
  5
281
330
1A
100
AcDbEntity
  8
BLACK
  6
CONTINUOUS
100
AcDbLine
 10
144.9253999999999962
 20
-109.5346499999999992
 30
0
 11
144.6753999999999962
 21
-109.7846499999999992
 31
0
  0
LINE
  5
282
330
1A
100
AcDbEntity
  8
BLACK
  6
CONTINUOUS
100
AcDbLine
 10
144.855400000000003
 20
-97.6550999999999902
 30
0
 11
145.105400000000003
 21
-97.9050999999999902
 31
0
  0
LINE
  5
283
330
1A
100
AcDbEntity
  8
BLACK
  6
CONTINUOUS
100
AcDbLine
 10
145.105400000000003
 20
-97.6550999999999902
 30
0
 11
144.855400000000003
 21
-97.9050999999999902
 31
0
  0
LINE
  5
284
330
1A
100
AcDbEntity
  8
BLACK
  6
CONTINUOUS
100
AcDbLine
 10
144.9539939999999945
 20
-106.9142969999999906
 30
0
 11
145.2039939999999945
 21
-107.1642969999999906
 31
0
  0
LINE
  5
285
330
1A
100
AcDbEntity
  8
BLACK
  6
CONTINUOUS
100
AcDbLine
 10
145.2039939999999945
 20
-106.9142969999999906
 30
0
 11
144.9539939999999945
 21
-107.1642969999999906
 31
0
  0
LINE
  5
286
330
1A
100
AcDbEntity
  8
BLACK
  6
CONTINUOUS
100
AcDbLine
 10
144.9754000000000076
 20
-106.1650999999999954
 30
0
 11
145.2254000000000076
 21
-106.4150999999999954
 31
0
  0
LINE
  5
287
330
1A
100
AcDbEntity
  8
BLACK
  6
CONTINUOUS
100
AcDbLine
 10
145.2254000000000076
 20
-106.1650999999999954
 30
0
 11
144.9754000000000076
 21
-106.4150999999999954
 31
0
  0
LINE
  5
288
330
1A
100
AcDbEntity
  8
BLACK
  6
CONTINUOUS
100
AcDbLine
 10
145.1245999999999867
 20
-82.125
 30
0
 11
145.3745999999999867
 21
-82.375
 31
0
  0
LINE
  5
289
330
1A
100
AcDbEntity
  8
BLACK
  6
CONTINUOUS
100
AcDbLine
 10
145.3745999999999867
 20
-82.125
 30
0
 11
145.1245999999999867
 21
-82.375
 31
0
  0
LINE
  5
28A
330
1A
100
AcDbEntity
  8
BLACK
  6
CONTINUOUS
100
AcDbLine
 10
145.1999999999999886
 20
-99.3999999999999915
 30
0
 11
145.4499999999999886
 21
-99.6499999999999915
 31
0
  0
LINE
  5
28B
330
1A
100
AcDbEntity
  8
BLACK
  6
CONTINUOUS
100
AcDbLine
 10
145.4499999999999886
 20
-99.3999999999999915
 30
0
 11
145.1999999999999886
 21
-99.6499999999999915
 31
0
  0
LINE
  5
28C
330
1A
100
AcDbEntity
  8
BLACK
  6
CONTINUOUS
100
AcDbLine
 10
145.2153999999999883
 20
-105.5450999999999908
 30
0
 11
145.4653999999999883
 21
-105.7950999999999908
 31
0
  0
LINE
  5
28D
330
1A
100
AcDbEntity
  8
BLACK
  6
CONTINUOUS
100
AcDbLine
 10
145.4653999999999883
 20
-105.5450999999999908
 30
0
 11
145.2153999999999883
 21
-105.7950999999999908
 31
0
  0
LINE
  5
28E
330
1A
100
AcDbEntity
  8
BLACK
  6
CONTINUOUS
100
AcDbLine
 10
145.2254000000000076
 20
-61.1250999999999962
 30
0
 11
145.4754000000000076
 21
-61.3750999999999962
 31
0
  0
LINE
  5
28F
330
1A
100
AcDbEntity
  8
BLACK
  6
CONTINUOUS
100
AcDbLine
 10
145.4754000000000076
 20
-61.1250999999999962
 30
0
 11
145.2254000000000076
 21
-61.3750999999999962
 31
0
  0
LINE
  5
290
330
1A
100
AcDbEntity
  8
BLACK
  6
CONTINUOUS
100
AcDbLine
 10
145.2254000000000076
 20
-116.075099999999992
 30
0
 11
145.4754000000000076
 21
-116.325099999999992
 31
0
  0
LINE
  5
291
330
1A
100
AcDbEntity
  8
BLACK
  6
CONTINUOUS
100
AcDbLine
 10
145.4754000000000076
 20
-116.075099999999992
 30
0
 11
145.2254000000000076
 21
-116.325099999999992
 31
0
  0
LINE
  5
292
330
1A
100
AcDbEntity
  8
BLACK
  6
CONTINUOUS
100
AcDbLine
 10
145.2753999999999905
 20
-104.7750999999999948
 30
0
 11
145.5253999999999905
 21
-105.0250999999999948
 31
0
  0
LINE
  5
293
330
1A
100
AcDbEntity
  8
BLACK
  6
CONTINUOUS
100
AcDbLine
 10
145.5253999999999905
 20
-104.7750999999999948
 30
0
 11
145.2753999999999905
 21
-105.0250999999999948
 31
0
  0
LINE
  5
294
330
1A
100
AcDbEntity
  8
BLACK
  6
CONTINUOUS
100
AcDbLine
 10
145.3254000000000019
 20
-77.4000999999999948
 30
0
 11
145.5754000000000019
 21
-77.6500999999999948
 31
0
  0
LINE
  5
295
330
1A
100
AcDbEntity
  8
BLACK
  6
CONTINUOUS
100
AcDbLine
 10
145.5754000000000019
 20
-77.4000999999999948
 30
0
 11
145.3254000000000019
 21
-77.6500999999999948
 31
0
  0
LINE
  5
296
330
1A
100
AcDbEntity
  8
BLACK
  6
CONTINUOUS
100
AcDbLine
 10
145.3254000000000019
 20
-78.200099999999992
 30
0
 11
145.5754000000000019
 21
-78.450099999999992
 31
0
  0
LINE
  5
297
330
1A
100
AcDbEntity
  8
BLACK
  6
CONTINUOUS
100
AcDbLine
 10
145.5754000000000019
 20
-78.200099999999992
 30
0
 11
145.3254000000000019
 21
-78.450099999999992
 31
0
  0
LINE
  5
298
330
1A
100
AcDbEntity
  8
BLACK
  6
CONTINUOUS
100
AcDbLine
 10
145.3254000000000019
 20
-79.0001000000000033
 30
0
 11
145.5754000000000019
 21
-79.2501000000000033
 31
0
  0
LINE
  5
299
330
1A
100
AcDbEntity
  8
BLACK
  6
CONTINUOUS
100
AcDbLine
 10
145.5754000000000019
 20
-79.0001000000000033
 30
0
 11
145.3254000000000019
 21
-79.2501000000000033
 31
0
  0
LINE
  5
29A
330
1A
100
AcDbEntity
  8
BLACK
  6
CONTINUOUS
100
AcDbLine
 10
145.3254000000000019
 20
-79.8001000000000005
 30
0
 11
145.5754000000000019
 21
-80.0501000000000005
 31
0
  0
LINE
  5
29B
330
1A
100
AcDbEntity
  8
BLACK
  6
CONTINUOUS
100
AcDbLine
 10
145.5754000000000019
 20
-79.8001000000000005
 30
0
 11
145.3254000000000019
 21
-80.0501000000000005
 31
0
  0
LINE
  5
29C
330
1A
100
AcDbEntity
  8
BLACK
  6
CONTINUOUS
100
AcDbLine
 10
145.3254000000000019
 20
-80.6000999999999976
 30
0
 11
145.5754000000000019
 21
-80.8500999999999976
 31
0
  0
LINE
  5
29D
330
1A
100
AcDbEntity
  8
BLACK
  6
CONTINUOUS
100
AcDbLine
 10
145.5754000000000019
 20
-80.6000999999999976
 30
0
 11
145.3254000000000019
 21
-80.8500999999999976
 31
0
  0
LINE
  5
29E
330
1A
100
AcDbEntity
  8
BLACK
  6
CONTINUOUS
100
AcDbLine
 10
145.5053999999999803
 20
-97.7650999999999897
 30
0
 11
145.7553999999999803
 21
-98.0150999999999897
 31
0
  0
LINE
  5
29F
330
1A
100
AcDbEntity
  8
BLACK
  6
CONTINUOUS
100
AcDbLine
 10
145.7553999999999803
 20
-97.7650999999999897
 30
0
 11
145.5053999999999803
 21
-98.0150999999999897
 31
0
  0
LINE
  5
2A0
330
1A
100
AcDbEntity
  8
BLACK
  6
CONTINUOUS
100
AcDbLine
 10
145.5053999999999803
 20
-98.3451000000000022
 30
0
 11
145.7553999999999803
 21
-98.5951000000000022
 31
0
  0
LINE
  5
2A1
330
1A
100
AcDbEntity
  8
BLACK
  6
CONTINUOUS
100
AcDbLine
 10
145.7553999999999803
 20
-98.3451000000000022
 30
0
 11
145.5053999999999803
 21
-98.5951000000000022
 31
0
  0
LINE
  5
2A2
330
1A
100
AcDbEntity
  8
BLACK
  6
CONTINUOUS
100
AcDbLine
 10
145.5053999999999803
 20
-98.9251000000000005
 30
0
 11
145.7553999999999803
 21
-99.1751000000000005
 31
0
  0
LINE
  5
2A3
330
1A
100
AcDbEntity
  8
BLACK
  6
CONTINUOUS
100
AcDbLine
 10
145.7553999999999803
 20
-98.9251000000000005
 30
0
 11
145.5053999999999803
 21
-99.1751000000000005
 31
0
  0
LINE
  5
2A4
330
1A
100
AcDbEntity
  8
BLACK
  6
CONTINUOUS
100
AcDbLine
 10
145.6749999999999829
 20
-82.1251000000000033
 30
0
 11
145.9249999999999829
 21
-82.3751000000000033
 31
0
  0
LINE
  5
2A5
330
1A
100
AcDbEntity
  8
BLACK
  6
CONTINUOUS
100
AcDbLine
 10
145.9249999999999829
 20
-82.1251000000000033
 30
0
 11
145.6749999999999829
 21
-82.3751000000000033
 31
0
  0
LINE
  5
2A6
330
1A
100
AcDbEntity
  8
BLACK
  6
CONTINUOUS
100
AcDbLine
 10
145.7503999999999849
 20
-106.1000999999999976
 30
0
 11
146.0003999999999849
 21
-106.3500999999999976
 31
0
  0
LINE
  5
2A7
330
1A
100
AcDbEntity
  8
BLACK
  6
CONTINUOUS
100
AcDbLine
 10
146.0003999999999849
 20
-106.1000999999999976
 30
0
 11
145.7503999999999849
 21
-106.3500999999999976
 31
0
  0
LINE
  5
2A8
330
1A
100
AcDbEntity
  8
BLACK
  6
CONTINUOUS
100
AcDbLine
 10
145.8003999999999962
 20
-116.6250999999999891
 30
0
 11
146.0503999999999962
 21
-116.8750999999999891
 31
0
  0
LINE
  5
2A9
330
1A
100
AcDbEntity
  8
BLACK
  6
CONTINUOUS
100
AcDbLine
 10
146.0503999999999962
 20
-116.6250999999999891
 30
0
 11
145.8003999999999962
 21
-116.8750999999999891
 31
0
  0
LINE
  5
2AA
330
1A
100
AcDbEntity
  8
BLACK
  6
CONTINUOUS
100
AcDbLine
 10
145.8254000000000019
 20
-109.6250999999999891
 30
0
 11
146.0754000000000019
 21
-109.8750999999999891
 31
0
  0
LINE
  5
2AB
330
1A
100
AcDbEntity
  8
BLACK
  6
CONTINUOUS
100
AcDbLine
 10
146.0754000000000019
 20
-109.6250999999999891
 30
0
 11
145.8254000000000019
 21
-109.8750999999999891
 31
0
  0
LINE
  5
2AC
330
1A
100
AcDbEntity
  8
BLACK
  6
CONTINUOUS
100
AcDbLine
 10
145.8254000000000019
 20
-111.7850999999999999
 30
0
 11
146.0754000000000019
 21
-112.0350999999999999
 31
0
  0
LINE
  5
2AD
330
1A
100
AcDbEntity
  8
BLACK
  6
CONTINUOUS
100
AcDbLine
 10
146.0754000000000019
 20
-111.7850999999999999
 30
0
 11
145.8254000000000019
 21
-112.0350999999999999
 31
0
  0
LINE
  5
2AE
330
1A
100
AcDbEntity
  8
BLACK
  6
CONTINUOUS
100
AcDbLine
 10
145.8273250000000019
 20
-112.5807080000000013
 30
0
 11
146.0773250000000019
 21
-112.8307080000000013
 31
0
  0
LINE
  5
2AF
330
1A
100
AcDbEntity
  8
BLACK
  6
CONTINUOUS
100
AcDbLine
 10
146.0773250000000019
 20
-112.5807080000000013
 30
0
 11
145.8273250000000019
 21
-112.8307080000000013
 31
0
  0
LINE
  5
2B0
330
1A
100
AcDbEntity
  8
BLACK
  6
CONTINUOUS
100
AcDbLine
 10
146.1253999999999849
 20
-77.4000999999999948
 30
0
 11
146.3753999999999849
 21
-77.6500999999999948
 31
0
  0
LINE
  5
2B1
330
1A
100
AcDbEntity
  8
BLACK
  6
CONTINUOUS
100
AcDbLine
 10
146.3753999999999849
 20
-77.4000999999999948
 30
0
 11
146.1253999999999849
 21
-77.6500999999999948
 31
0
  0
LINE
  5
2B2
330
1A
100
AcDbEntity
  8
BLACK
  6
CONTINUOUS
100
AcDbLine
 10
146.1253999999999849
 20
-78.200099999999992
 30
0
 11
146.3753999999999849
 21
-78.450099999999992
 31
0
  0
LINE
  5
2B3
330
1A
100
AcDbEntity
  8
BLACK
  6
CONTINUOUS
100
AcDbLine
 10
146.3753999999999849
 20
-78.200099999999992
 30
0
 11
146.1253999999999849
 21
-78.450099999999992
 31
0
  0
LINE
  5
2B4
330
1A
100
AcDbEntity
  8
BLACK
  6
CONTINUOUS
100
AcDbLine
 10
146.1253999999999849
 20
-79.0001000000000033
 30
0
 11
146.3753999999999849
 21
-79.2501000000000033
 31
0
  0
LINE
  5
2B5
330
1A
100
AcDbEntity
  8
BLACK
  6
CONTINUOUS
100
AcDbLine
 10
146.3753999999999849
 20
-79.0001000000000033
 30
0
 11
146.1253999999999849
 21
-79.2501000000000033
 31
0
  0
LINE
  5
2B6
330
1A
100
AcDbEntity
  8
BLACK
  6
CONTINUOUS
100
AcDbLine
 10
146.1253999999999849
 20
-79.8001000000000005
 30
0
 11
146.3753999999999849
 21
-80.0501000000000005
 31
0
  0
LINE
  5
2B7
330
1A
100
AcDbEntity
  8
BLACK
  6
CONTINUOUS
100
AcDbLine
 10
146.3753999999999849
 20
-79.8001000000000005
 30
0
 11
146.1253999999999849
 21
-80.0501000000000005
 31
0
  0
LINE
  5
2B8
330
1A
100
AcDbEntity
  8
BLACK
  6
CONTINUOUS
100
AcDbLine
 10
146.1253999999999849
 20
-80.6000999999999976
 30
0
 11
146.3753999999999849
 21
-80.8500999999999976
 31
0
  0
LINE
  5
2B9
330
1A
100
AcDbEntity
  8
BLACK
  6
CONTINUOUS
100
AcDbLine
 10
146.3753999999999849
 20
-80.6000999999999976
 30
0
 11
146.1253999999999849
 21
-80.8500999999999976
 31
0
  0
LINE
  5
2BA
330
1A
100
AcDbEntity
  8
BLACK
  6
CONTINUOUS
100
AcDbLine
 10
146.2249999999999943
 20
-82.1251010000000008
 30
0
 11
146.4749999999999943
 21
-82.3751010000000008
 31
0
  0
LINE
  5
2BB
330
1A
100
AcDbEntity
  8
BLACK
  6
CONTINUOUS
100
AcDbLine
 10
146.4749999999999943
 20
-82.1251010000000008
 30
0
 11
146.2249999999999943
 21
-82.3751010000000008
 31
0
  0
LINE
  5
2BC
330
1A
100
AcDbEntity
  8
BLACK
  6
CONTINUOUS
100
AcDbLine
 10
146.2249999999999943
 20
-82.6749999999999972
 30
0
 11
146.4749999999999943
 21
-82.9249999999999972
 31
0
  0
LINE
  5
2BD
330
1A
100
AcDbEntity
  8
BLACK
  6
CONTINUOUS
100
AcDbLine
 10
146.4749999999999943
 20
-82.6749999999999972
 30
0
 11
146.2249999999999943
 21
-82.9249999999999972
 31
0
  0
LINE
  5
2BE
330
1A
100
AcDbEntity
  8
BLACK
  6
CONTINUOUS
100
AcDbLine
 10
146.3053999999999917
 20
-105.5951000000000022
 30
0
 11
146.5553999999999917
 21
-105.8451000000000022
 31
0
  0
LINE
  5
2BF
330
1A
100
AcDbEntity
  8
BLACK
  6
CONTINUOUS
100
AcDbLine
 10
146.5553999999999917
 20
-105.5951000000000022
 30
0
 11
146.3053999999999917
 21
-105.8451000000000022
 31
0
  0
LINE
  5
2C0
330
1A
100
AcDbEntity
  8
BLACK
  6
CONTINUOUS
100
AcDbLine
 10
146.5437259999999924
 20
-109.4111809999999991
 30
0
 11
146.7937259999999924
 21
-109.6611809999999991
 31
0
  0
LINE
  5
2C1
330
1A
100
AcDbEntity
  8
BLACK
  6
CONTINUOUS
100
AcDbLine
 10
146.7937259999999924
 20
-109.4111809999999991
 30
0
 11
146.5437259999999924
 21
-109.6611809999999991
 31
0
  0
LINE
  5
2C2
330
1A
100
AcDbEntity
  8
BLACK
  6
CONTINUOUS
100
AcDbLine
 10
146.7750000000000057
 20
-82.1251000000000033
 30
0
 11
147.0250000000000057
 21
-82.3751000000000033
 31
0
  0
LINE
  5
2C3
330
1A
100
AcDbEntity
  8
BLACK
  6
CONTINUOUS
100
AcDbLine
 10
147.0250000000000057
 20
-82.1251000000000033
 30
0
 11
146.7750000000000057
 21
-82.3751000000000033
 31
0
  0
LINE
  5
2C4
330
1A
100
AcDbEntity
  8
BLACK
  6
CONTINUOUS
100
AcDbLine
 10
146.9253999999999962
 20
-77.4000999999999948
 30
0
 11
147.1753999999999962
 21
-77.6500999999999948
 31
0
  0
LINE
  5
2C5
330
1A
100
AcDbEntity
  8
BLACK
  6
CONTINUOUS
100
AcDbLine
 10
147.1753999999999962
 20
-77.4000999999999948
 30
0
 11
146.9253999999999962
 21
-77.6500999999999948
 31
0
  0
LINE
  5
2C6
330
1A
100
AcDbEntity
  8
BLACK
  6
CONTINUOUS
100
AcDbLine
 10
146.9253999999999962
 20
-78.200099999999992
 30
0
 11
147.1753999999999962
 21
-78.450099999999992
 31
0
  0
LINE
  5
2C7
330
1A
100
AcDbEntity
  8
BLACK
  6
CONTINUOUS
100
AcDbLine
 10
147.1753999999999962
 20
-78.200099999999992
 30
0
 11
146.9253999999999962
 21
-78.450099999999992
 31
0
  0
LINE
  5
2C8
330
1A
100
AcDbEntity
  8
BLACK
  6
CONTINUOUS
100
AcDbLine
 10
146.9253999999999962
 20
-79.0001000000000033
 30
0
 11
147.1753999999999962
 21
-79.2501000000000033
 31
0
  0
LINE
  5
2C9
330
1A
100
AcDbEntity
  8
BLACK
  6
CONTINUOUS
100
AcDbLine
 10
147.1753999999999962
 20
-79.0001000000000033
 30
0
 11
146.9253999999999962
 21
-79.2501000000000033
 31
0
  0
LINE
  5
2CA
330
1A
100
AcDbEntity
  8
BLACK
  6
CONTINUOUS
100
AcDbLine
 10
146.9253999999999962
 20
-79.8001000000000005
 30
0
 11
147.1753999999999962
 21
-80.0501000000000005
 31
0
  0
LINE
  5
2CB
330
1A
100
AcDbEntity
  8
BLACK
  6
CONTINUOUS
100
AcDbLine
 10
147.1753999999999962
 20
-79.8001000000000005
 30
0
 11
146.9253999999999962
 21
-80.0501000000000005
 31
0
  0
LINE
  5
2CC
330
1A
100
AcDbEntity
  8
BLACK
  6
CONTINUOUS
100
AcDbLine
 10
146.9253999999999962
 20
-80.6000999999999976
 30
0
 11
147.1753999999999962
 21
-80.8500999999999976
 31
0
  0
LINE
  5
2CD
330
1A
100
AcDbEntity
  8
BLACK
  6
CONTINUOUS
100
AcDbLine
 10
147.1753999999999962
 20
-80.6000999999999976
 30
0
 11
146.9253999999999962
 21
-80.8500999999999976
 31
0
  0
LINE
  5
2CE
330
1A
100
AcDbEntity
  8
BLACK
  6
CONTINUOUS
100
AcDbLine
 10
147.0260609999999986
 20
-89.9486679999999978
 30
0
 11
147.2760609999999986
 21
-90.1986679999999978
 31
0
  0
LINE
  5
2CF
330
1A
100
AcDbEntity
  8
BLACK
  6
CONTINUOUS
100
AcDbLine
 10
147.2760609999999986
 20
-89.9486679999999978
 30
0
 11
147.0260609999999986
 21
-90.1986679999999978
 31
0
  0
LINE
  5
2D0
330
1A
100
AcDbEntity
  8
BLACK
  6
CONTINUOUS
100
AcDbLine
 10
147.0749999999999886
 20
-105.7249999999999943
 30
0
 11
147.3249999999999886
 21
-105.9749999999999943
 31
0
  0
LINE
  5
2D1
330
1A
100
AcDbEntity
  8
BLACK
  6
CONTINUOUS
100
AcDbLine
 10
147.3249999999999886
 20
-105.7249999999999943
 30
0
 11
147.0749999999999886
 21
-105.9749999999999943
 31
0
  0
LINE
  5
2D2
330
1A
100
AcDbEntity
  8
BLACK
  6
CONTINUOUS
100
AcDbLine
 10
147.105400000000003
 20
-48.9850999999999956
 30
0
 11
147.355400000000003
 21
-49.2350999999999956
 31
0
  0
LINE
  5
2D3
330
1A
100
AcDbEntity
  8
BLACK
  6
CONTINUOUS
100
AcDbLine
 10
147.355400000000003
 20
-48.9850999999999956
 30
0
 11
147.105400000000003
 21
-49.2350999999999956
 31
0
  0
LINE
  5
2D4
330
1A
100
AcDbEntity
  8
BLACK
  6
CONTINUOUS
100
AcDbLine
 10
147.105400000000003
 20
-50.2550999999999988
 30
0
 11
147.355400000000003
 21
-50.5050999999999988
 31
0
  0
LINE
  5
2D5
330
1A
100
AcDbEntity
  8
BLACK
  6
CONTINUOUS
100
AcDbLine
 10
147.355400000000003
 20
-50.2550999999999988
 30
0
 11
147.105400000000003
 21
-50.5050999999999988
 31
0
  0
LINE
  5
2D6
330
1A
100
AcDbEntity
  8
BLACK
  6
CONTINUOUS
100
AcDbLine
 10
147.105400000000003
 20
-51.5250999999999948
 30
0
 11
147.355400000000003
 21
-51.7750999999999948
 31
0
  0
LINE
  5
2D7
330
1A
100
AcDbEntity
  8
BLACK
  6
CONTINUOUS
100
AcDbLine
 10
147.355400000000003
 20
-51.5250999999999948
 30
0
 11
147.105400000000003
 21
-51.7750999999999948
 31
0
  0
LINE
  5
2D8
330
1A
100
AcDbEntity
  8
BLACK
  6
CONTINUOUS
100
AcDbLine
 10
147.105400000000003
 20
-52.7950999999999979
 30
0
 11
147.355400000000003
 21
-53.0450999999999979
 31
0
  0
LINE
  5
2D9
330
1A
100
AcDbEntity
  8
BLACK
  6
CONTINUOUS
100
AcDbLine
 10
147.355400000000003
 20
-52.7950999999999979
 30
0
 11
147.105400000000003
 21
-53.0450999999999979
 31
0
  0
LINE
  5
2DA
330
1A
100
AcDbEntity
  8
BLACK
  6
CONTINUOUS
100
AcDbLine
 10
147.5253999999999905
 20
-103.575099999999992
 30
0
 11
147.7753999999999905
 21
-103.825099999999992
 31
0
  0
LINE
  5
2DB
330
1A
100
AcDbEntity
  8
BLACK
  6
CONTINUOUS
100
AcDbLine
 10
147.7753999999999905
 20
-103.575099999999992
 30
0
 11
147.5253999999999905
 21
-103.825099999999992
 31
0
  0
LINE
  5
2DC
330
1A
100
AcDbEntity
  8
BLACK
  6
CONTINUOUS
100
AcDbLine
 10
147.7004000000000019
 20
-106.9750999999999976
 30
0
 11
147.9504000000000019
 21
-107.2250999999999976
 31
0
  0
LINE
  5
2DD
330
1A
100
AcDbEntity
  8
BLACK
  6
CONTINUOUS
100
AcDbLine
 10
147.9504000000000019
 20
-106.9750999999999976
 30
0
 11
147.7004000000000019
 21
-107.2250999999999976
 31
0
  0
LINE
  5
2DE
330
1A
100
AcDbEntity
  8
BLACK
  6
CONTINUOUS
100
AcDbLine
 10
147.7258999999999958
 20
-107.7638120000000015
 30
0
 11
147.9758999999999958
 21
-108.0138120000000015
 31
0
  0
LINE
  5
2DF
330
1A
100
AcDbEntity
  8
BLACK
  6
CONTINUOUS
100
AcDbLine
 10
147.9758999999999958
 20
-107.7638120000000015
 30
0
 11
147.7258999999999958
 21
-108.0138120000000015
 31
0
  0
LINE
  5
2E0
330
1A
100
AcDbEntity
  8
BLACK
  6
CONTINUOUS
100
AcDbLine
 10
147.7760609999999986
 20
-89.9486679999999978
 30
0
 11
148.0260609999999986
 21
-90.1986679999999978
 31
0
  0
LINE
  5
2E1
330
1A
100
AcDbEntity
  8
BLACK
  6
CONTINUOUS
100
AcDbLine
 10
148.0260609999999986
 20
-89.9486679999999978
 30
0
 11
147.7760609999999986
 21
-90.1986679999999978
 31
0
  0
LINE
  5
2E2
330
1A
100
AcDbEntity
  8
BLACK
  6
CONTINUOUS
100
AcDbLine
 10
148.1753999999999962
 20
-102.9750999999999976
 30
0
 11
148.4253999999999962
 21
-103.2250999999999976
 31
0
  0
LINE
  5
2E3
330
1A
100
AcDbEntity
  8
BLACK
  6
CONTINUOUS
100
AcDbLine
 10
148.4253999999999962
 20
-102.9750999999999976
 30
0
 11
148.1753999999999962
 21
-103.2250999999999976
 31
0
  0
LINE
  5
2E4
330
1A
100
AcDbEntity
  8
BLACK
  6
CONTINUOUS
100
AcDbLine
 10
148.3461049999999943
 20
-98.6043949999999967
 30
0
 11
148.5961049999999943
 21
-98.8543949999999967
 31
0
  0
LINE
  5
2E5
330
1A
100
AcDbEntity
  8
BLACK
  6
CONTINUOUS
100
AcDbLine
 10
148.5961049999999943
 20
-98.6043949999999967
 30
0
 11
148.3461049999999943
 21
-98.8543949999999967
 31
0
  0
LINE
  5
2E6
330
1A
100
AcDbEntity
  8
BLACK
  6
CONTINUOUS
100
AcDbLine
 10
148.3753999999999849
 20
-51.5250999999999948
 30
0
 11
148.6253999999999849
 21
-51.7750999999999948
 31
0
  0
LINE
  5
2E7
330
1A
100
AcDbEntity
  8
BLACK
  6
CONTINUOUS
100
AcDbLine
 10
148.6253999999999849
 20
-51.5250999999999948
 30
0
 11
148.3753999999999849
 21
-51.7750999999999948
 31
0
  0
LINE
  5
2E8
330
1A
100
AcDbEntity
  8
BLACK
  6
CONTINUOUS
100
AcDbLine
 10
148.3753999999999849
 20
-52.7950999999999979
 30
0
 11
148.6253999999999849
 21
-53.0450999999999979
 31
0
  0
LINE
  5
2E9
330
1A
100
AcDbEntity
  8
BLACK
  6
CONTINUOUS
100
AcDbLine
 10
148.6253999999999849
 20
-52.7950999999999979
 30
0
 11
148.3753999999999849
 21
-53.0450999999999979
 31
0
  0
LINE
  5
2EA
330
1A
100
AcDbEntity
  8
BLACK
  6
CONTINUOUS
100
AcDbLine
 10
148.3753999999999849
 20
-57.5750999999999991
 30
0
 11
148.6253999999999849
 21
-57.8250999999999991
 31
0
  0
LINE
  5
2EB
330
1A
100
AcDbEntity
  8
BLACK
  6
CONTINUOUS
100
AcDbLine
 10
148.6253999999999849
 20
-57.5750999999999991
 30
0
 11
148.3753999999999849
 21
-57.8250999999999991
 31
0
  0
LINE
  5
2EC
330
1A
100
AcDbEntity
  8
BLACK
  6
CONTINUOUS
100
AcDbLine
 10
148.3941669999999817
 20
-99.8563329999999922
 30
0
 11
148.6441669999999817
 21
-100.1063329999999922
 31
0
  0
LINE
  5
2ED
330
1A
100
AcDbEntity
  8
BLACK
  6
CONTINUOUS
100
AcDbLine
 10
148.6441669999999817
 20
-99.8563329999999922
 30
0
 11
148.3941669999999817
 21
-100.1063329999999922
 31
0
  0
LINE
  5
2EE
330
1A
100
AcDbEntity
  8
BLACK
  6
CONTINUOUS
100
AcDbLine
 10
148.4003999999999905
 20
-89.450099999999992
 30
0
 11
148.6503999999999905
 21
-89.700099999999992
 31
0
  0
LINE
  5
2EF
330
1A
100
AcDbEntity
  8
BLACK
  6
CONTINUOUS
100
AcDbLine
 10
148.6503999999999905
 20
-89.450099999999992
 30
0
 11
148.4003999999999905
 21
-89.700099999999992
 31
0
  0
LINE
  5
2F0
330
1A
100
AcDbEntity
  8
BLACK
  6
CONTINUOUS
100
AcDbLine
 10
148.7753999999999905
 20
-103.5250999999999948
 30
0
 11
149.0253999999999905
 21
-103.7750999999999948
 31
0
  0
LINE
  5
2F1
330
1A
100
AcDbEntity
  8
BLACK
  6
CONTINUOUS
100
AcDbLine
 10
149.0253999999999905
 20
-103.5250999999999948
 30
0
 11
148.7753999999999905
 21
-103.7750999999999948
 31
0
  0
LINE
  5
2F2
330
1A
100
AcDbEntity
  8
BLACK
  6
CONTINUOUS
100
AcDbLine
 10
148.8003999999999962
 20
-100.5250999999999948
 30
0
 11
149.0503999999999962
 21
-100.7750999999999948
 31
0
  0
LINE
  5
2F3
330
1A
100
AcDbEntity
  8
BLACK
  6
CONTINUOUS
100
AcDbLine
 10
149.0503999999999962
 20
-100.5250999999999948
 30
0
 11
148.8003999999999962
 21
-100.7750999999999948
 31
0
  0
LINE
  5
2F4
330
1A
100
AcDbEntity
  8
BLACK
  6
CONTINUOUS
100
AcDbLine
 10
148.8249999999999886
 20
-86.375
 30
0
 11
149.0749999999999886
 21
-86.625
 31
0
  0
LINE
  5
2F5
330
1A
100
AcDbEntity
  8
BLACK
  6
CONTINUOUS
100
AcDbLine
 10
149.0749999999999886
 20
-86.375
 30
0
 11
148.8249999999999886
 21
-86.625
 31
0
  0
LINE
  5
2F6
330
1A
100
AcDbEntity
  8
BLACK
  6
CONTINUOUS
100
AcDbLine
 10
148.8249999999999886
 20
-86.9249999999999972
 30
0
 11
149.0749999999999886
 21
-87.1749999999999972
 31
0
  0
LINE
  5
2F7
330
1A
100
AcDbEntity
  8
BLACK
  6
CONTINUOUS
100
AcDbLine
 10
149.0749999999999886
 20
-86.9249999999999972
 30
0
 11
148.8249999999999886
 21
-87.1749999999999972
 31
0
  0
LINE
  5
2F8
330
1A
100
AcDbEntity
  8
BLACK
  6
CONTINUOUS
100
AcDbLine
 10
148.8417330000000049
 20
-90.1354240000000004
 30
0
 11
149.0917330000000049
 21
-90.3854240000000004
 31
0
  0
LINE
  5
2F9
330
1A
100
AcDbEntity
  8
BLACK
  6
CONTINUOUS
100
AcDbLine
 10
149.0917330000000049
 20
-90.1354240000000004
 30
0
 11
148.8417330000000049
 21
-90.3854240000000004
 31
0
  0
LINE
  5
2FA
330
1A
100
AcDbEntity
  8
BLACK
  6
CONTINUOUS
100
AcDbLine
 10
149.2999999999999829
 20
-85.5499999999999972
 30
0
 11
149.5499999999999829
 21
-85.7999999999999972
 31
0
  0
LINE
  5
2FB
330
1A
100
AcDbEntity
  8
BLACK
  6
CONTINUOUS
100
AcDbLine
 10
149.5499999999999829
 20
-85.5499999999999972
 30
0
 11
149.2999999999999829
 21
-85.7999999999999972
 31
0
  0
LINE
  5
2FC
330
1A
100
AcDbEntity
  8
BLACK
  6
CONTINUOUS
100
AcDbLine
 10
149.2999999999999829
 20
-86.0999999999999943
 30
0
 11
149.5499999999999829
 21
-86.3499999999999943
 31
0
  0
LINE
  5
2FD
330
1A
100
AcDbEntity
  8
BLACK
  6
CONTINUOUS
100
AcDbLine
 10
149.5499999999999829
 20
-86.0999999999999943
 30
0
 11
149.2999999999999829
 21
-86.3499999999999943
 31
0
  0
LINE
  5
2FE
330
1A
100
AcDbEntity
  8
BLACK
  6
CONTINUOUS
100
AcDbLine
 10
149.2999999999999829
 20
-86.6499999999999915
 30
0
 11
149.5499999999999829
 21
-86.8999999999999915
 31
0
  0
LINE
  5
2FF
330
1A
100
AcDbEntity
  8
BLACK
  6
CONTINUOUS
100
AcDbLine
 10
149.5499999999999829
 20
-86.6499999999999915
 30
0
 11
149.2999999999999829
 21
-86.8999999999999915
 31
0
  0
LINE
  5
300
330
1A
100
AcDbEntity
  8
BLACK
  6
CONTINUOUS
100
AcDbLine
 10
149.2999999999999829
 20
-87.2000000000000028
 30
0
 11
149.5499999999999829
 21
-87.4500000000000028
 31
0
  0
LINE
  5
301
330
1A
100
AcDbEntity
  8
BLACK
  6
CONTINUOUS
100
AcDbLine
 10
149.5499999999999829
 20
-87.2000000000000028
 30
0
 11
149.2999999999999829
 21
-87.4500000000000028
 31
0
  0
LINE
  5
302
330
1A
100
AcDbEntity
  8
BLACK
  6
CONTINUOUS
100
AcDbLine
 10
149.3494230000000016
 20
-105.9110379999999907
 30
0
 11
149.5994230000000016
 21
-106.1610379999999907
 31
0
  0
LINE
  5
303
330
1A
100
AcDbEntity
  8
BLACK
  6
CONTINUOUS
100
AcDbLine
 10
149.5994230000000016
 20
-105.9110379999999907
 30
0
 11
149.3494230000000016
 21
-106.1610379999999907
 31
0
  0
LINE
  5
304
330
1A
100
AcDbEntity
  8
BLACK
  6
CONTINUOUS
100
AcDbLine
 10
149.3503999999999792
 20
-107.8001000000000005
 30
0
 11
149.6003999999999792
 21
-108.0501000000000005
 31
0
  0
LINE
  5
305
330
1A
100
AcDbEntity
  8
BLACK
  6
CONTINUOUS
100
AcDbLine
 10
149.6003999999999792
 20
-107.8001000000000005
 30
0
 11
149.3503999999999792
 21
-108.0501000000000005
 31
0
  0
LINE
  5
306
330
1A
100
AcDbEntity
  8
BLACK
  6
CONTINUOUS
100
AcDbLine
 10
149.5691669999999931
 20
-103.9813329999999922
 30
0
 11
149.8191669999999931
 21
-104.2313329999999922
 31
0
  0
LINE
  5
307
330
1A
100
AcDbEntity
  8
BLACK
  6
CONTINUOUS
100
AcDbLine
 10
149.8191669999999931
 20
-103.9813329999999922
 30
0
 11
149.5691669999999931
 21
-104.2313329999999922
 31
0
  0
LINE
  5
308
330
1A
100
AcDbEntity
  8
BLACK
  6
CONTINUOUS
100
AcDbLine
 10
149.5917330000000049
 20
-90.1354240000000004
 30
0
 11
149.8417330000000049
 21
-90.3854240000000004
 31
0
  0
LINE
  5
309
330
1A
100
AcDbEntity
  8
BLACK
  6
CONTINUOUS
100
AcDbLine
 10
149.8417330000000049
 20
-90.1354240000000004
 30
0
 11
149.5917330000000049
 21
-90.3854240000000004
 31
0
  0
LINE
  5
30A
330
1A
100
AcDbEntity
  8
BLACK
  6
CONTINUOUS
100
AcDbLine
 10
149.6453999999999951
 20
-48.9850999999999956
 30
0
 11
149.8953999999999951
 21
-49.2350999999999956
 31
0
  0
LINE
  5
30B
330
1A
100
AcDbEntity
  8
BLACK
  6
CONTINUOUS
100
AcDbLine
 10
149.8953999999999951
 20
-48.9850999999999956
 30
0
 11
149.6453999999999951
 21
-49.2350999999999956
 31
0
  0
LINE
  5
30C
330
1A
100
AcDbEntity
  8
BLACK
  6
CONTINUOUS
100
AcDbLine
 10
149.6453999999999951
 20
-50.2550999999999988
 30
0
 11
149.8953999999999951
 21
-50.5050999999999988
 31
0
  0
LINE
  5
30D
330
1A
100
AcDbEntity
  8
BLACK
  6
CONTINUOUS
100
AcDbLine
 10
149.8953999999999951
 20
-50.2550999999999988
 30
0
 11
149.6453999999999951
 21
-50.5050999999999988
 31
0
  0
LINE
  5
30E
330
1A
100
AcDbEntity
  8
BLACK
  6
CONTINUOUS
100
AcDbLine
 10
149.6453999999999951
 20
-51.5250999999999948
 30
0
 11
149.8953999999999951
 21
-51.7750999999999948
 31
0
  0
LINE
  5
30F
330
1A
100
AcDbEntity
  8
BLACK
  6
CONTINUOUS
100
AcDbLine
 10
149.8953999999999951
 20
-51.5250999999999948
 30
0
 11
149.6453999999999951
 21
-51.7750999999999948
 31
0
  0
LINE
  5
310
330
1A
100
AcDbEntity
  8
BLACK
  6
CONTINUOUS
100
AcDbLine
 10
149.6453999999999951
 20
-52.7950999999999979
 30
0
 11
149.8953999999999951
 21
-53.0450999999999979
 31
0
  0
LINE
  5
311
330
1A
100
AcDbEntity
  8
BLACK
  6
CONTINUOUS
100
AcDbLine
 10
149.8953999999999951
 20
-52.7950999999999979
 30
0
 11
149.6453999999999951
 21
-53.0450999999999979
 31
0
  0
LINE
  5
312
330
1A
100
AcDbEntity
  8
BLACK
  6
CONTINUOUS
100
AcDbLine
 10
149.7750000000000057
 20
-85.2749999999999915
 30
0
 11
150.0250000000000057
 21
-85.5249999999999915
 31
0
  0
LINE
  5
313
330
1A
100
AcDbEntity
  8
BLACK
  6
CONTINUOUS
100
AcDbLine
 10
150.0250000000000057
 20
-85.2749999999999915
 30
0
 11
149.7750000000000057
 21
-85.5249999999999915
 31
0
  0
LINE
  5
314
330
1A
100
AcDbEntity
  8
BLACK
  6
CONTINUOUS
100
AcDbLine
 10
149.7750000000000057
 20
-85.8250000000000028
 30
0
 11
150.0250000000000057
 21
-86.0750000000000028
 31
0
  0
LINE
  5
315
330
1A
100
AcDbEntity
  8
BLACK
  6
CONTINUOUS
100
AcDbLine
 10
150.0250000000000057
 20
-85.8250000000000028
 30
0
 11
149.7750000000000057
 21
-86.0750000000000028
 31
0
  0
LINE
  5
316
330
1A
100
AcDbEntity
  8
BLACK
  6
CONTINUOUS
100
AcDbLine
 10
149.7750000000000057
 20
-86.375
 30
0
 11
150.0250000000000057
 21
-86.625
 31
0
  0
LINE
  5
317
330
1A
100
AcDbEntity
  8
BLACK
  6
CONTINUOUS
100
AcDbLine
 10
150.0250000000000057
 20
-86.375
 30
0
 11
149.7750000000000057
 21
-86.625
 31
0
  0
LINE
  5
318
330
1A
100
AcDbEntity
  8
BLACK
  6
CONTINUOUS
100
AcDbLine
 10
149.7750000000000057
 20
-86.9249999999999972
 30
0
 11
150.0250000000000057
 21
-87.1749999999999972
 31
0
  0
LINE
  5
319
330
1A
100
AcDbEntity
  8
BLACK
  6
CONTINUOUS
100
AcDbLine
 10
150.0250000000000057
 20
-86.9249999999999972
 30
0
 11
149.7750000000000057
 21
-87.1749999999999972
 31
0
  0
LINE
  5
31A
330
1A
100
AcDbEntity
  8
BLACK
  6
CONTINUOUS
100
AcDbLine
 10
149.8254000000000019
 20
-112.7250999999999976
 30
0
 11
150.0754000000000019
 21
-112.9750999999999976
 31
0
  0
LINE
  5
31B
330
1A
100
AcDbEntity
  8
BLACK
  6
CONTINUOUS
100
AcDbLine
 10
150.0754000000000019
 20
-112.7250999999999976
 30
0
 11
149.8254000000000019
 21
-112.9750999999999976
 31
0
  0
LINE
  5
31C
330
1A
100
AcDbEntity
  8
BLACK
  6
CONTINUOUS
100
AcDbLine
 10
149.8373129999999946
 20
-113.5061599999999942
 30
0
 11
150.0873129999999946
 21
-113.7561599999999942
 31
0
  0
LINE
  5
31D
330
1A
100
AcDbEntity
  8
BLACK
  6
CONTINUOUS
100
AcDbLine
 10
150.0873129999999946
 20
-113.5061599999999942
 30
0
 11
149.8373129999999946
 21
-113.7561599999999942
 31
0
  0
LINE
  5
31E
330
1A
100
AcDbEntity
  8
BLACK
  6
CONTINUOUS
100
AcDbLine
 10
149.9222629999999867
 20
-99.3532369999999929
 30
0
 11
150.1722629999999867
 21
-99.6032369999999929
 31
0
  0
LINE
  5
31F
330
1A
100
AcDbEntity
  8
BLACK
  6
CONTINUOUS
100
AcDbLine
 10
150.1722629999999867
 20
-99.3532369999999929
 30
0
 11
149.9222629999999867
 21
-99.6032369999999929
 31
0
  0
LINE
  5
320
330
1A
100
AcDbEntity
  8
BLACK
  6
CONTINUOUS
100
AcDbLine
 10
149.9753999999999792
 20
-100.825099999999992
 30
0
 11
150.2253999999999792
 21
-101.075099999999992
 31
0
  0
LINE
  5
321
330
1A
100
AcDbEntity
  8
BLACK
  6
CONTINUOUS
100
AcDbLine
 10
150.2253999999999792
 20
-100.825099999999992
 30
0
 11
149.9753999999999792
 21
-101.075099999999992
 31
0
  0
LINE
  5
322
330
1A
100
AcDbEntity
  8
BLACK
  6
CONTINUOUS
100
AcDbLine
 10
150.0293700000000001
 20
-98.0461299999999909
 30
0
 11
150.2793700000000001
 21
-98.2961299999999909
 31
0
  0
LINE
  5
323
330
1A
100
AcDbEntity
  8
BLACK
  6
CONTINUOUS
100
AcDbLine
 10
150.2793700000000001
 20
-98.0461299999999909
 30
0
 11
150.0293700000000001
 21
-98.2961299999999909
 31
0
  0
LINE
  5
324
330
1A
100
AcDbEntity
  8
BLACK
  6
CONTINUOUS
100
AcDbLine
 10
150.0503999999999962
 20
-89.5250999999999948
 30
0
 11
150.3003999999999962
 21
-89.7750999999999948
 31
0
  0
LINE
  5
325
330
1A
100
AcDbEntity
  8
BLACK
  6
CONTINUOUS
100
AcDbLine
 10
150.3003999999999962
 20
-89.5250999999999948
 30
0
 11
150.0503999999999962
 21
-89.7750999999999948
 31
0
  0
LINE
  5
326
330
1A
100
AcDbEntity
  8
BLACK
  6
CONTINUOUS
100
AcDbLine
 10
150.0754000000000019
 20
-108.0501000000000005
 30
0
 11
150.3254000000000019
 21
-108.3001000000000005
 31
0
  0
LINE
  5
327
330
1A
100
AcDbEntity
  8
BLACK
  6
CONTINUOUS
100
AcDbLine
 10
150.3254000000000019
 20
-108.0501000000000005
 30
0
 11
150.0754000000000019
 21
-108.3001000000000005
 31
0
  0
LINE
  5
328
330
1A
100
AcDbEntity
  8
BLACK
  6
CONTINUOUS
100
AcDbLine
 10
150.1003999999999792
 20
-106.1000999999999976
 30
0
 11
150.3503999999999792
 21
-106.3500999999999976
 31
0
  0
LINE
  5
329
330
1A
100
AcDbEntity
  8
BLACK
  6
CONTINUOUS
100
AcDbLine
 10
150.3503999999999792
 20
-106.1000999999999976
 30
0
 11
150.1003999999999792
 21
-106.3500999999999976
 31
0
  0
LINE
  5
32A
330
1A
100
AcDbEntity
  8
BLACK
  6
CONTINUOUS
100
AcDbLine
 10
150.1610819999999933
 20
-104.4614879999999886
 30
0
 11
150.4110819999999933
 21
-104.7114879999999886
 31
0
  0
LINE
  5
32B
330
1A
100
AcDbEntity
  8
BLACK
  6
CONTINUOUS
100
AcDbLine
 10
150.4110819999999933
 20
-104.4614879999999886
 30
0
 11
150.1610819999999933
 21
-104.7114879999999886
 31
0
  0
LINE
  5
32C
330
1A
100
AcDbEntity
  8
BLACK
  6
CONTINUOUS
100
AcDbLine
 10
150.2143749999999898
 20
-112.0844349999999991
 30
0
 11
150.4643749999999898
 21
-112.3344349999999991
 31
0
  0
LINE
  5
32D
330
1A
100
AcDbEntity
  8
BLACK
  6
CONTINUOUS
100
AcDbLine
 10
150.4643749999999898
 20
-112.0844349999999991
 30
0
 11
150.2143749999999898
 21
-112.3344349999999991
 31
0
  0
LINE
  5
32E
330
1A
100
AcDbEntity
  8
BLACK
  6
CONTINUOUS
100
AcDbLine
 10
150.2499990000000025
 20
-86.0999999999999943
 30
0
 11
150.4999990000000025
 21
-86.3499999999999943
 31
0
  0
LINE
  5
32F
330
1A
100
AcDbEntity
  8
BLACK
  6
CONTINUOUS
100
AcDbLine
 10
150.4999990000000025
 20
-86.0999999999999943
 30
0
 11
150.2499990000000025
 21
-86.3499999999999943
 31
0
  0
LINE
  5
330
330
1A
100
AcDbEntity
  8
BLACK
  6
CONTINUOUS
100
AcDbLine
 10
150.25
 20
-85.5499999999999972
 30
0
 11
150.5
 21
-85.7999999999999972
 31
0
  0
LINE
  5
331
330
1A
100
AcDbEntity
  8
BLACK
  6
CONTINUOUS
100
AcDbLine
 10
150.5
 20
-85.5499999999999972
 30
0
 11
150.25
 21
-85.7999999999999972
 31
0
  0
LINE
  5
332
330
1A
100
AcDbEntity
  8
BLACK
  6
CONTINUOUS
100
AcDbLine
 10
150.25
 20
-86.6499999999999915
 30
0
 11
150.5
 21
-86.8999999999999915
 31
0
  0
LINE
  5
333
330
1A
100
AcDbEntity
  8
BLACK
  6
CONTINUOUS
100
AcDbLine
 10
150.5
 20
-86.6499999999999915
 30
0
 11
150.25
 21
-86.8999999999999915
 31
0
  0
LINE
  5
334
330
1A
100
AcDbEntity
  8
BLACK
  6
CONTINUOUS
100
AcDbLine
 10
150.25
 20
-87.2000000000000028
 30
0
 11
150.5
 21
-87.4500000000000028
 31
0
  0
LINE
  5
335
330
1A
100
AcDbEntity
  8
BLACK
  6
CONTINUOUS
100
AcDbLine
 10
150.5
 20
-87.2000000000000028
 30
0
 11
150.25
 21
-87.4500000000000028
 31
0
  0
LINE
  5
336
330
1A
100
AcDbEntity
  8
BLACK
  6
CONTINUOUS
100
AcDbLine
 10
150.5458909999999833
 20
-112.9760390000000001
 30
0
 11
150.7958909999999833
 21
-113.2260390000000001
 31
0
  0
LINE
  5
337
330
1A
100
AcDbEntity
  8
BLACK
  6
CONTINUOUS
100
AcDbLine
 10
150.7958909999999833
 20
-112.9760390000000001
 30
0
 11
150.5458909999999833
 21
-113.2260390000000001
 31
0
  0
LINE
  5
338
330
1A
100
AcDbEntity
  8
BLACK
  6
CONTINUOUS
100
AcDbLine
 10
150.7249999999999943
 20
-85.8250000000000028
 30
0
 11
150.9749999999999943
 21
-86.0750000000000028
 31
0
  0
LINE
  5
339
330
1A
100
AcDbEntity
  8
BLACK
  6
CONTINUOUS
100
AcDbLine
 10
150.9749999999999943
 20
-85.8250000000000028
 30
0
 11
150.7249999999999943
 21
-86.0750000000000028
 31
0
  0
LINE
  5
33A
330
1A
100
AcDbEntity
  8
BLACK
  6
CONTINUOUS
100
AcDbLine
 10
150.7249999999999943
 20
-86.375
 30
0
 11
150.9749999999999943
 21
-86.625
 31
0
  0
LINE
  5
33B
330
1A
100
AcDbEntity
  8
BLACK
  6
CONTINUOUS
100
AcDbLine
 10
150.9749999999999943
 20
-86.375
 30
0
 11
150.7249999999999943
 21
-86.625
 31
0
  0
LINE
  5
33C
330
1A
100
AcDbEntity
  8
BLACK
  6
CONTINUOUS
100
AcDbLine
 10
150.7249999999999943
 20
-86.9249999999999972
 30
0
 11
150.9749999999999943
 21
-87.1749999999999972
 31
0
  0
LINE
  5
33D
330
1A
100
AcDbEntity
  8
BLACK
  6
CONTINUOUS
100
AcDbLine
 10
150.9749999999999943
 20
-86.9249999999999972
 30
0
 11
150.7249999999999943
 21
-87.1749999999999972
 31
0
  0
LINE
  5
33E
330
1A
100
AcDbEntity
  8
BLACK
  6
CONTINUOUS
100
AcDbLine
 10
150.7949999999999875
 20
-83.9398999999999944
 30
0
 11
151.0449999999999875
 21
-84.1898999999999944
 31
0
  0
LINE
  5
33F
330
1A
100
AcDbEntity
  8
BLACK
  6
CONTINUOUS
100
AcDbLine
 10
151.0449999999999875
 20
-83.9398999999999944
 30
0
 11
150.7949999999999875
 21
-84.1898999999999944
 31
0
  0
LINE
  5
340
330
1A
100
AcDbEntity
  8
BLACK
  6
CONTINUOUS
100
AcDbLine
 10
150.7949999999999875
 20
-84.6898999999999944
 30
0
 11
151.0449999999999875
 21
-84.9398999999999944
 31
0
  0
LINE
  5
341
330
1A
100
AcDbEntity
  8
BLACK
  6
CONTINUOUS
100
AcDbLine
 10
151.0449999999999875
 20
-84.6898999999999944
 30
0
 11
150.7949999999999875
 21
-84.9398999999999944
 31
0
  0
LINE
  5
342
330
1A
100
AcDbEntity
  8
BLACK
  6
CONTINUOUS
100
AcDbLine
 10
150.9154000000000053
 20
-104.4150999999999954
 30
0
 11
151.1654000000000053
 21
-104.6650999999999954
 31
0
  0
LINE
  5
343
330
1A
100
AcDbEntity
  8
BLACK
  6
CONTINUOUS
100
AcDbLine
 10
151.1654000000000053
 20
-104.4150999999999954
 30
0
 11
150.9154000000000053
 21
-104.6650999999999954
 31
0
  0
LINE
  5
344
330
1A
100
AcDbEntity
  8
BLACK
  6
CONTINUOUS
100
AcDbLine
 10
151.0454000000000008
 20
-111.1250999999999891
 30
0
 11
151.2954000000000008
 21
-111.3750999999999891
 31
0
  0
LINE
  5
345
330
1A
100
AcDbEntity
  8
BLACK
  6
CONTINUOUS
100
AcDbLine
 10
151.2954000000000008
 20
-111.1250999999999891
 30
0
 11
151.0454000000000008
 21
-111.3750999999999891
 31
0
  0
LINE
  5
346
330
1A
100
AcDbEntity
  8
BLACK
  6
CONTINUOUS
100
AcDbLine
 10
151.1453999999999951
 20
-59.1450999999999993
 30
0
 11
151.3953999999999951
 21
-59.3950999999999993
 31
0
  0
LINE
  5
347
330
1A
100
AcDbEntity
  8
BLACK
  6
CONTINUOUS
100
AcDbLine
 10
151.3953999999999951
 20
-59.1450999999999993
 30
0
 11
151.1453999999999951
 21
-59.3950999999999993
 31
0
  0
LINE
  5
348
330
1A
100
AcDbEntity
  8
BLACK
  6
CONTINUOUS
100
AcDbLine
 10
151.1782079999999837
 20
-115.0669290000000018
 30
0
 11
151.4282079999999837
 21
-115.3169290000000018
 31
0
  0
LINE
  5
349
330
1A
100
AcDbEntity
  8
BLACK
  6
CONTINUOUS
100
AcDbLine
 10
151.4282079999999837
 20
-115.0669290000000018
 30
0
 11
151.1782079999999837
 21
-115.3169290000000018
 31
0
  0
LINE
  5
34A
330
1A
100
AcDbEntity
  8
BLACK
  6
CONTINUOUS
100
AcDbLine
 10
151.1999999999999886
 20
-86.6499999999999915
 30
0
 11
151.4499999999999886
 21
-86.8999999999999915
 31
0
  0
LINE
  5
34B
330
1A
100
AcDbEntity
  8
BLACK
  6
CONTINUOUS
100
AcDbLine
 10
151.4499999999999886
 20
-86.6499999999999915
 30
0
 11
151.1999999999999886
 21
-86.8999999999999915
 31
0
  0
LINE
  5
34C
330
1A
100
AcDbEntity
  8
BLACK
  6
CONTINUOUS
100
AcDbLine
 10
151.1999999999999886
 20
-87.2000000000000028
 30
0
 11
151.4499999999999886
 21
-87.4500000000000028
 31
0
  0
LINE
  5
34D
330
1A
100
AcDbEntity
  8
BLACK
  6
CONTINUOUS
100
AcDbLine
 10
151.4499999999999886
 20
-87.2000000000000028
 30
0
 11
151.1999999999999886
 21
-87.4500000000000028
 31
0
  0
LINE
  5
34E
330
1A
100
AcDbEntity
  8
BLACK
  6
CONTINUOUS
100
AcDbLine
 10
151.2503999999999849
 20
-98.3750999999999891
 30
0
 11
151.5003999999999849
 21
-98.6250999999999891
 31
0
  0
LINE
  5
34F
330
1A
100
AcDbEntity
  8
BLACK
  6
CONTINUOUS
100
AcDbLine
 10
151.5003999999999849
 20
-98.3750999999999891
 30
0
 11
151.2503999999999849
 21
-98.6250999999999891
 31
0
  0
LINE
  5
350
330
1A
100
AcDbEntity
  8
BLACK
  6
CONTINUOUS
100
AcDbLine
 10
151.2753999999999905
 20
-101.1250999999999891
 30
0
 11
151.5253999999999905
 21
-101.3750999999999891
 31
0
  0
LINE
  5
351
330
1A
100
AcDbEntity
  8
BLACK
  6
CONTINUOUS
100
AcDbLine
 10
151.5253999999999905
 20
-101.1250999999999891
 30
0
 11
151.2753999999999905
 21
-101.3750999999999891
 31
0
  0
LINE
  5
352
330
1A
100
AcDbEntity
  8
BLACK
  6
CONTINUOUS
100
AcDbLine
 10
151.4553999999999974
 20
-106.6050999999999931
 30
0
 11
151.7053999999999974
 21
-106.8550999999999931
 31
0
  0
LINE
  5
353
330
1A
100
AcDbEntity
  8
BLACK
  6
CONTINUOUS
100
AcDbLine
 10
151.7053999999999974
 20
-106.6050999999999931
 30
0
 11
151.4553999999999974
 21
-106.8550999999999931
 31
0
  0
LINE
  5
354
330
1A
100
AcDbEntity
  8
BLACK
  6
CONTINUOUS
100
AcDbLine
 10
151.5754000000000019
 20
-110.4251000000000005
 30
0
 11
151.8254000000000019
 21
-110.6751000000000005
 31
0
  0
LINE
  5
355
330
1A
100
AcDbEntity
  8
BLACK
  6
CONTINUOUS
100
AcDbLine
 10
151.8254000000000019
 20
-110.4251000000000005
 30
0
 11
151.5754000000000019
 21
-110.6751000000000005
 31
0
  0
LINE
  5
356
330
1A
100
AcDbEntity
  8
BLACK
  6
CONTINUOUS
100
AcDbLine
 10
151.6749999999999829
 20
-86.375
 30
0
 11
151.9249999999999829
 21
-86.625
 31
0
  0
LINE
  5
357
330
1A
100
AcDbEntity
  8
BLACK
  6
CONTINUOUS
100
AcDbLine
 10
151.9249999999999829
 20
-86.375
 30
0
 11
151.6749999999999829
 21
-86.625
 31
0
  0
LINE
  5
358
330
1A
100
AcDbEntity
  8
BLACK
  6
CONTINUOUS
100
AcDbLine
 10
151.6749999999999829
 20
-86.9249999999999972
 30
0
 11
151.9249999999999829
 21
-87.1749999999999972
 31
0
  0
LINE
  5
359
330
1A
100
AcDbEntity
  8
BLACK
  6
CONTINUOUS
100
AcDbLine
 10
151.9249999999999829
 20
-86.9249999999999972
 30
0
 11
151.6749999999999829
 21
-87.1749999999999972
 31
0
  0
LINE
  5
35A
330
1A
100
AcDbEntity
  8
BLACK
  6
CONTINUOUS
100
AcDbLine
 10
151.7053999999999974
 20
-93.065100000000001
 30
0
 11
151.9553999999999974
 21
-93.315100000000001
 31
0
  0
LINE
  5
35B
330
1A
100
AcDbEntity
  8
BLACK
  6
CONTINUOUS
100
AcDbLine
 10
151.9553999999999974
 20
-93.065100000000001
 30
0
 11
151.7053999999999974
 21
-93.315100000000001
 31
0
  0
LINE
  5
35C
330
1A
100
AcDbEntity
  8
BLACK
  6
CONTINUOUS
100
AcDbLine
 10
151.9009000000000071
 20
-114.7250999999999976
 30
0
 11
152.1509000000000071
 21
-114.9750999999999976
 31
0
  0
LINE
  5
35D
330
1A
100
AcDbEntity
  8
BLACK
  6
CONTINUOUS
100
AcDbLine
 10
152.1509000000000071
 20
-114.7250999999999976
 30
0
 11
151.9009000000000071
 21
-114.9750999999999976
 31
0
  0
LINE
  5
35E
330
1A
100
AcDbEntity
  8
BLACK
  6
CONTINUOUS
100
AcDbLine
 10
152.0253999999999905
 20
-106.065100000000001
 30
0
 11
152.2753999999999905
 21
-106.315100000000001
 31
0
  0
LINE
  5
35F
330
1A
100
AcDbEntity
  8
BLACK
  6
CONTINUOUS
100
AcDbLine
 10
152.2753999999999905
 20
-106.065100000000001
 30
0
 11
152.0253999999999905
 21
-106.315100000000001
 31
0
  0
LINE
  5
360
330
1A
100
AcDbEntity
  8
BLACK
  6
CONTINUOUS
100
AcDbLine
 10
152.0807299999999884
 20
-111.0197699999999941
 30
0
 11
152.3307299999999884
 21
-111.2697699999999941
 31
0
  0
LINE
  5
361
330
1A
100
AcDbEntity
  8
BLACK
  6
CONTINUOUS
100
AcDbLine
 10
152.3307299999999884
 20
-111.0197699999999941
 30
0
 11
152.0807299999999884
 21
-111.2697699999999941
 31
0
  0
LINE
  5
362
330
1A
100
AcDbEntity
  8
BLACK
  6
CONTINUOUS
100
AcDbLine
 10
152.1500000000000057
 20
-86.6499999999999915
 30
0
 11
152.4000000000000057
 21
-86.8999999999999915
 31
0
  0
LINE
  5
363
330
1A
100
AcDbEntity
  8
BLACK
  6
CONTINUOUS
100
AcDbLine
 10
152.4000000000000057
 20
-86.6499999999999915
 30
0
 11
152.1500000000000057
 21
-86.8999999999999915
 31
0
  0
LINE
  5
364
330
1A
100
AcDbEntity
  8
BLACK
  6
CONTINUOUS
100
AcDbLine
 10
152.1500000000000057
 20
-87.2000000000000028
 30
0
 11
152.4000000000000057
 21
-87.4500000000000028
 31
0
  0
LINE
  5
365
330
1A
100
AcDbEntity
  8
BLACK
  6
CONTINUOUS
100
AcDbLine
 10
152.4000000000000057
 20
-87.2000000000000028
 30
0
 11
152.1500000000000057
 21
-87.4500000000000028
 31
0
  0
LINE
  5
366
330
1A
100
AcDbEntity
  8
BLACK
  6
CONTINUOUS
100
AcDbLine
 10
152.2150000000000034
 20
-84.3149999999999977
 30
0
 11
152.4650000000000034
 21
-84.5649999999999977
 31
0
  0
LINE
  5
367
330
1A
100
AcDbEntity
  8
BLACK
  6
CONTINUOUS
100
AcDbLine
 10
152.4650000000000034
 20
-84.3149999999999977
 30
0
 11
152.2150000000000034
 21
-84.5649999999999977
 31
0
  0
LINE
  5
368
330
1A
100
AcDbEntity
  8
BLACK
  6
CONTINUOUS
100
AcDbLine
 10
152.2253999999999792
 20
-109.9750999999999976
 30
0
 11
152.4753999999999792
 21
-110.2250999999999976
 31
0
  0
LINE
  5
369
330
1A
100
AcDbEntity
  8
BLACK
  6
CONTINUOUS
100
AcDbLine
 10
152.4753999999999792
 20
-109.9750999999999976
 30
0
 11
152.2253999999999792
 21
-110.2250999999999976
 31
0
  0
LINE
  5
36A
330
1A
100
AcDbEntity
  8
BLACK
  6
CONTINUOUS
100
AcDbLine
 10
152.4753999999999792
 20
-119.575099999999992
 30
0
 11
152.7253999999999792
 21
-119.825099999999992
 31
0
  0
LINE
  5
36B
330
1A
100
AcDbEntity
  8
BLACK
  6
CONTINUOUS
100
AcDbLine
 10
152.7253999999999792
 20
-119.575099999999992
 30
0
 11
152.4753999999999792
 21
-119.825099999999992
 31
0
  0
LINE
  5
36C
330
1A
100
AcDbEntity
  8
BLACK
  6
CONTINUOUS
100
AcDbLine
 10
152.5253999999999905
 20
-98.5150999999999897
 30
0
 11
152.7753999999999905
 21
-98.7650999999999897
 31
0
  0
LINE
  5
36D
330
1A
100
AcDbEntity
  8
BLACK
  6
CONTINUOUS
100
AcDbLine
 10
152.7753999999999905
 20
-98.5150999999999897
 30
0
 11
152.5253999999999905
 21
-98.7650999999999897
 31
0
  0
LINE
  5
36E
330
1A
100
AcDbEntity
  8
BLACK
  6
CONTINUOUS
100
AcDbLine
 10
152.5953999999999837
 20
-121.3750999999999891
 30
0
 11
152.8453999999999837
 21
-121.6250999999999891
 31
0
  0
LINE
  5
36F
330
1A
100
AcDbEntity
  8
BLACK
  6
CONTINUOUS
100
AcDbLine
 10
152.8453999999999837
 20
-121.3750999999999891
 30
0
 11
152.5953999999999837
 21
-121.6250999999999891
 31
0
  0
LINE
  5
370
330
1A
100
AcDbEntity
  8
BLACK
  6
CONTINUOUS
100
AcDbLine
 10
152.6003999999999792
 20
-116.8750999999999891
 30
0
 11
152.8503999999999792
 21
-117.1250999999999891
 31
0
  0
LINE
  5
371
330
1A
100
AcDbEntity
  8
BLACK
  6
CONTINUOUS
100
AcDbLine
 10
152.8503999999999792
 20
-116.8750999999999891
 30
0
 11
152.6003999999999792
 21
-117.1250999999999891
 31
0
  0
LINE
  5
372
330
1A
100
AcDbEntity
  8
BLACK
  6
CONTINUOUS
100
AcDbLine
 10
152.625
 20
-86.375
 30
0
 11
152.875
 21
-86.625
 31
0
  0
LINE
  5
373
330
1A
100
AcDbEntity
  8
BLACK
  6
CONTINUOUS
100
AcDbLine
 10
152.875
 20
-86.375
 30
0
 11
152.625
 21
-86.625
 31
0
  0
LINE
  5
374
330
1A
100
AcDbEntity
  8
BLACK
  6
CONTINUOUS
100
AcDbLine
 10
152.625
 20
-86.9249999999999972
 30
0
 11
152.875
 21
-87.1749999999999972
 31
0
  0
LINE
  5
375
330
1A
100
AcDbEntity
  8
BLACK
  6
CONTINUOUS
100
AcDbLine
 10
152.875
 20
-86.9249999999999972
 30
0
 11
152.625
 21
-87.1749999999999972
 31
0
  0
LINE
  5
376
330
1A
100
AcDbEntity
  8
BLACK
  6
CONTINUOUS
100
AcDbLine
 10
152.6509000000000071
 20
-106.5705999999999989
 30
0
 11
152.9009000000000071
 21
-106.8205999999999989
 31
0
  0
LINE
  5
377
330
1A
100
AcDbEntity
  8
BLACK
  6
CONTINUOUS
100
AcDbLine
 10
152.9009000000000071
 20
-106.5705999999999989
 30
0
 11
152.6509000000000071
 21
-106.8205999999999989
 31
0
  0
LINE
  5
378
330
1A
100
AcDbEntity
  8
BLACK
  6
CONTINUOUS
100
AcDbLine
 10
152.6954000000000065
 20
-92.4950999999999937
 30
0
 11
152.9454000000000065
 21
-92.7450999999999937
 31
0
  0
LINE
  5
379
330
1A
100
AcDbEntity
  8
BLACK
  6
CONTINUOUS
100
AcDbLine
 10
152.9454000000000065
 20
-92.4950999999999937
 30
0
 11
152.6954000000000065
 21
-92.7450999999999937
 31
0
  0
LINE
  5
37A
330
1A
100
AcDbEntity
  8
BLACK
  6
CONTINUOUS
100
AcDbLine
 10
152.7253999999999792
 20
-109.3750999999999891
 30
0
 11
152.9753999999999792
 21
-109.6250999999999891
 31
0
  0
LINE
  5
37B
330
1A
100
AcDbEntity
  8
BLACK
  6
CONTINUOUS
100
AcDbLine
 10
152.9753999999999792
 20
-109.3750999999999891
 30
0
 11
152.7253999999999792
 21
-109.6250999999999891
 31
0
  0
LINE
  5
37C
330
1A
100
AcDbEntity
  8
BLACK
  6
CONTINUOUS
100
AcDbLine
 10
152.8254000000000019
 20
-59.6250999999999962
 30
0
 11
153.0754000000000019
 21
-59.8750999999999962
 31
0
  0
LINE
  5
37D
330
1A
100
AcDbEntity
  8
BLACK
  6
CONTINUOUS
100
AcDbLine
 10
153.0754000000000019
 20
-59.6250999999999962
 30
0
 11
152.8254000000000019
 21
-59.8750999999999962
 31
0
  0
LINE
  5
37E
330
1A
100
AcDbEntity
  8
BLACK
  6
CONTINUOUS
100
AcDbLine
 10
152.9853999999999985
 20
-96.8850999999999942
 30
0
 11
153.2353999999999985
 21
-97.1350999999999942
 31
0
  0
LINE
  5
37F
330
1A
100
AcDbEntity
  8
BLACK
  6
CONTINUOUS
100
AcDbLine
 10
153.2353999999999985
 20
-96.8850999999999942
 30
0
 11
152.9853999999999985
 21
-97.1350999999999942
 31
0
  0
LINE
  5
380
330
1A
100
AcDbEntity
  8
BLACK
  6
CONTINUOUS
100
AcDbLine
 10
153.0153999999999996
 20
-97.9251000000000005
 30
0
 11
153.2653999999999996
 21
-98.1751000000000005
 31
0
  0
LINE
  5
381
330
1A
100
AcDbEntity
  8
BLACK
  6
CONTINUOUS
100
AcDbLine
 10
153.2653999999999996
 20
-97.9251000000000005
 30
0
 11
153.0153999999999996
 21
-98.1751000000000005
 31
0
  0
LINE
  5
382
330
1A
100
AcDbEntity
  8
BLACK
  6
CONTINUOUS
100
AcDbLine
 10
153.0553999999999917
 20
-113.9850999999999885
 30
0
 11
153.3053999999999917
 21
-114.2350999999999885
 31
0
  0
LINE
  5
383
330
1A
100
AcDbEntity
  8
BLACK
  6
CONTINUOUS
100
AcDbLine
 10
153.3053999999999917
 20
-113.9850999999999885
 30
0
 11
153.0553999999999917
 21
-114.2350999999999885
 31
0
  0
LINE
  5
384
330
1A
100
AcDbEntity
  8
BLACK
  6
CONTINUOUS
100
AcDbLine
 10
153.1753999999999962
 20
-110.0018579999999986
 30
0
 11
153.4253999999999962
 21
-110.2518579999999986
 31
0
  0
LINE
  5
385
330
1A
100
AcDbEntity
  8
BLACK
  6
CONTINUOUS
100
AcDbLine
 10
153.4253999999999962
 20
-110.0018579999999986
 30
0
 11
153.1753999999999962
 21
-110.2518579999999986
 31
0
  0
LINE
  5
386
330
1A
100
AcDbEntity
  8
BLACK
  6
CONTINUOUS
100
AcDbLine
 10
153.2253999999999792
 20
-50.2550999999999988
 30
0
 11
153.4753999999999792
 21
-50.5050999999999988
 31
0
  0
LINE
  5
387
330
1A
100
AcDbEntity
  8
BLACK
  6
CONTINUOUS
100
AcDbLine
 10
153.4753999999999792
 20
-50.2550999999999988
 30
0
 11
153.2253999999999792
 21
-50.5050999999999988
 31
0
  0
LINE
  5
388
330
1A
100
AcDbEntity
  8
BLACK
  6
CONTINUOUS
100
AcDbLine
 10
153.2253999999999792
 20
-51.5250999999999948
 30
0
 11
153.4753999999999792
 21
-51.7750999999999948
 31
0
  0
LINE
  5
389
330
1A
100
AcDbEntity
  8
BLACK
  6
CONTINUOUS
100
AcDbLine
 10
153.4753999999999792
 20
-51.5250999999999948
 30
0
 11
153.2253999999999792
 21
-51.7750999999999948
 31
0
  0
LINE
  5
38A
330
1A
100
AcDbEntity
  8
BLACK
  6
CONTINUOUS
100
AcDbLine
 10
153.2253999999999792
 20
-52.7950999999999979
 30
0
 11
153.4753999999999792
 21
-53.0450999999999979
 31
0
  0
LINE
  5
38B
330
1A
100
AcDbEntity
  8
BLACK
  6
CONTINUOUS
100
AcDbLine
 10
153.4753999999999792
 20
-52.7950999999999979
 30
0
 11
153.2253999999999792
 21
-53.0450999999999979
 31
0
  0
LINE
  5
38C
330
1A
100
AcDbEntity
  8
BLACK
  6
CONTINUOUS
100
AcDbLine
 10
153.2553999999999803
 20
-96.4050999999999902
 30
0
 11
153.5053999999999803
 21
-96.6550999999999902
 31
0
  0
LINE
  5
38D
330
1A
100
AcDbEntity
  8
BLACK
  6
CONTINUOUS
100
AcDbLine
 10
153.5053999999999803
 20
-96.4050999999999902
 30
0
 11
153.2553999999999803
 21
-96.6550999999999902
 31
0
  0
LINE
  5
38E
330
1A
100
AcDbEntity
  8
BLACK
  6
CONTINUOUS
100
AcDbLine
 10
153.4504000000000019
 20
-116.8750999999999891
 30
0
 11
153.7004000000000019
 21
-117.1250999999999891
 31
0
  0
LINE
  5
38F
330
1A
100
AcDbEntity
  8
BLACK
  6
CONTINUOUS
100
AcDbLine
 10
153.7004000000000019
 20
-116.8750999999999891
 30
0
 11
153.4504000000000019
 21
-117.1250999999999891
 31
0
  0
LINE
  5
390
330
1A
100
AcDbEntity
  8
BLACK
  6
CONTINUOUS
100
AcDbLine
 10
153.4753999999999792
 20
-114.6450999999999993
 30
0
 11
153.7253999999999792
 21
-114.8950999999999993
 31
0
  0
LINE
  5
391
330
1A
100
AcDbEntity
  8
BLACK
  6
CONTINUOUS
100
AcDbLine
 10
153.7253999999999792
 20
-114.6450999999999993
 30
0
 11
153.4753999999999792
 21
-114.8950999999999993
 31
0
  0
LINE
  5
392
330
1A
100
AcDbEntity
  8
BLACK
  6
CONTINUOUS
100
AcDbLine
 10
153.6503999999999905
 20
-91.3001000000000005
 30
0
 11
153.9003999999999905
 21
-91.5501000000000005
 31
0
  0
LINE
  5
393
330
1A
100
AcDbEntity
  8
BLACK
  6
CONTINUOUS
100
AcDbLine
 10
153.9003999999999905
 20
-91.3001000000000005
 30
0
 11
153.6503999999999905
 21
-91.5501000000000005
 31
0
  0
LINE
  5
394
330
1A
100
AcDbEntity
  8
BLACK
  6
CONTINUOUS
100
AcDbLine
 10
153.6853999999999871
 20
-56.6051000000000002
 30
0
 11
153.9353999999999871
 21
-56.8551000000000002
 31
0
  0
LINE
  5
395
330
1A
100
AcDbEntity
  8
BLACK
  6
CONTINUOUS
100
AcDbLine
 10
153.9353999999999871
 20
-56.6051000000000002
 30
0
 11
153.6853999999999871
 21
-56.8551000000000002
 31
0
  0
LINE
  5
396
330
1A
100
AcDbEntity
  8
BLACK
  6
CONTINUOUS
100
AcDbLine
 10
153.9516329999999869
 20
-102.1888670000000019
 30
0
 11
154.2016329999999869
 21
-102.4388670000000019
 31
0
  0
LINE
  5
397
330
1A
100
AcDbEntity
  8
BLACK
  6
CONTINUOUS
100
AcDbLine
 10
154.2016329999999869
 20
-102.1888670000000019
 30
0
 11
153.9516329999999869
 21
-102.4388670000000019
 31
0
  0
LINE
  5
398
330
1A
100
AcDbEntity
  8
BLACK
  6
CONTINUOUS
100
AcDbLine
 10
154.0754000000000019
 20
-91.6500999999999948
 30
0
 11
154.3254000000000019
 21
-91.9000999999999948
 31
0
  0
LINE
  5
399
330
1A
100
AcDbEntity
  8
BLACK
  6
CONTINUOUS
100
AcDbLine
 10
154.3254000000000019
 20
-91.6500999999999948
 30
0
 11
154.0754000000000019
 21
-91.9000999999999948
 31
0
  0
LINE
  5
39A
330
1A
100
AcDbEntity
  8
BLACK
  6
CONTINUOUS
100
AcDbLine
 10
154.3503999999999792
 20
-97.3001000000000005
 30
0
 11
154.6003999999999792
 21
-97.5501000000000005
 31
0
  0
LINE
  5
39B
330
1A
100
AcDbEntity
  8
BLACK
  6
CONTINUOUS
100
AcDbLine
 10
154.6003999999999792
 20
-97.3001000000000005
 30
0
 11
154.3503999999999792
 21
-97.5501000000000005
 31
0
  0
LINE
  5
39C
330
1A
100
AcDbEntity
  8
BLACK
  6
CONTINUOUS
100
AcDbLine
 10
154.4953999999999894
 20
-50.2550999999999988
 30
0
 11
154.7453999999999894
 21
-50.5050999999999988
 31
0
  0
LINE
  5
39D
330
1A
100
AcDbEntity
  8
BLACK
  6
CONTINUOUS
100
AcDbLine
 10
154.7453999999999894
 20
-50.2550999999999988
 30
0
 11
154.4953999999999894
 21
-50.5050999999999988
 31
0
  0
LINE
  5
39E
330
1A
100
AcDbEntity
  8
BLACK
  6
CONTINUOUS
100
AcDbLine
 10
154.4953999999999894
 20
-51.5250999999999948
 30
0
 11
154.7453999999999894
 21
-51.7750999999999948
 31
0
  0
LINE
  5
39F
330
1A
100
AcDbEntity
  8
BLACK
  6
CONTINUOUS
100
AcDbLine
 10
154.7453999999999894
 20
-51.5250999999999948
 30
0
 11
154.4953999999999894
 21
-51.7750999999999948
 31
0
  0
LINE
  5
3A0
330
1A
100
AcDbEntity
  8
BLACK
  6
CONTINUOUS
100
AcDbLine
 10
154.4953999999999894
 20
-52.7950999999999979
 30
0
 11
154.7453999999999894
 21
-53.0450999999999979
 31
0
  0
LINE
  5
3A1
330
1A
100
AcDbEntity
  8
BLACK
  6
CONTINUOUS
100
AcDbLine
 10
154.7453999999999894
 20
-52.7950999999999979
 30
0
 11
154.4953999999999894
 21
-53.0450999999999979
 31
0
  0
LINE
  5
3A2
330
1A
100
AcDbEntity
  8
BLACK
  6
CONTINUOUS
100
AcDbLine
 10
154.4953999999999894
 20
-54.065100000000001
 30
0
 11
154.7453999999999894
 21
-54.315100000000001
 31
0
  0
LINE
  5
3A3
330
1A
100
AcDbEntity
  8
BLACK
  6
CONTINUOUS
100
AcDbLine
 10
154.7453999999999894
 20
-54.065100000000001
 30
0
 11
154.4953999999999894
 21
-54.315100000000001
 31
0
  0
LINE
  5
3A4
330
1A
100
AcDbEntity
  8
BLACK
  6
CONTINUOUS
100
AcDbLine
 10
154.7249999999999943
 20
-84.9749999999999943
 30
0
 11
154.9749999999999943
 21
-85.2249999999999943
 31
0
  0
LINE
  5
3A5
330
1A
100
AcDbEntity
  8
BLACK
  6
CONTINUOUS
100
AcDbLine
 10
154.9749999999999943
 20
-84.9749999999999943
 30
0
 11
154.7249999999999943
 21
-85.2249999999999943
 31
0
  0
LINE
  5
3A6
330
1A
100
AcDbEntity
  8
BLACK
  6
CONTINUOUS
100
AcDbLine
 10
154.7249999999999943
 20
-85.5249999999999915
 30
0
 11
154.9749999999999943
 21
-85.7749999999999915
 31
0
  0
LINE
  5
3A7
330
1A
100
AcDbEntity
  8
BLACK
  6
CONTINUOUS
100
AcDbLine
 10
154.9749999999999943
 20
-85.5249999999999915
 30
0
 11
154.7249999999999943
 21
-85.7749999999999915
 31
0
  0
LINE
  5
3A8
330
1A
100
AcDbEntity
  8
BLACK
  6
CONTINUOUS
100
AcDbLine
 10
154.7249999999999943
 20
-86.0750000000000028
 30
0
 11
154.9749999999999943
 21
-86.3250000000000028
 31
0
  0
LINE
  5
3A9
330
1A
100
AcDbEntity
  8
BLACK
  6
CONTINUOUS
100
AcDbLine
 10
154.9749999999999943
 20
-86.0750000000000028
 30
0
 11
154.7249999999999943
 21
-86.3250000000000028
 31
0
  0
LINE
  5
3AA
330
1A
100
AcDbEntity
  8
BLACK
  6
CONTINUOUS
100
AcDbLine
 10
154.7249999999999943
 20
-86.625
 30
0
 11
154.9749999999999943
 21
-86.875
 31
0
  0
LINE
  5
3AB
330
1A
100
AcDbEntity
  8
BLACK
  6
CONTINUOUS
100
AcDbLine
 10
154.9749999999999943
 20
-86.625
 30
0
 11
154.7249999999999943
 21
-86.875
 31
0
  0
LINE
  5
3AC
330
1A
100
AcDbEntity
  8
BLACK
  6
CONTINUOUS
100
AcDbLine
 10
154.7249999999999943
 20
-87.1749999999999972
 30
0
 11
154.9749999999999943
 21
-87.4249999999999972
 31
0
  0
LINE
  5
3AD
330
1A
100
AcDbEntity
  8
BLACK
  6
CONTINUOUS
100
AcDbLine
 10
154.9749999999999943
 20
-87.1749999999999972
 30
0
 11
154.7249999999999943
 21
-87.4249999999999972
 31
0
  0
LINE
  5
3AE
330
1A
100
AcDbEntity
  8
BLACK
  6
CONTINUOUS
100
AcDbLine
 10
154.7253999999999792
 20
-102.1150999999999982
 30
0
 11
154.9753999999999792
 21
-102.3650999999999982
 31
0
  0
LINE
  5
3AF
330
1A
100
AcDbEntity
  8
BLACK
  6
CONTINUOUS
100
AcDbLine
 10
154.9753999999999792
 20
-102.1150999999999982
 30
0
 11
154.7253999999999792
 21
-102.3650999999999982
 31
0
  0
LINE
  5
3B0
330
1A
100
AcDbEntity
  8
BLACK
  6
CONTINUOUS
100
AcDbLine
 10
154.7299999999999898
 20
-84.4200000000000017
 30
0
 11
154.9799999999999898
 21
-84.6700000000000017
 31
0
  0
LINE
  5
3B1
330
1A
100
AcDbEntity
  8
BLACK
  6
CONTINUOUS
100
AcDbLine
 10
154.9799999999999898
 20
-84.4200000000000017
 30
0
 11
154.7299999999999898
 21
-84.6700000000000017
 31
0
  0
LINE
  5
3B2
330
1A
100
AcDbEntity
  8
BLACK
  6
CONTINUOUS
100
AcDbLine
 10
154.7367209999999886
 20
-102.894441999999998
 30
0
 11
154.9867209999999886
 21
-103.144441999999998
 31
0
  0
LINE
  5
3B3
330
1A
100
AcDbEntity
  8
BLACK
  6
CONTINUOUS
100
AcDbLine
 10
154.9867209999999886
 20
-102.894441999999998
 30
0
 11
154.7367209999999886
 21
-103.144441999999998
 31
0
  0
LINE
  5
3B4
330
1A
100
AcDbEntity
  8
BLACK
  6
CONTINUOUS
100
AcDbLine
 10
154.9253999999999962
 20
-95.7550999999999988
 30
0
 11
155.1753999999999962
 21
-96.0050999999999988
 31
0
  0
LINE
  5
3B5
330
1A
100
AcDbEntity
  8
BLACK
  6
CONTINUOUS
100
AcDbLine
 10
155.1753999999999962
 20
-95.7550999999999988
 30
0
 11
154.9253999999999962
 21
-96.0050999999999988
 31
0
  0
LINE
  5
3B6
330
1A
100
AcDbEntity
  8
BLACK
  6
CONTINUOUS
100
AcDbLine
 10
155.105400000000003
 20
-97.4150999999999954
 30
0
 11
155.355400000000003
 21
-97.6650999999999954
 31
0
  0
LINE
  5
3B7
330
1A
100
AcDbEntity
  8
BLACK
  6
CONTINUOUS
100
AcDbLine
 10
155.355400000000003
 20
-97.4150999999999954
 30
0
 11
155.105400000000003
 21
-97.6650999999999954
 31
0
  0
LINE
  5
3B8
330
1A
100
AcDbEntity
  8
BLACK
  6
CONTINUOUS
100
AcDbLine
 10
155.1503999999999905
 20
-114.6500999999999948
 30
0
 11
155.4003999999999905
 21
-114.9000999999999948
 31
0
  0
LINE
  5
3B9
330
1A
100
AcDbEntity
  8
BLACK
  6
CONTINUOUS
100
AcDbLine
 10
155.4003999999999905
 20
-114.6500999999999948
 30
0
 11
155.1503999999999905
 21
-114.9000999999999948
 31
0
  0
LINE
  5
3BA
330
1A
100
AcDbEntity
  8
BLACK
  6
CONTINUOUS
100
AcDbLine
 10
155.1999999999999886
 20
-85.25
 30
0
 11
155.4499999999999886
 21
-85.5
 31
0
  0
LINE
  5
3BB
330
1A
100
AcDbEntity
  8
BLACK
  6
CONTINUOUS
100
AcDbLine
 10
155.4499999999999886
 20
-85.25
 30
0
 11
155.1999999999999886
 21
-85.5
 31
0
  0
LINE
  5
3BC
330
1A
100
AcDbEntity
  8
BLACK
  6
CONTINUOUS
100
AcDbLine
 10
155.1999999999999886
 20
-85.7999999999999972
 30
0
 11
155.4499999999999886
 21
-86.0499999999999972
 31
0
  0
LINE
  5
3BD
330
1A
100
AcDbEntity
  8
BLACK
  6
CONTINUOUS
100
AcDbLine
 10
155.4499999999999886
 20
-85.7999999999999972
 30
0
 11
155.1999999999999886
 21
-86.0499999999999972
 31
0
  0
LINE
  5
3BE
330
1A
100
AcDbEntity
  8
BLACK
  6
CONTINUOUS
100
AcDbLine
 10
155.1999999999999886
 20
-86.3499999999999943
 30
0
 11
155.4499999999999886
 21
-86.5999999999999943
 31
0
  0
LINE
  5
3BF
330
1A
100
AcDbEntity
  8
BLACK
  6
CONTINUOUS
100
AcDbLine
 10
155.4499999999999886
 20
-86.3499999999999943
 30
0
 11
155.1999999999999886
 21
-86.5999999999999943
 31
0
  0
LINE
  5
3C0
330
1A
100
AcDbEntity
  8
BLACK
  6
CONTINUOUS
100
AcDbLine
 10
155.1999999999999886
 20
-86.8999999999999915
 30
0
 11
155.4499999999999886
 21
-87.1499999999999915
 31
0
  0
LINE
  5
3C1
330
1A
100
AcDbEntity
  8
BLACK
  6
CONTINUOUS
100
AcDbLine
 10
155.4499999999999886
 20
-86.8999999999999915
 30
0
 11
155.1999999999999886
 21
-87.1499999999999915
 31
0
  0
LINE
  5
3C2
330
1A
100
AcDbEntity
  8
BLACK
  6
CONTINUOUS
100
AcDbLine
 10
155.1999999999999886
 20
-87.4500000000000028
 30
0
 11
155.4499999999999886
 21
-87.7000000000000028
 31
0
  0
LINE
  5
3C3
330
1A
100
AcDbEntity
  8
BLACK
  6
CONTINUOUS
100
AcDbLine
 10
155.4499999999999886
 20
-87.4500000000000028
 30
0
 11
155.1999999999999886
 21
-87.7000000000000028
 31
0
  0
LINE
  5
3C4
330
1A
100
AcDbEntity
  8
BLACK
  6
CONTINUOUS
100
AcDbLine
 10
155.2049999999999841
 20
-84.1349999999999909
 30
0
 11
155.4549999999999841
 21
-84.3849999999999909
 31
0
  0
LINE
  5
3C5
330
1A
100
AcDbEntity
  8
BLACK
  6
CONTINUOUS
100
AcDbLine
 10
155.4549999999999841
 20
-84.1349999999999909
 30
0
 11
155.2049999999999841
 21
-84.3849999999999909
 31
0
  0
LINE
  5
3C6
330
1A
100
AcDbEntity
  8
BLACK
  6
CONTINUOUS
100
AcDbLine
 10
155.2049999999999841
 20
-84.6949999999999932
 30
0
 11
155.4549999999999841
 21
-84.9449999999999932
 31
0
  0
LINE
  5
3C7
330
1A
100
AcDbEntity
  8
BLACK
  6
CONTINUOUS
100
AcDbLine
 10
155.4549999999999841
 20
-84.6949999999999932
 30
0
 11
155.2049999999999841
 21
-84.9449999999999932
 31
0
  0
LINE
  5
3C8
330
1A
100
AcDbEntity
  8
BLACK
  6
CONTINUOUS
100
AcDbLine
 10
155.3254000000000019
 20
-93.9950999999999937
 30
0
 11
155.5754000000000019
 21
-94.2450999999999937
 31
0
  0
LINE
  5
3C9
330
1A
100
AcDbEntity
  8
BLACK
  6
CONTINUOUS
100
AcDbLine
 10
155.5754000000000019
 20
-93.9950999999999937
 30
0
 11
155.3254000000000019
 21
-94.2450999999999937
 31
0
  0
LINE
  5
3CA
330
1A
100
AcDbEntity
  8
BLACK
  6
CONTINUOUS
100
AcDbLine
 10
155.3254000000000019
 20
-95.3550999999999931
 30
0
 11
155.5754000000000019
 21
-95.6050999999999931
 31
0
  0
LINE
  5
3CB
330
1A
100
AcDbEntity
  8
BLACK
  6
CONTINUOUS
100
AcDbLine
 10
155.5754000000000019
 20
-95.3550999999999931
 30
0
 11
155.3254000000000019
 21
-95.6050999999999931
 31
0
  0
LINE
  5
3CC
330
1A
100
AcDbEntity
  8
BLACK
  6
CONTINUOUS
100
AcDbLine
 10
155.4003999999999905
 20
-112.0000999999999891
 30
0
 11
155.6503999999999905
 21
-112.2500999999999891
 31
0
  0
LINE
  5
3CD
330
1A
100
AcDbEntity
  8
BLACK
  6
CONTINUOUS
100
AcDbLine
 10
155.6503999999999905
 20
-112.0000999999999891
 30
0
 11
155.4003999999999905
 21
-112.2500999999999891
 31
0
  0
LINE
  5
3CE
330
1A
100
AcDbEntity
  8
BLACK
  6
CONTINUOUS
100
AcDbLine
 10
155.4249999999999829
 20
-102.5249999999999915
 30
0
 11
155.6749999999999829
 21
-102.7749999999999915
 31
0
  0
LINE
  5
3CF
330
1A
100
AcDbEntity
  8
BLACK
  6
CONTINUOUS
100
AcDbLine
 10
155.6749999999999829
 20
-102.5249999999999915
 30
0
 11
155.4249999999999829
 21
-102.7749999999999915
 31
0
  0
LINE
  5
3D0
330
1A
100
AcDbEntity
  8
BLACK
  6
CONTINUOUS
100
AcDbLine
 10
155.4253999999999962
 20
-92.825099999999992
 30
0
 11
155.6753999999999962
 21
-93.075099999999992
 31
0
  0
LINE
  5
3D1
330
1A
100
AcDbEntity
  8
BLACK
  6
CONTINUOUS
100
AcDbLine
 10
155.6753999999999962
 20
-92.825099999999992
 30
0
 11
155.4253999999999962
 21
-93.075099999999992
 31
0
  0
LINE
  5
3D2
330
1A
100
AcDbEntity
  8
BLACK
  6
CONTINUOUS
100
AcDbLine
 10
155.6749999999999829
 20
-84.9749999999999943
 30
0
 11
155.9249999999999829
 21
-85.2249999999999943
 31
0
  0
LINE
  5
3D3
330
1A
100
AcDbEntity
  8
BLACK
  6
CONTINUOUS
100
AcDbLine
 10
155.9249999999999829
 20
-84.9749999999999943
 30
0
 11
155.6749999999999829
 21
-85.2249999999999943
 31
0
  0
LINE
  5
3D4
330
1A
100
AcDbEntity
  8
BLACK
  6
CONTINUOUS
100
AcDbLine
 10
155.6749999999999829
 20
-85.5249999999999915
 30
0
 11
155.9249999999999829
 21
-85.7749999999999915
 31
0
  0
LINE
  5
3D5
330
1A
100
AcDbEntity
  8
BLACK
  6
CONTINUOUS
100
AcDbLine
 10
155.9249999999999829
 20
-85.5249999999999915
 30
0
 11
155.6749999999999829
 21
-85.7749999999999915
 31
0
  0
LINE
  5
3D6
330
1A
100
AcDbEntity
  8
BLACK
  6
CONTINUOUS
100
AcDbLine
 10
155.6749999999999829
 20
-86.0750000000000028
 30
0
 11
155.9249999999999829
 21
-86.3250000000000028
 31
0
  0
LINE
  5
3D7
330
1A
100
AcDbEntity
  8
BLACK
  6
CONTINUOUS
100
AcDbLine
 10
155.9249999999999829
 20
-86.0750000000000028
 30
0
 11
155.6749999999999829
 21
-86.3250000000000028
 31
0
  0
LINE
  5
3D8
330
1A
100
AcDbEntity
  8
BLACK
  6
CONTINUOUS
100
AcDbLine
 10
155.6749999999999829
 20
-86.625
 30
0
 11
155.9249999999999829
 21
-86.875
 31
0
  0
LINE
  5
3D9
330
1A
100
AcDbEntity
  8
BLACK
  6
CONTINUOUS
100
AcDbLine
 10
155.9249999999999829
 20
-86.625
 30
0
 11
155.6749999999999829
 21
-86.875
 31
0
  0
LINE
  5
3DA
330
1A
100
AcDbEntity
  8
BLACK
  6
CONTINUOUS
100
AcDbLine
 10
155.6749999999999829
 20
-87.1749999999999972
 30
0
 11
155.9249999999999829
 21
-87.4249999999999972
 31
0
  0
LINE
  5
3DB
330
1A
100
AcDbEntity
  8
BLACK
  6
CONTINUOUS
100
AcDbLine
 10
155.9249999999999829
 20
-87.1749999999999972
 30
0
 11
155.6749999999999829
 21
-87.4249999999999972
 31
0
  0
LINE
  5
3DC
330
1A
100
AcDbEntity
  8
BLACK
  6
CONTINUOUS
100
AcDbLine
 10
155.6800000000000068
 20
-84.4200000000000017
 30
0
 11
155.9300000000000068
 21
-84.6700000000000017
 31
0
  0
LINE
  5
3DD
330
1A
100
AcDbEntity
  8
BLACK
  6
CONTINUOUS
100
AcDbLine
 10
155.9300000000000068
 20
-84.4200000000000017
 30
0
 11
155.6800000000000068
 21
-84.6700000000000017
 31
0
  0
LINE
  5
3DE
330
1A
100
AcDbEntity
  8
BLACK
  6
CONTINUOUS
100
AcDbLine
 10
155.7253999999999792
 20
-94.3950999999999993
 30
0
 11
155.9753999999999792
 21
-94.6450999999999993
 31
0
  0
LINE
  5
3DF
330
1A
100
AcDbEntity
  8
BLACK
  6
CONTINUOUS
100
AcDbLine
 10
155.9753999999999792
 20
-94.3950999999999993
 30
0
 11
155.7253999999999792
 21
-94.6450999999999993
 31
0
  0
LINE
  5
3E0
330
1A
100
AcDbEntity
  8
BLACK
  6
CONTINUOUS
100
AcDbLine
 10
155.7253999999999792
 20
-94.9551000000000016
 30
0
 11
155.9753999999999792
 21
-95.2051000000000016
 31
0
  0
LINE
  5
3E1
330
1A
100
AcDbEntity
  8
BLACK
  6
CONTINUOUS
100
AcDbLine
 10
155.9753999999999792
 20
-94.9551000000000016
 30
0
 11
155.7253999999999792
 21
-95.2051000000000016
 31
0
  0
LINE
  5
3E2
330
1A
100
AcDbEntity
  8
BLACK
  6
CONTINUOUS
100
AcDbLine
 10
155.7653999999999996
 20
-50.2550999999999988
 30
0
 11
156.0153999999999996
 21
-50.5050999999999988
 31
0
  0
LINE
  5
3E3
330
1A
100
AcDbEntity
  8
BLACK
  6
CONTINUOUS
100
AcDbLine
 10
156.0153999999999996
 20
-50.2550999999999988
 30
0
 11
155.7653999999999996
 21
-50.5050999999999988
 31
0
  0
LINE
  5
3E4
330
1A
100
AcDbEntity
  8
BLACK
  6
CONTINUOUS
100
AcDbLine
 10
155.7653999999999996
 20
-51.5250999999999948
 30
0
 11
156.0153999999999996
 21
-51.7750999999999948
 31
0
  0
LINE
  5
3E5
330
1A
100
AcDbEntity
  8
BLACK
  6
CONTINUOUS
100
AcDbLine
 10
156.0153999999999996
 20
-51.5250999999999948
 30
0
 11
155.7653999999999996
 21
-51.7750999999999948
 31
0
  0
LINE
  5
3E6
330
1A
100
AcDbEntity
  8
BLACK
  6
CONTINUOUS
100
AcDbLine
 10
155.7653999999999996
 20
-52.7950999999999979
 30
0
 11
156.0153999999999996
 21
-53.0450999999999979
 31
0
  0
LINE
  5
3E7
330
1A
100
AcDbEntity
  8
BLACK
  6
CONTINUOUS
100
AcDbLine
 10
156.0153999999999996
 20
-52.7950999999999979
 30
0
 11
155.7653999999999996
 21
-53.0450999999999979
 31
0
  0
LINE
  5
3E8
330
1A
100
AcDbEntity
  8
BLACK
  6
CONTINUOUS
100
AcDbLine
 10
155.7653999999999996
 20
-54.065100000000001
 30
0
 11
156.0153999999999996
 21
-54.315100000000001
 31
0
  0
LINE
  5
3E9
330
1A
100
AcDbEntity
  8
BLACK
  6
CONTINUOUS
100
AcDbLine
 10
156.0153999999999996
 20
-54.065100000000001
 30
0
 11
155.7653999999999996
 21
-54.315100000000001
 31
0
  0
LINE
  5
3EA
330
1A
100
AcDbEntity
  8
BLACK
  6
CONTINUOUS
100
AcDbLine
 10
155.9753999999999792
 20
-92.2750999999999948
 30
0
 11
156.2253999999999792
 21
-92.5250999999999948
 31
0
  0
LINE
  5
3EB
330
1A
100
AcDbEntity
  8
BLACK
  6
CONTINUOUS
100
AcDbLine
 10
156.2253999999999792
 20
-92.2750999999999948
 30
0
 11
155.9753999999999792
 21
-92.5250999999999948
 31
0
  0
LINE
  5
3EC
330
1A
100
AcDbEntity
  8
BLACK
  6
CONTINUOUS
100
AcDbLine
 10
156.0253999999999905
 20
-61.6850999999999985
 30
0
 11
156.2753999999999905
 21
-61.9350999999999985
 31
0
  0
LINE
  5
3ED
330
1A
100
AcDbEntity
  8
BLACK
  6
CONTINUOUS
100
AcDbLine
 10
156.2753999999999905
 20
-61.6850999999999985
 30
0
 11
156.0253999999999905
 21
-61.9350999999999985
 31
0
  0
LINE
  5
3EE
330
1A
100
AcDbEntity
  8
BLACK
  6
CONTINUOUS
100
AcDbLine
 10
156.1500000000000057
 20
-85.25
 30
0
 11
156.4000000000000057
 21
-85.5
 31
0
  0
LINE
  5
3EF
330
1A
100
AcDbEntity
  8
BLACK
  6
CONTINUOUS
100
AcDbLine
 10
156.4000000000000057
 20
-85.25
 30
0
 11
156.1500000000000057
 21
-85.5
 31
0
  0
LINE
  5
3F0
330
1A
100
AcDbEntity
  8
BLACK
  6
CONTINUOUS
100
AcDbLine
 10
156.1500000000000057
 20
-85.7999999999999972
 30
0
 11
156.4000000000000057
 21
-86.0499999999999972
 31
0
  0
LINE
  5
3F1
330
1A
100
AcDbEntity
  8
BLACK
  6
CONTINUOUS
100
AcDbLine
 10
156.4000000000000057
 20
-85.7999999999999972
 30
0
 11
156.1500000000000057
 21
-86.0499999999999972
 31
0
  0
LINE
  5
3F2
330
1A
100
AcDbEntity
  8
BLACK
  6
CONTINUOUS
100
AcDbLine
 10
156.1500000000000057
 20
-86.3499999999999943
 30
0
 11
156.4000000000000057
 21
-86.5999999999999943
 31
0
  0
LINE
  5
3F3
330
1A
100
AcDbEntity
  8
BLACK
  6
CONTINUOUS
100
AcDbLine
 10
156.4000000000000057
 20
-86.3499999999999943
 30
0
 11
156.1500000000000057
 21
-86.5999999999999943
 31
0
  0
LINE
  5
3F4
330
1A
100
AcDbEntity
  8
BLACK
  6
CONTINUOUS
100
AcDbLine
 10
156.1500000000000057
 20
-86.8999999999999915
 30
0
 11
156.4000000000000057
 21
-87.1499999999999915
 31
0
  0
LINE
  5
3F5
330
1A
100
AcDbEntity
  8
BLACK
  6
CONTINUOUS
100
AcDbLine
 10
156.4000000000000057
 20
-86.8999999999999915
 30
0
 11
156.1500000000000057
 21
-87.1499999999999915
 31
0
  0
LINE
  5
3F6
330
1A
100
AcDbEntity
  8
BLACK
  6
CONTINUOUS
100
AcDbLine
 10
156.1500000000000057
 20
-87.4500000000000028
 30
0
 11
156.4000000000000057
 21
-87.7000000000000028
 31
0
  0
LINE
  5
3F7
330
1A
100
AcDbEntity
  8
BLACK
  6
CONTINUOUS
100
AcDbLine
 10
156.4000000000000057
 20
-87.4500000000000028
 30
0
 11
156.1500000000000057
 21
-87.7000000000000028
 31
0
  0
LINE
  5
3F8
330
1A
100
AcDbEntity
  8
BLACK
  6
CONTINUOUS
100
AcDbLine
 10
156.1503999999999905
 20
-93.825099999999992
 30
0
 11
156.4003999999999905
 21
-94.075099999999992
 31
0
  0
LINE
  5
3F9
330
1A
100
AcDbEntity
  8
BLACK
  6
CONTINUOUS
100
AcDbLine
 10
156.4003999999999905
 20
-93.825099999999992
 30
0
 11
156.1503999999999905
 21
-94.075099999999992
 31
0
  0
LINE
  5
3FA
330
1A
100
AcDbEntity
  8
BLACK
  6
CONTINUOUS
100
AcDbLine
 10
156.1550000000000011
 20
-84.1349999999999909
 30
0
 11
156.4050000000000011
 21
-84.3849999999999909
 31
0
  0
LINE
  5
3FB
330
1A
100
AcDbEntity
  8
BLACK
  6
CONTINUOUS
100
AcDbLine
 10
156.4050000000000011
 20
-84.1349999999999909
 30
0
 11
156.1550000000000011
 21
-84.3849999999999909
 31
0
  0
LINE
  5
3FC
330
1A
100
AcDbEntity
  8
BLACK
  6
CONTINUOUS
100
AcDbLine
 10
156.1550000000000011
 20
-84.6949999999999932
 30
0
 11
156.4050000000000011
 21
-84.9449999999999932
 31
0
  0
LINE
  5
3FD
330
1A
100
AcDbEntity
  8
BLACK
  6
CONTINUOUS
100
AcDbLine
 10
156.4050000000000011
 20
-84.6949999999999932
 30
0
 11
156.1550000000000011
 21
-84.9449999999999932
 31
0
  0
LINE
  5
3FE
330
1A
100
AcDbEntity
  8
BLACK
  6
CONTINUOUS
100
AcDbLine
 10
156.3453999999999837
 20
-107.0050999999999988
 30
0
 11
156.5953999999999837
 21
-107.2550999999999988
 31
0
  0
LINE
  5
3FF
330
1A
100
AcDbEntity
  8
BLACK
  6
CONTINUOUS
100
AcDbLine
 10
156.5953999999999837
 20
-107.0050999999999988
 30
0
 11
156.3453999999999837
 21
-107.2550999999999988
 31
0
  0
LINE
  5
400
330
1A
100
AcDbEntity
  8
BLACK
  6
CONTINUOUS
100
AcDbLine
 10
156.3753999999999849
 20
-114.7850999999999999
 30
0
 11
156.6253999999999849
 21
-115.0350999999999999
 31
0
  0
LINE
  5
401
330
1A
100
AcDbEntity
  8
BLACK
  6
CONTINUOUS
100
AcDbLine
 10
156.6253999999999849
 20
-114.7850999999999999
 30
0
 11
156.3753999999999849
 21
-115.0350999999999999
 31
0
  0
LINE
  5
402
330
1A
100
AcDbEntity
  8
BLACK
  6
CONTINUOUS
100
AcDbLine
 10
156.3753999999999849
 20
-115.4850999999999885
 30
0
 11
156.6253999999999849
 21
-115.7350999999999885
 31
0
  0
LINE
  5
403
330
1A
100
AcDbEntity
  8
BLACK
  6
CONTINUOUS
100
AcDbLine
 10
156.6253999999999849
 20
-115.4850999999999885
 30
0
 11
156.3753999999999849
 21
-115.7350999999999885
 31
0
  0
LINE
  5
404
330
1A
100
AcDbEntity
  8
BLACK
  6
CONTINUOUS
100
AcDbLine
 10
156.405399999999986
 20
-120.1250999999999891
 30
0
 11
156.655399999999986
 21
-120.3750999999999891
 31
0
  0
LINE
  5
405
330
1A
100
AcDbEntity
  8
BLACK
  6
CONTINUOUS
100
AcDbLine
 10
156.655399999999986
 20
-120.1250999999999891
 30
0
 11
156.405399999999986
 21
-120.3750999999999891
 31
0
  0
LINE
  5
406
330
1A
100
AcDbEntity
  8
BLACK
  6
CONTINUOUS
100
AcDbLine
 10
156.405399999999986
 20
-121.2450999999999937
 30
0
 11
156.655399999999986
 21
-121.4950999999999937
 31
0
  0
LINE
  5
407
330
1A
100
AcDbEntity
  8
BLACK
  6
CONTINUOUS
100
AcDbLine
 10
156.655399999999986
 20
-121.2450999999999937
 30
0
 11
156.405399999999986
 21
-121.4950999999999937
 31
0
  0
LINE
  5
408
330
1A
100
AcDbEntity
  8
BLACK
  6
CONTINUOUS
100
AcDbLine
 10
156.5754000000000019
 20
-105.6250999999999891
 30
0
 11
156.8254000000000019
 21
-105.8750999999999891
 31
0
  0
LINE
  5
409
330
1A
100
AcDbEntity
  8
BLACK
  6
CONTINUOUS
100
AcDbLine
 10
156.8254000000000019
 20
-105.6250999999999891
 30
0
 11
156.5754000000000019
 21
-105.8750999999999891
 31
0
  0
LINE
  5
40A
330
1A
100
AcDbEntity
  8
BLACK
  6
CONTINUOUS
100
AcDbLine
 10
156.8254000000000019
 20
-113.075099999999992
 30
0
 11
157.0754000000000019
 21
-113.325099999999992
 31
0
  0
LINE
  5
40B
330
1A
100
AcDbEntity
  8
BLACK
  6
CONTINUOUS
100
AcDbLine
 10
157.0754000000000019
 20
-113.075099999999992
 30
0
 11
156.8254000000000019
 21
-113.325099999999992
 31
0
  0
LINE
  5
40C
330
1A
100
AcDbEntity
  8
BLACK
  6
CONTINUOUS
100
AcDbLine
 10
156.8254000000000019
 20
-113.7750999999999948
 30
0
 11
157.0754000000000019
 21
-114.0250999999999948
 31
0
  0
LINE
  5
40D
330
1A
100
AcDbEntity
  8
BLACK
  6
CONTINUOUS
100
AcDbLine
 10
157.0754000000000019
 20
-113.7750999999999948
 30
0
 11
156.8254000000000019
 21
-114.0250999999999948
 31
0
  0
LINE
  5
40E
330
1A
100
AcDbEntity
  8
BLACK
  6
CONTINUOUS
100
AcDbLine
 10
156.8503999999999792
 20
-93.1250999999999891
 30
0
 11
157.1003999999999792
 21
-93.3750999999999891
 31
0
  0
LINE
  5
40F
330
1A
100
AcDbEntity
  8
BLACK
  6
CONTINUOUS
100
AcDbLine
 10
157.1003999999999792
 20
-93.1250999999999891
 30
0
 11
156.8503999999999792
 21
-93.3750999999999891
 31
0
  0
LINE
  5
410
330
1A
100
AcDbEntity
  8
BLACK
  6
CONTINUOUS
100
AcDbLine
 10
156.9353999999999871
 20
-116.0150999999999897
 30
0
 11
157.1853999999999871
 21
-116.2650999999999897
 31
0
  0
LINE
  5
411
330
1A
100
AcDbEntity
  8
BLACK
  6
CONTINUOUS
100
AcDbLine
 10
157.1853999999999871
 20
-116.0150999999999897
 30
0
 11
156.9353999999999871
 21
-116.2650999999999897
 31
0
  0
LINE
  5
412
330
1A
100
AcDbEntity
  8
BLACK
  6
CONTINUOUS
100
AcDbLine
 10
156.9753999999999792
 20
-110.8750999999999891
 30
0
 11
157.2253999999999792
 21
-111.1250999999999891
 31
0
  0
LINE
  5
413
330
1A
100
AcDbEntity
  8
BLACK
  6
CONTINUOUS
100
AcDbLine
 10
157.2253999999999792
 20
-110.8750999999999891
 30
0
 11
156.9753999999999792
 21
-111.1250999999999891
 31
0
  0
LINE
  5
414
330
1A
100
AcDbEntity
  8
BLACK
  6
CONTINUOUS
100
AcDbLine
 10
157.
 20
-104.0249999999999915
 30
0
 11
157.25
 21
-104.2749999999999915
 31
0
  0
LINE
  5
415
330
1A
100
AcDbEntity
  8
BLACK
  6
CONTINUOUS
100
AcDbLine
 10
157.25
 20
-104.0249999999999915
 30
0
 11
157.
 21
-104.2749999999999915
 31
0
  0
LINE
  5
416
330
1A
100
AcDbEntity
  8
BLACK
  6
CONTINUOUS
100
AcDbLine
 10
157.0353999999999814
 20
-50.2550999999999988
 30
0
 11
157.2853999999999814
 21
-50.5050999999999988
 31
0
  0
LINE
  5
417
330
1A
100
AcDbEntity
  8
BLACK
  6
CONTINUOUS
100
AcDbLine
 10
157.2853999999999814
 20
-50.2550999999999988
 30
0
 11
157.0353999999999814
 21
-50.5050999999999988
 31
0
  0
LINE
  5
418
330
1A
100
AcDbEntity
  8
BLACK
  6
CONTINUOUS
100
AcDbLine
 10
157.0353999999999814
 20
-51.5250999999999948
 30
0
 11
157.2853999999999814
 21
-51.7750999999999948
 31
0
  0
LINE
  5
419
330
1A
100
AcDbEntity
  8
BLACK
  6
CONTINUOUS
100
AcDbLine
 10
157.2853999999999814
 20
-51.5250999999999948
 30
0
 11
157.0353999999999814
 21
-51.7750999999999948
 31
0
  0
LINE
  5
41A
330
1A
100
AcDbEntity
  8
BLACK
  6
CONTINUOUS
100
AcDbLine
 10
157.0353999999999814
 20
-52.7950999999999979
 30
0
 11
157.2853999999999814
 21
-53.0450999999999979
 31
0
  0
LINE
  5
41B
330
1A
100
AcDbEntity
  8
BLACK
  6
CONTINUOUS
100
AcDbLine
 10
157.2853999999999814
 20
-52.7950999999999979
 30
0
 11
157.0353999999999814
 21
-53.0450999999999979
 31
0
  0
LINE
  5
41C
330
1A
100
AcDbEntity
  8
BLACK
  6
CONTINUOUS
100
AcDbLine
 10
157.0353999999999814
 20
-54.065100000000001
 30
0
 11
157.2853999999999814
 21
-54.315100000000001
 31
0
  0
LINE
  5
41D
330
1A
100
AcDbEntity
  8
BLACK
  6
CONTINUOUS
100
AcDbLine
 10
157.2853999999999814
 20
-54.065100000000001
 30
0
 11
157.0353999999999814
 21
-54.315100000000001
 31
0
  0
LINE
  5
41E
330
1A
100
AcDbEntity
  8
BLACK
  6
CONTINUOUS
100
AcDbLine
 10
157.0754000000000019
 20
-114.7850999999999999
 30
0
 11
157.3254000000000019
 21
-115.0350999999999999
 31
0
  0
LINE
  5
41F
330
1A
100
AcDbEntity
  8
BLACK
  6
CONTINUOUS
100
AcDbLine
 10
157.3254000000000019
 20
-114.7850999999999999
 30
0
 11
157.0754000000000019
 21
-115.0350999999999999
 31
0
  0
LINE
  5
420
330
1A
100
AcDbEntity
  8
BLACK
  6
CONTINUOUS
100
AcDbLine
 10
157.1753999999999962
 20
-106.2250999999999976
 30
0
 11
157.4253999999999962
 21
-106.4750999999999976
 31
0
  0
LINE
  5
421
330
1A
100
AcDbEntity
  8
BLACK
  6
CONTINUOUS
100
AcDbLine
 10
157.4253999999999962
 20
-106.2250999999999976
 30
0
 11
157.1753999999999962
 21
-106.4750999999999976
 31
0
  0
LINE
  5
422
330
1A
100
AcDbEntity
  8
BLACK
  6
CONTINUOUS
100
AcDbLine
 10
157.2004000000000019
 20
-84.3149999999999977
 30
0
 11
157.4504000000000019
 21
-84.5649999999999977
 31
0
  0
LINE
  5
423
330
1A
100
AcDbEntity
  8
BLACK
  6
CONTINUOUS
100
AcDbLine
 10
157.4504000000000019
 20
-84.3149999999999977
 30
0
 11
157.2004000000000019
 21
-84.5649999999999977
 31
0
  0
LINE
  5
424
330
1A
100
AcDbEntity
  8
BLACK
  6
CONTINUOUS
100
AcDbLine
 10
157.4000000000000057
 20
-95.0249999999999915
 30
0
 11
157.6500000000000057
 21
-95.2749999999999915
 31
0
  0
LINE
  5
425
330
1A
100
AcDbEntity
  8
BLACK
  6
CONTINUOUS
100
AcDbLine
 10
157.6500000000000057
 20
-95.0249999999999915
 30
0
 11
157.4000000000000057
 21
-95.2749999999999915
 31
0
  0
LINE
  5
426
330
1A
100
AcDbEntity
  8
BLACK
  6
CONTINUOUS
100
AcDbLine
 10
157.4749999999999943
 20
-97.2249999999999943
 30
0
 11
157.7249999999999943
 21
-97.4749999999999943
 31
0
  0
LINE
  5
427
330
1A
100
AcDbEntity
  8
BLACK
  6
CONTINUOUS
100
AcDbLine
 10
157.7249999999999943
 20
-97.2249999999999943
 30
0
 11
157.4749999999999943
 21
-97.4749999999999943
 31
0
  0
LINE
  5
428
330
1A
100
AcDbEntity
  8
BLACK
  6
CONTINUOUS
100
AcDbLine
 10
157.6753999999999962
 20
-117.565100000000001
 30
0
 11
157.9253999999999962
 21
-117.815100000000001
 31
0
  0
LINE
  5
429
330
1A
100
AcDbEntity
  8
BLACK
  6
CONTINUOUS
100
AcDbLine
 10
157.9253999999999962
 20
-117.565100000000001
 30
0
 11
157.6753999999999962
 21
-117.815100000000001
 31
0
  0
LINE
  5
42A
330
1A
100
AcDbEntity
  8
BLACK
  6
CONTINUOUS
100
AcDbLine
 10
157.7999999999999829
 20
-95.4249999999999972
 30
0
 11
158.0499999999999829
 21
-95.6749999999999972
 31
0
  0
LINE
  5
42B
330
1A
100
AcDbEntity
  8
BLACK
  6
CONTINUOUS
100
AcDbLine
 10
158.0499999999999829
 20
-95.4249999999999972
 30
0
 11
157.7999999999999829
 21
-95.6749999999999972
 31
0
  0
LINE
  5
42C
330
1A
100
AcDbEntity
  8
BLACK
  6
CONTINUOUS
100
AcDbLine
 10
157.9353999999999871
 20
-99.9251000000000005
 30
0
 11
158.1853999999999871
 21
-100.1751000000000005
 31
0
  0
LINE
  5
42D
330
1A
100
AcDbEntity
  8
BLACK
  6
CONTINUOUS
100
AcDbLine
 10
158.1853999999999871
 20
-99.9251000000000005
 30
0
 11
157.9353999999999871
 21
-100.1751000000000005
 31
0
  0
LINE
  5
42E
330
1A
100
AcDbEntity
  8
BLACK
  6
CONTINUOUS
100
AcDbLine
 10
158.0499999999999829
 20
-97.2249999999999943
 30
0
 11
158.2999999999999829
 21
-97.4749999999999943
 31
0
  0
LINE
  5
42F
330
1A
100
AcDbEntity
  8
BLACK
  6
CONTINUOUS
100
AcDbLine
 10
158.2999999999999829
 20
-97.2249999999999943
 30
0
 11
158.0499999999999829
 21
-97.4749999999999943
 31
0
  0
LINE
  5
430
330
1A
100
AcDbEntity
  8
BLACK
  6
CONTINUOUS
100
AcDbLine
 10
158.1999999999999886
 20
-95.8249999999999886
 30
0
 11
158.4499999999999886
 21
-96.0749999999999886
 31
0
  0
LINE
  5
431
330
1A
100
AcDbEntity
  8
BLACK
  6
CONTINUOUS
100
AcDbLine
 10
158.4499999999999886
 20
-95.8249999999999886
 30
0
 11
158.1999999999999886
 21
-96.0749999999999886
 31
0
  0
LINE
  5
432
330
1A
100
AcDbEntity
  8
BLACK
  6
CONTINUOUS
100
AcDbLine
 10
158.3053999999999917
 20
-50.2550999999999988
 30
0
 11
158.5553999999999917
 21
-50.5050999999999988
 31
0
  0
LINE
  5
433
330
1A
100
AcDbEntity
  8
BLACK
  6
CONTINUOUS
100
AcDbLine
 10
158.5553999999999917
 20
-50.2550999999999988
 30
0
 11
158.3053999999999917
 21
-50.5050999999999988
 31
0
  0
LINE
  5
434
330
1A
100
AcDbEntity
  8
BLACK
  6
CONTINUOUS
100
AcDbLine
 10
158.3053999999999917
 20
-51.5250999999999948
 30
0
 11
158.5553999999999917
 21
-51.7750999999999948
 31
0
  0
LINE
  5
435
330
1A
100
AcDbEntity
  8
BLACK
  6
CONTINUOUS
100
AcDbLine
 10
158.5553999999999917
 20
-51.5250999999999948
 30
0
 11
158.3053999999999917
 21
-51.7750999999999948
 31
0
  0
LINE
  5
436
330
1A
100
AcDbEntity
  8
BLACK
  6
CONTINUOUS
100
AcDbLine
 10
158.3053999999999917
 20
-52.7950999999999979
 30
0
 11
158.5553999999999917
 21
-53.0450999999999979
 31
0
  0
LINE
  5
437
330
1A
100
AcDbEntity
  8
BLACK
  6
CONTINUOUS
100
AcDbLine
 10
158.5553999999999917
 20
-52.7950999999999979
 30
0
 11
158.3053999999999917
 21
-53.0450999999999979
 31
0
  0
LINE
  5
438
330
1A
100
AcDbEntity
  8
BLACK
  6
CONTINUOUS
100
AcDbLine
 10
158.3053999999999917
 20
-54.065100000000001
 30
0
 11
158.5553999999999917
 21
-54.315100000000001
 31
0
  0
LINE
  5
439
330
1A
100
AcDbEntity
  8
BLACK
  6
CONTINUOUS
100
AcDbLine
 10
158.5553999999999917
 20
-54.065100000000001
 30
0
 11
158.3053999999999917
 21
-54.315100000000001
 31
0
  0
LINE
  5
43A
330
1A
100
AcDbEntity
  8
BLACK
  6
CONTINUOUS
100
AcDbLine
 10
158.3249999999999886
 20
-96.7249999999999943
 30
0
 11
158.5749999999999886
 21
-96.9749999999999943
 31
0
  0
LINE
  5
43B
330
1A
100
AcDbEntity
  8
BLACK
  6
CONTINUOUS
100
AcDbLine
 10
158.5749999999999886
 20
-96.7249999999999943
 30
0
 11
158.3249999999999886
 21
-96.9749999999999943
 31
0
  0
LINE
  5
43C
330
1A
100
AcDbEntity
  8
BLACK
  6
CONTINUOUS
100
AcDbLine
 10
158.5754000000000019
 20
-83.9399999999999977
 30
0
 11
158.8254000000000019
 21
-84.1899999999999977
 31
0
  0
LINE
  5
43D
330
1A
100
AcDbEntity
  8
BLACK
  6
CONTINUOUS
100
AcDbLine
 10
158.8254000000000019
 20
-83.9399999999999977
 30
0
 11
158.5754000000000019
 21
-84.1899999999999977
 31
0
  0
LINE
  5
43E
330
1A
100
AcDbEntity
  8
BLACK
  6
CONTINUOUS
100
AcDbLine
 10
158.5754000000000019
 20
-84.6899999999999977
 30
0
 11
158.8254000000000019
 21
-84.9399999999999977
 31
0
  0
LINE
  5
43F
330
1A
100
AcDbEntity
  8
BLACK
  6
CONTINUOUS
100
AcDbLine
 10
158.8254000000000019
 20
-84.6899999999999977
 30
0
 11
158.5754000000000019
 21
-84.9399999999999977
 31
0
  0
LINE
  5
440
330
1A
100
AcDbEntity
  8
BLACK
  6
CONTINUOUS
100
AcDbLine
 10
158.5999999999999943
 20
-96.2249999999999943
 30
0
 11
158.8499999999999943
 21
-96.4749999999999943
 31
0
  0
LINE
  5
441
330
1A
100
AcDbEntity
  8
BLACK
  6
CONTINUOUS
100
AcDbLine
 10
158.8499999999999943
 20
-96.2249999999999943
 30
0
 11
158.5999999999999943
 21
-96.4749999999999943
 31
0
  0
LINE
  5
442
330
1A
100
AcDbEntity
  8
BLACK
  6
CONTINUOUS
100
AcDbLine
 10
158.625
 20
-97.2249999999999943
 30
0
 11
158.875
 21
-97.4749999999999943
 31
0
  0
LINE
  5
443
330
1A
100
AcDbEntity
  8
BLACK
  6
CONTINUOUS
100
AcDbLine
 10
158.875
 20
-97.2249999999999943
 30
0
 11
158.625
 21
-97.4749999999999943
 31
0
  0
LINE
  5
444
330
1A
100
AcDbEntity
  8
BLACK
  6
CONTINUOUS
100
AcDbLine
 10
158.6853999999999871
 20
-100.6751000000000005
 30
0
 11
158.9353999999999871
 21
-100.9251000000000005
 31
0
  0
LINE
  5
445
330
1A
100
AcDbEntity
  8
BLACK
  6
CONTINUOUS
100
AcDbLine
 10
158.9353999999999871
 20
-100.6751000000000005
 30
0
 11
158.6853999999999871
 21
-100.9251000000000005
 31
0
  0
LINE
  5
446
330
1A
100
AcDbEntity
  8
BLACK
  6
CONTINUOUS
100
AcDbLine
 10
158.9253999999999962
 20
-108.7150999999999925
 30
0
 11
159.1753999999999962
 21
-108.9650999999999925
 31
0
  0
LINE
  5
447
330
1A
100
AcDbEntity
  8
BLACK
  6
CONTINUOUS
100
AcDbLine
 10
159.1753999999999962
 20
-108.7150999999999925
 30
0
 11
158.9253999999999962
 21
-108.9650999999999925
 31
0
  0
LINE
  5
448
330
1A
100
AcDbEntity
  8
BLACK
  6
CONTINUOUS
100
AcDbLine
 10
159.2750000000000057
 20
-97.3499999999999943
 30
0
 11
159.5250000000000057
 21
-97.5999999999999943
 31
0
  0
LINE
  5
449
330
1A
100
AcDbEntity
  8
BLACK
  6
CONTINUOUS
100
AcDbLine
 10
159.5250000000000057
 20
-97.3499999999999943
 30
0
 11
159.2750000000000057
 21
-97.5999999999999943
 31
0
  0
LINE
  5
44A
330
1A
100
AcDbEntity
  8
BLACK
  6
CONTINUOUS
100
AcDbLine
 10
159.3854000000000042
 20
-108.3451000000000022
 30
0
 11
159.6354000000000042
 21
-108.5951000000000022
 31
0
  0
LINE
  5
44B
330
1A
100
AcDbEntity
  8
BLACK
  6
CONTINUOUS
100
AcDbLine
 10
159.6354000000000042
 20
-108.3451000000000022
 30
0
 11
159.3854000000000042
 21
-108.5951000000000022
 31
0
  0
LINE
  5
44C
330
1A
100
AcDbEntity
  8
BLACK
  6
CONTINUOUS
100
AcDbLine
 10
159.5754000000000019
 20
-50.2550999999999988
 30
0
 11
159.8254000000000019
 21
-50.5050999999999988
 31
0
  0
LINE
  5
44D
330
1A
100
AcDbEntity
  8
BLACK
  6
CONTINUOUS
100
AcDbLine
 10
159.8254000000000019
 20
-50.2550999999999988
 30
0
 11
159.5754000000000019
 21
-50.5050999999999988
 31
0
  0
LINE
  5
44E
330
1A
100
AcDbEntity
  8
BLACK
  6
CONTINUOUS
100
AcDbLine
 10
159.5754000000000019
 20
-51.5250999999999948
 30
0
 11
159.8254000000000019
 21
-51.7750999999999948
 31
0
  0
LINE
  5
44F
330
1A
100
AcDbEntity
  8
BLACK
  6
CONTINUOUS
100
AcDbLine
 10
159.8254000000000019
 20
-51.5250999999999948
 30
0
 11
159.5754000000000019
 21
-51.7750999999999948
 31
0
  0
LINE
  5
450
330
1A
100
AcDbEntity
  8
BLACK
  6
CONTINUOUS
100
AcDbLine
 10
159.5754000000000019
 20
-52.7950999999999979
 30
0
 11
159.8254000000000019
 21
-53.0450999999999979
 31
0
  0
LINE
  5
451
330
1A
100
AcDbEntity
  8
BLACK
  6
CONTINUOUS
100
AcDbLine
 10
159.8254000000000019
 20
-52.7950999999999979
 30
0
 11
159.5754000000000019
 21
-53.0450999999999979
 31
0
  0
LINE
  5
452
330
1A
100
AcDbEntity
  8
BLACK
  6
CONTINUOUS
100
AcDbLine
 10
159.5754000000000019
 20
-54.065100000000001
 30
0
 11
159.8254000000000019
 21
-54.315100000000001
 31
0
  0
LINE
  5
453
330
1A
100
AcDbEntity
  8
BLACK
  6
CONTINUOUS
100
AcDbLine
 10
159.8254000000000019
 20
-54.065100000000001
 30
0
 11
159.5754000000000019
 21
-54.315100000000001
 31
0
  0
LINE
  5
454
330
1A
100
AcDbEntity
  8
BLACK
  6
CONTINUOUS
100
AcDbLine
 10
159.5754000000000019
 20
-55.3350999999999971
 30
0
 11
159.8254000000000019
 21
-55.5850999999999971
 31
0
  0
LINE
  5
455
330
1A
100
AcDbEntity
  8
BLACK
  6
CONTINUOUS
100
AcDbLine
 10
159.8254000000000019
 20
-55.3350999999999971
 30
0
 11
159.5754000000000019
 21
-55.5850999999999971
 31
0
  0
LINE
  5
456
330
1A
100
AcDbEntity
  8
BLACK
  6
CONTINUOUS
100
AcDbLine
 10
159.6749999999999829
 20
-97.75
 30
0
 11
159.9249999999999829
 21
-98.
 31
0
  0
LINE
  5
457
330
1A
100
AcDbEntity
  8
BLACK
  6
CONTINUOUS
100
AcDbLine
 10
159.9249999999999829
 20
-97.75
 30
0
 11
159.6749999999999829
 21
-98.
 31
0
  0
LINE
  5
458
330
1A
100
AcDbEntity
  8
BLACK
  6
CONTINUOUS
100
AcDbLine
 10
159.7106650000000059
 20
-93.587065999999993
 30
0
 11
159.9606650000000059
 21
-93.837065999999993
 31
0
  0
LINE
  5
459
330
1A
100
AcDbEntity
  8
BLACK
  6
CONTINUOUS
100
AcDbLine
 10
159.9606650000000059
 20
-93.587065999999993
 30
0
 11
159.7106650000000059
 21
-93.837065999999993
 31
0
  0
LINE
  5
45A
330
1A
100
AcDbEntity
  8
BLACK
  6
CONTINUOUS
100
AcDbLine
 10
159.7753999999999905
 20
-111.075099999999992
 30
0
 11
160.0253999999999905
 21
-111.325099999999992
 31
0
  0
LINE
  5
45B
330
1A
100
AcDbEntity
  8
BLACK
  6
CONTINUOUS
100
AcDbLine
 10
160.0253999999999905
 20
-111.075099999999992
 30
0
 11
159.7753999999999905
 21
-111.325099999999992
 31
0
  0
LINE
  5
45C
330
1A
100
AcDbEntity
  8
BLACK
  6
CONTINUOUS
100
AcDbLine
 10
160.1441669999999817
 20
-106.2438669999999945
 30
0
 11
160.3941669999999817
 21
-106.4938669999999945
 31
0
  0
LINE
  5
45D
330
1A
100
AcDbEntity
  8
BLACK
  6
CONTINUOUS
100
AcDbLine
 10
160.3941669999999817
 20
-106.2438669999999945
 30
0
 11
160.1441669999999817
 21
-106.4938669999999945
 31
0
  0
LINE
  5
45E
330
1A
100
AcDbEntity
  8
BLACK
  6
CONTINUOUS
100
AcDbLine
 10
160.1856650000000002
 20
-94.0620660000000015
 30
0
 11
160.4356650000000002
 21
-94.3120660000000015
 31
0
  0
LINE
  5
45F
330
1A
100
AcDbEntity
  8
BLACK
  6
CONTINUOUS
100
AcDbLine
 10
160.4356650000000002
 20
-94.0620660000000015
 30
0
 11
160.1856650000000002
 21
-94.3120660000000015
 31
0
  0
LINE
  5
460
330
1A
100
AcDbEntity
  8
BLACK
  6
CONTINUOUS
100
AcDbLine
 10
160.2153999999999883
 20
-116.2950999999999908
 30
0
 11
160.4653999999999883
 21
-116.5450999999999908
 31
0
  0
LINE
  5
461
330
1A
100
AcDbEntity
  8
BLACK
  6
CONTINUOUS
100
AcDbLine
 10
160.4653999999999883
 20
-116.2950999999999908
 30
0
 11
160.2153999999999883
 21
-116.5450999999999908
 31
0
  0
LINE
  5
462
330
1A
100
AcDbEntity
  8
BLACK
  6
CONTINUOUS
100
AcDbLine
 10
160.2153999999999883
 20
-117.565100000000001
 30
0
 11
160.4653999999999883
 21
-117.815100000000001
 31
0
  0
LINE
  5
463
330
1A
100
AcDbEntity
  8
BLACK
  6
CONTINUOUS
100
AcDbLine
 10
160.4653999999999883
 20
-117.565100000000001
 30
0
 11
160.2153999999999883
 21
-117.815100000000001
 31
0
  0
LINE
  5
464
330
1A
100
AcDbEntity
  8
BLACK
  6
CONTINUOUS
100
AcDbLine
 10
160.3753999999999849
 20
-61.1250999999999962
 30
0
 11
160.6253999999999849
 21
-61.3750999999999962
 31
0
  0
LINE
  5
465
330
1A
100
AcDbEntity
  8
BLACK
  6
CONTINUOUS
100
AcDbLine
 10
160.6253999999999849
 20
-61.1250999999999962
 30
0
 11
160.3753999999999849
 21
-61.3750999999999962
 31
0
  0
LINE
  5
466
330
1A
100
AcDbEntity
  8
BLACK
  6
CONTINUOUS
100
AcDbLine
 10
160.3899969999999939
 20
-84.7999969999999905
 30
0
 11
160.6399969999999939
 21
-85.0499969999999905
 31
0
  0
LINE
  5
467
330
1A
100
AcDbEntity
  8
BLACK
  6
CONTINUOUS
100
AcDbLine
 10
160.6399969999999939
 20
-84.7999969999999905
 30
0
 11
160.3899969999999939
 21
-85.0499969999999905
 31
0
  0
LINE
  5
468
330
1A
100
AcDbEntity
  8
BLACK
  6
CONTINUOUS
100
AcDbLine
 10
160.3899989999999889
 20
-85.3749979999999908
 30
0
 11
160.6399989999999889
 21
-85.6249979999999908
 31
0
  0
LINE
  5
469
330
1A
100
AcDbEntity
  8
BLACK
  6
CONTINUOUS
100
AcDbLine
 10
160.6399989999999889
 20
-85.3749979999999908
 30
0
 11
160.3899989999999889
 21
-85.6249979999999908
 31
0
  0
LINE
  5
46A
330
1A
100
AcDbEntity
  8
BLACK
  6
CONTINUOUS
100
AcDbLine
 10
160.875
 20
-98.9749999999999943
 30
0
 11
161.125
 21
-99.2249999999999943
 31
0
  0
LINE
  5
46B
330
1A
100
AcDbEntity
  8
BLACK
  6
CONTINUOUS
100
AcDbLine
 10
161.125
 20
-98.9749999999999943
 30
0
 11
160.875
 21
-99.2249999999999943
 31
0
  0
LINE
  5
46C
330
1A
100
AcDbEntity
  8
BLACK
  6
CONTINUOUS
100
AcDbLine
 10
161.105400000000003
 20
-59.1450999999999993
 30
0
 11
161.355400000000003
 21
-59.3950999999999993
 31
0
  0
LINE
  5
46D
330
1A
100
AcDbEntity
  8
BLACK
  6
CONTINUOUS
100
AcDbLine
 10
161.355400000000003
 20
-59.1450999999999993
 30
0
 11
161.105400000000003
 21
-59.3950999999999993
 31
0
  0
LINE
  5
46E
330
1A
100
AcDbEntity
  8
BLACK
  6
CONTINUOUS
100
AcDbLine
 10
161.1316329999999937
 20
-107.4505999999999943
 30
0
 11
161.3816329999999937
 21
-107.7005999999999943
 31
0
  0
LINE
  5
46F
330
1A
100
AcDbEntity
  8
BLACK
  6
CONTINUOUS
100
AcDbLine
 10
161.3816329999999937
 20
-107.4505999999999943
 30
0
 11
161.1316329999999937
 21
-107.7005999999999943
 31
0
  0
LINE
  5
470
330
1A
100
AcDbEntity
  8
BLACK
  6
CONTINUOUS
100
AcDbLine
 10
161.3324680000000058
 20
-94.1620659999999958
 30
0
 11
161.5824680000000058
 21
-94.4120659999999958
 31
0
  0
LINE
  5
471
330
1A
100
AcDbEntity
  8
BLACK
  6
CONTINUOUS
100
AcDbLine
 10
161.5824680000000058
 20
-94.1620659999999958
 30
0
 11
161.3324680000000058
 21
-94.4120659999999958
 31
0
  0
LINE
  5
472
330
1A
100
AcDbEntity
  8
BLACK
  6
CONTINUOUS
100
AcDbLine
 10
161.375
 20
-99.2249999999999943
 30
0
 11
161.625
 21
-99.4749999999999943
 31
0
  0
LINE
  5
473
330
1A
100
AcDbEntity
  8
BLACK
  6
CONTINUOUS
100
AcDbLine
 10
161.625
 20
-99.2249999999999943
 30
0
 11
161.375
 21
-99.4749999999999943
 31
0
  0
LINE
  5
474
330
1A
100
AcDbEntity
  8
BLACK
  6
CONTINUOUS
100
AcDbLine
 10
161.4000000000000057
 20
-99.7749999999999915
 30
0
 11
161.6500000000000057
 21
-100.0249999999999915
 31
0
  0
LINE
  5
475
330
1A
100
AcDbEntity
  8
BLACK
  6
CONTINUOUS
100
AcDbLine
 10
161.6500000000000057
 20
-99.7749999999999915
 30
0
 11
161.4000000000000057
 21
-100.0249999999999915
 31
0
  0
LINE
  5
476
330
1A
100
AcDbEntity
  8
BLACK
  6
CONTINUOUS
100
AcDbLine
 10
161.4249999999999829
 20
-100.5249999999999915
 30
0
 11
161.6749999999999829
 21
-100.7749999999999915
 31
0
  0
LINE
  5
477
330
1A
100
AcDbEntity
  8
BLACK
  6
CONTINUOUS
100
AcDbLine
 10
161.6749999999999829
 20
-100.5249999999999915
 30
0
 11
161.4249999999999829
 21
-100.7749999999999915
 31
0
  0
LINE
  5
478
330
1A
100
AcDbEntity
  8
BLACK
  6
CONTINUOUS
100
AcDbLine
 10
161.5754000000000019
 20
-105.7750999999999948
 30
0
 11
161.8254000000000019
 21
-106.0250999999999948
 31
0
  0
LINE
  5
479
330
1A
100
AcDbEntity
  8
BLACK
  6
CONTINUOUS
100
AcDbLine
 10
161.8254000000000019
 20
-105.7750999999999948
 30
0
 11
161.5754000000000019
 21
-106.0250999999999948
 31
0
  0
LINE
  5
47A
330
1A
100
AcDbEntity
  8
BLACK
  6
CONTINUOUS
100
AcDbLine
 10
161.6926449999999988
 20
-104.2586390000000023
 30
0
 11
161.9426449999999988
 21
-104.5086390000000023
 31
0
  0
LINE
  5
47B
330
1A
100
AcDbEntity
  8
BLACK
  6
CONTINUOUS
100
AcDbLine
 10
161.9426449999999988
 20
-104.2586390000000023
 30
0
 11
161.6926449999999988
 21
-104.5086390000000023
 31
0
  0
LINE
  5
47C
330
1A
100
AcDbEntity
  8
BLACK
  6
CONTINUOUS
100
AcDbLine
 10
161.7753999999999905
 20
-61.1250999999999962
 30
0
 11
162.0253999999999905
 21
-61.3750999999999962
 31
0
  0
LINE
  5
47D
330
1A
100
AcDbEntity
  8
BLACK
  6
CONTINUOUS
100
AcDbLine
 10
162.0253999999999905
 20
-61.1250999999999962
 30
0
 11
161.7753999999999905
 21
-61.3750999999999962
 31
0
  0
LINE
  5
47E
330
1A
100
AcDbEntity
  8
BLACK
  6
CONTINUOUS
100
AcDbLine
 10
161.8249999999999886
 20
-100.125
 30
0
 11
162.0749999999999886
 21
-100.375
 31
0
  0
LINE
  5
47F
330
1A
100
AcDbEntity
  8
BLACK
  6
CONTINUOUS
100
AcDbLine
 10
162.0749999999999886
 20
-100.125
 30
0
 11
161.8249999999999886
 21
-100.375
 31
0
  0
LINE
  5
480
330
1A
100
AcDbEntity
  8
BLACK
  6
CONTINUOUS
100
AcDbLine
 10
162.3353999999999928
 20
-103.8350999999999971
 30
0
 11
162.5853999999999928
 21
-104.0850999999999971
 31
0
  0
LINE
  5
481
330
1A
100
AcDbEntity
  8
BLACK
  6
CONTINUOUS
100
AcDbLine
 10
162.5853999999999928
 20
-103.8350999999999971
 30
0
 11
162.3353999999999928
 21
-104.0850999999999971
 31
0
  0
LINE
  5
482
330
1A
100
AcDbEntity
  8
BLACK
  6
CONTINUOUS
100
AcDbLine
 10
162.8704259999999806
 20
-95.8523039999999895
 30
0
 11
163.1204259999999806
 21
-96.1023039999999895
 31
0
  0
LINE
  5
483
330
1A
100
AcDbEntity
  8
BLACK
  6
CONTINUOUS
100
AcDbLine
 10
163.1204259999999806
 20
-95.8523039999999895
 30
0
 11
162.8704259999999806
 21
-96.1023039999999895
 31
0
  0
LINE
  5
484
330
1A
100
AcDbEntity
  8
BLACK
  6
CONTINUOUS
100
AcDbLine
 10
163.125
 20
-93.875
 30
0
 11
163.375
 21
-94.125
 31
0
  0
LINE
  5
485
330
1A
100
AcDbEntity
  8
BLACK
  6
CONTINUOUS
100
AcDbLine
 10
163.375
 20
-93.875
 30
0
 11
163.125
 21
-94.125
 31
0
  0
LINE
  5
486
330
1A
100
AcDbEntity
  8
BLACK
  6
CONTINUOUS
100
AcDbLine
 10
163.125
 20
-94.4249999999999972
 30
0
 11
163.375
 21
-94.6749999999999972
 31
0
  0
LINE
  5
487
330
1A
100
AcDbEntity
  8
BLACK
  6
CONTINUOUS
100
AcDbLine
 10
163.375
 20
-94.4249999999999972
 30
0
 11
163.125
 21
-94.6749999999999972
 31
0
  0
LINE
  5
488
330
1A
100
AcDbEntity
  8
BLACK
  6
CONTINUOUS
100
AcDbLine
 10
163.2053999999999974
 20
-103.1050999999999931
 30
0
 11
163.4553999999999974
 21
-103.3550999999999931
 31
0
  0
LINE
  5
489
330
1A
100
AcDbEntity
  8
BLACK
  6
CONTINUOUS
100
AcDbLine
 10
163.4553999999999974
 20
-103.1050999999999931
 30
0
 11
163.2053999999999974
 21
-103.3550999999999931
 31
0
  0
LINE
  5
48A
330
1A
100
AcDbEntity
  8
BLACK
  6
CONTINUOUS
100
AcDbLine
 10
163.2999999999999829
 20
-95.4749999999999943
 30
0
 11
163.5499999999999829
 21
-95.7249999999999943
 31
0
  0
LINE
  5
48B
330
1A
100
AcDbEntity
  8
BLACK
  6
CONTINUOUS
100
AcDbLine
 10
163.5499999999999829
 20
-95.4749999999999943
 30
0
 11
163.2999999999999829
 21
-95.7249999999999943
 31
0
  0
LINE
  5
48C
330
1A
100
AcDbEntity
  8
BLACK
  6
CONTINUOUS
100
AcDbLine
 10
163.3499999999999943
 20
-94.9249999999999972
 30
0
 11
163.5999999999999943
 21
-95.1749999999999972
 31
0
  0
LINE
  5
48D
330
1A
100
AcDbEntity
  8
BLACK
  6
CONTINUOUS
100
AcDbLine
 10
163.5999999999999943
 20
-94.9249999999999972
 30
0
 11
163.3499999999999943
 21
-95.1749999999999972
 31
0
  0
LINE
  5
48E
330
1A
100
AcDbEntity
  8
BLACK
  6
CONTINUOUS
100
AcDbLine
 10
163.625
 20
-94.1749999999999972
 30
0
 11
163.875
 21
-94.4249999999999972
 31
0
  0
LINE
  5
48F
330
1A
100
AcDbEntity
  8
BLACK
  6
CONTINUOUS
100
AcDbLine
 10
163.875
 20
-94.1749999999999972
 30
0
 11
163.625
 21
-94.4249999999999972
 31
0
  0
LINE
  5
490
330
1A
100
AcDbEntity
  8
BLACK
  6
CONTINUOUS
100
AcDbLine
 10
163.7004000000000019
 20
-82.1251000000000033
 30
0
 11
163.9504000000000019
 21
-82.3751000000000033
 31
0
  0
LINE
  5
491
330
1A
100
AcDbEntity
  8
BLACK
  6
CONTINUOUS
100
AcDbLine
 10
163.9504000000000019
 20
-82.1251000000000033
 30
0
 11
163.7004000000000019
 21
-82.3751000000000033
 31
0
  0
LINE
  5
492
330
1A
100
AcDbEntity
  8
BLACK
  6
CONTINUOUS
100
AcDbLine
 10
163.7004000000000019
 20
-84.4251000000000005
 30
0
 11
163.9504000000000019
 21
-84.6751000000000005
 31
0
  0
LINE
  5
493
330
1A
100
AcDbEntity
  8
BLACK
  6
CONTINUOUS
100
AcDbLine
 10
163.9504000000000019
 20
-84.4251000000000005
 30
0
 11
163.7004000000000019
 21
-84.6751000000000005
 31
0
  0
LINE
  5
494
330
1A
100
AcDbEntity
  8
BLACK
  6
CONTINUOUS
100
AcDbLine
 10
163.7253999999999792
 20
-77.4000999999999948
 30
0
 11
163.9753999999999792
 21
-77.6500999999999948
 31
0
  0
LINE
  5
495
330
1A
100
AcDbEntity
  8
BLACK
  6
CONTINUOUS
100
AcDbLine
 10
163.9753999999999792
 20
-77.4000999999999948
 30
0
 11
163.7253999999999792
 21
-77.6500999999999948
 31
0
  0
LINE
  5
496
330
1A
100
AcDbEntity
  8
BLACK
  6
CONTINUOUS
100
AcDbLine
 10
163.7253999999999792
 20
-78.200099999999992
 30
0
 11
163.9753999999999792
 21
-78.450099999999992
 31
0
  0
LINE
  5
497
330
1A
100
AcDbEntity
  8
BLACK
  6
CONTINUOUS
100
AcDbLine
 10
163.9753999999999792
 20
-78.200099999999992
 30
0
 11
163.7253999999999792
 21
-78.450099999999992
 31
0
  0
LINE
  5
498
330
1A
100
AcDbEntity
  8
BLACK
  6
CONTINUOUS
100
AcDbLine
 10
163.7253999999999792
 20
-79.0001000000000033
 30
0
 11
163.9753999999999792
 21
-79.2501000000000033
 31
0
  0
LINE
  5
499
330
1A
100
AcDbEntity
  8
BLACK
  6
CONTINUOUS
100
AcDbLine
 10
163.9753999999999792
 20
-79.0001000000000033
 30
0
 11
163.7253999999999792
 21
-79.2501000000000033
 31
0
  0
LINE
  5
49A
330
1A
100
AcDbEntity
  8
BLACK
  6
CONTINUOUS
100
AcDbLine
 10
163.7253999999999792
 20
-79.8001000000000005
 30
0
 11
163.9753999999999792
 21
-80.0501000000000005
 31
0
  0
LINE
  5
49B
330
1A
100
AcDbEntity
  8
BLACK
  6
CONTINUOUS
100
AcDbLine
 10
163.9753999999999792
 20
-79.8001000000000005
 30
0
 11
163.7253999999999792
 21
-80.0501000000000005
 31
0
  0
LINE
  5
49C
330
1A
100
AcDbEntity
  8
BLACK
  6
CONTINUOUS
100
AcDbLine
 10
163.7253999999999792
 20
-80.6000999999999976
 30
0
 11
163.9753999999999792
 21
-80.8500999999999976
 31
0
  0
LINE
  5
49D
330
1A
100
AcDbEntity
  8
BLACK
  6
CONTINUOUS
100
AcDbLine
 10
163.9753999999999792
 20
-80.6000999999999976
 30
0
 11
163.7253999999999792
 21
-80.8500999999999976
 31
0
  0
LINE
  5
49E
330
1A
100
AcDbEntity
  8
BLACK
  6
CONTINUOUS
100
AcDbLine
 10
163.7798669999999959
 20
-108.815100000000001
 30
0
 11
164.0298669999999959
 21
-109.065100000000001
 31
0
  0
LINE
  5
49F
330
1A
100
AcDbEntity
  8
BLACK
  6
CONTINUOUS
100
AcDbLine
 10
164.0298669999999959
 20
-108.815100000000001
 30
0
 11
163.7798669999999959
 21
-109.065100000000001
 31
0
  0
LINE
  5
4A0
330
1A
100
AcDbEntity
  8
BLACK
  6
CONTINUOUS
100
AcDbLine
 10
163.7999999999999829
 20
-95.25
 30
0
 11
164.0499999999999829
 21
-95.5
 31
0
  0
LINE
  5
4A1
330
1A
100
AcDbEntity
  8
BLACK
  6
CONTINUOUS
100
AcDbLine
 10
164.0499999999999829
 20
-95.25
 30
0
 11
163.7999999999999829
 21
-95.5
 31
0
  0
LINE
  5
4A2
330
1A
100
AcDbEntity
  8
BLACK
  6
CONTINUOUS
100
AcDbLine
 10
163.8499999999999943
 20
-94.6999999999999886
 30
0
 11
164.0999999999999943
 21
-94.9499999999999886
 31
0
  0
LINE
  5
4A3
330
1A
100
AcDbEntity
  8
BLACK
  6
CONTINUOUS
100
AcDbLine
 10
164.0999999999999943
 20
-94.6999999999999886
 30
0
 11
163.8499999999999943
 21
-94.9499999999999886
 31
0
  0
LINE
  5
4A4
330
1A
100
AcDbEntity
  8
BLACK
  6
CONTINUOUS
100
AcDbLine
 10
163.9753999999999792
 20
-84.9251000000000005
 30
0
 11
164.2253999999999792
 21
-85.1751000000000005
 31
0
  0
LINE
  5
4A5
330
1A
100
AcDbEntity
  8
BLACK
  6
CONTINUOUS
100
AcDbLine
 10
164.2253999999999792
 20
-84.9251000000000005
 30
0
 11
163.9753999999999792
 21
-85.1751000000000005
 31
0
  0
LINE
  5
4A6
330
1A
100
AcDbEntity
  8
BLACK
  6
CONTINUOUS
100
AcDbLine
 10
164.2503999999999849
 20
-82.1251000000000033
 30
0
 11
164.5003999999999849
 21
-82.3751000000000033
 31
0
  0
LINE
  5
4A7
330
1A
100
AcDbEntity
  8
BLACK
  6
CONTINUOUS
100
AcDbLine
 10
164.5003999999999849
 20
-82.1251000000000033
 30
0
 11
164.2503999999999849
 21
-82.3751000000000033
 31
0
  0
LINE
  5
4A8
330
1A
100
AcDbEntity
  8
BLACK
  6
CONTINUOUS
100
AcDbLine
 10
164.2503999999999849
 20
-84.4251000000000005
 30
0
 11
164.5003999999999849
 21
-84.6751000000000005
 31
0
  0
LINE
  5
4A9
330
1A
100
AcDbEntity
  8
BLACK
  6
CONTINUOUS
100
AcDbLine
 10
164.5003999999999849
 20
-84.4251000000000005
 30
0
 11
164.2503999999999849
 21
-84.6751000000000005
 31
0
  0
LINE
  5
4AA
330
1A
100
AcDbEntity
  8
BLACK
  6
CONTINUOUS
100
AcDbLine
 10
164.2503999999999849
 20
-85.4251000000000005
 30
0
 11
164.5003999999999849
 21
-85.6751000000000005
 31
0
  0
LINE
  5
4AB
330
1A
100
AcDbEntity
  8
BLACK
  6
CONTINUOUS
100
AcDbLine
 10
164.5003999999999849
 20
-85.4251000000000005
 30
0
 11
164.2503999999999849
 21
-85.6751000000000005
 31
0
  0
LINE
  5
4AC
330
1A
100
AcDbEntity
  8
BLACK
  6
CONTINUOUS
100
AcDbLine
 10
164.3939169999999876
 20
-93.8560829999999982
 30
0
 11
164.6439169999999876
 21
-94.1060829999999982
 31
0
  0
LINE
  5
4AD
330
1A
100
AcDbEntity
  8
BLACK
  6
CONTINUOUS
100
AcDbLine
 10
164.6439169999999876
 20
-93.8560829999999982
 30
0
 11
164.3939169999999876
 21
-94.1060829999999982
 31
0
  0
LINE
  5
4AE
330
1A
100
AcDbEntity
  8
BLACK
  6
CONTINUOUS
100
AcDbLine
 10
164.4003999999999905
 20
-92.1500999999999948
 30
0
 11
164.6503999999999905
 21
-92.4000999999999948
 31
0
  0
LINE
  5
4AF
330
1A
100
AcDbEntity
  8
BLACK
  6
CONTINUOUS
100
AcDbLine
 10
164.6503999999999905
 20
-92.1500999999999948
 30
0
 11
164.4003999999999905
 21
-92.4000999999999948
 31
0
  0
LINE
  5
4B0
330
1A
100
AcDbEntity
  8
BLACK
  6
CONTINUOUS
100
AcDbLine
 10
164.4253999999999962
 20
-108.3750999999999891
 30
0
 11
164.6753999999999962
 21
-108.6250999999999891
 31
0
  0
LINE
  5
4B1
330
1A
100
AcDbEntity
  8
BLACK
  6
CONTINUOUS
100
AcDbLine
 10
164.6753999999999962
 20
-108.3750999999999891
 30
0
 11
164.4253999999999962
 21
-108.6250999999999891
 31
0
  0
LINE
  5
4B2
330
1A
100
AcDbEntity
  8
BLACK
  6
CONTINUOUS
100
AcDbLine
 10
164.4981949999999813
 20
-101.6278949999999952
 30
0
 11
164.7481949999999813
 21
-101.8778949999999952
 31
0
  0
LINE
  5
4B3
330
1A
100
AcDbEntity
  8
BLACK
  6
CONTINUOUS
100
AcDbLine
 10
164.7481949999999813
 20
-101.6278949999999952
 30
0
 11
164.4981949999999813
 21
-101.8778949999999952
 31
0
  0
LINE
  5
4B4
330
1A
100
AcDbEntity
  8
BLACK
  6
CONTINUOUS
100
AcDbLine
 10
164.5253999999999905
 20
-77.4000999999999948
 30
0
 11
164.7753999999999905
 21
-77.6500999999999948
 31
0
  0
LINE
  5
4B5
330
1A
100
AcDbEntity
  8
BLACK
  6
CONTINUOUS
100
AcDbLine
 10
164.7753999999999905
 20
-77.4000999999999948
 30
0
 11
164.5253999999999905
 21
-77.6500999999999948
 31
0
  0
LINE
  5
4B6
330
1A
100
AcDbEntity
  8
BLACK
  6
CONTINUOUS
100
AcDbLine
 10
164.5253999999999905
 20
-78.200099999999992
 30
0
 11
164.7753999999999905
 21
-78.450099999999992
 31
0
  0
LINE
  5
4B7
330
1A
100
AcDbEntity
  8
BLACK
  6
CONTINUOUS
100
AcDbLine
 10
164.7753999999999905
 20
-78.200099999999992
 30
0
 11
164.5253999999999905
 21
-78.450099999999992
 31
0
  0
LINE
  5
4B8
330
1A
100
AcDbEntity
  8
BLACK
  6
CONTINUOUS
100
AcDbLine
 10
164.5253999999999905
 20
-79.0001000000000033
 30
0
 11
164.7753999999999905
 21
-79.2501000000000033
 31
0
  0
LINE
  5
4B9
330
1A
100
AcDbEntity
  8
BLACK
  6
CONTINUOUS
100
AcDbLine
 10
164.7753999999999905
 20
-79.0001000000000033
 30
0
 11
164.5253999999999905
 21
-79.2501000000000033
 31
0
  0
LINE
  5
4BA
330
1A
100
AcDbEntity
  8
BLACK
  6
CONTINUOUS
100
AcDbLine
 10
164.5253999999999905
 20
-79.8001000000000005
 30
0
 11
164.7753999999999905
 21
-80.0501000000000005
 31
0
  0
LINE
  5
4BB
330
1A
100
AcDbEntity
  8
BLACK
  6
CONTINUOUS
100
AcDbLine
 10
164.7753999999999905
 20
-79.8001000000000005
 30
0
 11
164.5253999999999905
 21
-80.0501000000000005
 31
0
  0
LINE
  5
4BC
330
1A
100
AcDbEntity
  8
BLACK
  6
CONTINUOUS
100
AcDbLine
 10
164.5253999999999905
 20
-80.6000999999999976
 30
0
 11
164.7753999999999905
 21
-80.8500999999999976
 31
0
  0
LINE
  5
4BD
330
1A
100
AcDbEntity
  8
BLACK
  6
CONTINUOUS
100
AcDbLine
 10
164.7753999999999905
 20
-80.6000999999999976
 30
0
 11
164.5253999999999905
 21
-80.8500999999999976
 31
0
  0
LINE
  5
4BE
330
1A
100
AcDbEntity
  8
BLACK
  6
CONTINUOUS
100
AcDbLine
 10
164.5253999999999905
 20
-84.9251000000000005
 30
0
 11
164.7753999999999905
 21
-85.1751000000000005
 31
0
  0
LINE
  5
4BF
330
1A
100
AcDbEntity
  8
BLACK
  6
CONTINUOUS
100
AcDbLine
 10
164.7753999999999905
 20
-84.9251000000000005
 30
0
 11
164.5253999999999905
 21
-85.1751000000000005
 31
0
  0
LINE
  5
4C0
330
1A
100
AcDbEntity
  8
BLACK
  6
CONTINUOUS
100
AcDbLine
 10
164.5625
 20
-94.9874999999999972
 30
0
 11
164.8125
 21
-95.2374999999999972
 31
0
  0
LINE
  5
4C1
330
1A
100
AcDbEntity
  8
BLACK
  6
CONTINUOUS
100
AcDbLine
 10
164.8125
 20
-94.9874999999999972
 30
0
 11
164.5625
 21
-95.2374999999999972
 31
0
  0
LINE
  5
4C2
330
1A
100
AcDbEntity
  8
BLACK
  6
CONTINUOUS
100
AcDbLine
 10
164.8003999999999962
 20
-82.1251000000000033
 30
0
 11
165.0503999999999962
 21
-82.3751000000000033
 31
0
  0
LINE
  5
4C3
330
1A
100
AcDbEntity
  8
BLACK
  6
CONTINUOUS
100
AcDbLine
 10
165.0503999999999962
 20
-82.1251000000000033
 30
0
 11
164.8003999999999962
 21
-82.3751000000000033
 31
0
  0
LINE
  5
4C4
330
1A
100
AcDbEntity
  8
BLACK
  6
CONTINUOUS
100
AcDbLine
 10
164.8003999999999962
 20
-84.4251000000000005
 30
0
 11
165.0503999999999962
 21
-84.6751000000000005
 31
0
  0
LINE
  5
4C5
330
1A
100
AcDbEntity
  8
BLACK
  6
CONTINUOUS
100
AcDbLine
 10
165.0503999999999962
 20
-84.4251000000000005
 30
0
 11
164.8003999999999962
 21
-84.6751000000000005
 31
0
  0
LINE
  5
4C6
330
1A
100
AcDbEntity
  8
BLACK
  6
CONTINUOUS
100
AcDbLine
 10
164.8003999999999962
 20
-85.4251000000000005
 30
0
 11
165.0503999999999962
 21
-85.6751000000000005
 31
0
  0
LINE
  5
4C7
330
1A
100
AcDbEntity
  8
BLACK
  6
CONTINUOUS
100
AcDbLine
 10
165.0503999999999962
 20
-85.4251000000000005
 30
0
 11
164.8003999999999962
 21
-85.6751000000000005
 31
0
  0
LINE
  5
4C8
330
1A
100
AcDbEntity
  8
BLACK
  6
CONTINUOUS
100
AcDbLine
 10
164.9226969999999994
 20
-96.7640559999999965
 30
0
 11
165.1726969999999994
 21
-97.0140559999999965
 31
0
  0
LINE
  5
4C9
330
1A
100
AcDbEntity
  8
BLACK
  6
CONTINUOUS
100
AcDbLine
 10
165.1726969999999994
 20
-96.7640559999999965
 30
0
 11
164.9226969999999994
 21
-97.0140559999999965
 31
0
  0
LINE
  5
4CA
330
1A
100
AcDbEntity
  8
BLACK
  6
CONTINUOUS
100
AcDbLine
 10
165.0754000000000019
 20
-84.9251000000000005
 30
0
 11
165.3254000000000019
 21
-85.1751000000000005
 31
0
  0
LINE
  5
4CB
330
1A
100
AcDbEntity
  8
BLACK
  6
CONTINUOUS
100
AcDbLine
 10
165.3254000000000019
 20
-84.9251000000000005
 30
0
 11
165.0754000000000019
 21
-85.1751000000000005
 31
0
  0
LINE
  5
4CC
330
1A
100
AcDbEntity
  8
BLACK
  6
CONTINUOUS
100
AcDbLine
 10
165.3254000000000019
 20
-77.4000999999999948
 30
0
 11
165.5754000000000019
 21
-77.6500999999999948
 31
0
  0
LINE
  5
4CD
330
1A
100
AcDbEntity
  8
BLACK
  6
CONTINUOUS
100
AcDbLine
 10
165.5754000000000019
 20
-77.4000999999999948
 30
0
 11
165.3254000000000019
 21
-77.6500999999999948
 31
0
  0
LINE
  5
4CE
330
1A
100
AcDbEntity
  8
BLACK
  6
CONTINUOUS
100
AcDbLine
 10
165.3254000000000019
 20
-78.200099999999992
 30
0
 11
165.5754000000000019
 21
-78.450099999999992
 31
0
  0
LINE
  5
4CF
330
1A
100
AcDbEntity
  8
BLACK
  6
CONTINUOUS
100
AcDbLine
 10
165.5754000000000019
 20
-78.200099999999992
 30
0
 11
165.3254000000000019
 21
-78.450099999999992
 31
0
  0
LINE
  5
4D0
330
1A
100
AcDbEntity
  8
BLACK
  6
CONTINUOUS
100
AcDbLine
 10
165.3254000000000019
 20
-79.0001000000000033
 30
0
 11
165.5754000000000019
 21
-79.2501000000000033
 31
0
  0
LINE
  5
4D1
330
1A
100
AcDbEntity
  8
BLACK
  6
CONTINUOUS
100
AcDbLine
 10
165.5754000000000019
 20
-79.0001000000000033
 30
0
 11
165.3254000000000019
 21
-79.2501000000000033
 31
0
  0
LINE
  5
4D2
330
1A
100
AcDbEntity
  8
BLACK
  6
CONTINUOUS
100
AcDbLine
 10
165.3254000000000019
 20
-79.8001000000000005
 30
0
 11
165.5754000000000019
 21
-80.0501000000000005
 31
0
  0
LINE
  5
4D3
330
1A
100
AcDbEntity
  8
BLACK
  6
CONTINUOUS
100
AcDbLine
 10
165.5754000000000019
 20
-79.8001000000000005
 30
0
 11
165.3254000000000019
 21
-80.0501000000000005
 31
0
  0
LINE
  5
4D4
330
1A
100
AcDbEntity
  8
BLACK
  6
CONTINUOUS
100
AcDbLine
 10
165.3254000000000019
 20
-80.6000999999999976
 30
0
 11
165.5754000000000019
 21
-80.8500999999999976
 31
0
  0
LINE
  5
4D5
330
1A
100
AcDbEntity
  8
BLACK
  6
CONTINUOUS
100
AcDbLine
 10
165.5754000000000019
 20
-80.6000999999999976
 30
0
 11
165.3254000000000019
 21
-80.8500999999999976
 31
0
  0
LINE
  5
4D6
330
1A
100
AcDbEntity
  8
BLACK
  6
CONTINUOUS
100
AcDbLine
 10
165.3406650000000013
 20
-100.6520659999999907
 30
0
 11
165.5906650000000013
 21
-100.9020659999999907
 31
0
  0
LINE
  5
4D7
330
1A
100
AcDbEntity
  8
BLACK
  6
CONTINUOUS
100
AcDbLine
 10
165.5906650000000013
 20
-100.6520659999999907
 30
0
 11
165.3406650000000013
 21
-100.9020659999999907
 31
0
  0
LINE
  5
4D8
330
1A
100
AcDbEntity
  8
BLACK
  6
CONTINUOUS
100
AcDbLine
 10
165.3503999999999792
 20
-82.1251000000000033
 30
0
 11
165.6003999999999792
 21
-82.3751000000000033
 31
0
  0
LINE
  5
4D9
330
1A
100
AcDbEntity
  8
BLACK
  6
CONTINUOUS
100
AcDbLine
 10
165.6003999999999792
 20
-82.1251000000000033
 30
0
 11
165.3503999999999792
 21
-82.3751000000000033
 31
0
  0
LINE
  5
4DA
330
1A
100
AcDbEntity
  8
BLACK
  6
CONTINUOUS
100
AcDbLine
 10
165.3503999999999792
 20
-84.4251000000000005
 30
0
 11
165.6003999999999792
 21
-84.6751000000000005
 31
0
  0
LINE
  5
4DB
330
1A
100
AcDbEntity
  8
BLACK
  6
CONTINUOUS
100
AcDbLine
 10
165.6003999999999792
 20
-84.4251000000000005
 30
0
 11
165.3503999999999792
 21
-84.6751000000000005
 31
0
  0
LINE
  5
4DC
330
1A
100
AcDbEntity
  8
BLACK
  6
CONTINUOUS
100
AcDbLine
 10
165.3503999999999792
 20
-85.4251000000000005
 30
0
 11
165.6003999999999792
 21
-85.6751000000000005
 31
0
  0
LINE
  5
4DD
330
1A
100
AcDbEntity
  8
BLACK
  6
CONTINUOUS
100
AcDbLine
 10
165.6003999999999792
 20
-85.4251000000000005
 30
0
 11
165.3503999999999792
 21
-85.6751000000000005
 31
0
  0
LINE
  5
4DE
330
1A
100
AcDbEntity
  8
BLACK
  6
CONTINUOUS
100
AcDbLine
 10
165.4553999999999974
 20
-92.7450999999999937
 30
0
 11
165.7053999999999974
 21
-92.9950999999999937
 31
0
  0
LINE
  5
4DF
330
1A
100
AcDbEntity
  8
BLACK
  6
CONTINUOUS
100
AcDbLine
 10
165.7053999999999974
 20
-92.7450999999999937
 30
0
 11
165.4553999999999974
 21
-92.9950999999999937
 31
0
  0
LINE
  5
4E0
330
1A
100
AcDbEntity
  8
BLACK
  6
CONTINUOUS
100
AcDbLine
 10
165.5696089999999856
 20
-91.5005999999999915
 30
0
 11
165.8196089999999856
 21
-91.7505999999999915
 31
0
  0
LINE
  5
4E1
330
1A
100
AcDbEntity
  8
BLACK
  6
CONTINUOUS
100
AcDbLine
 10
165.8196089999999856
 20
-91.5005999999999915
 30
0
 11
165.5696089999999856
 21
-91.7505999999999915
 31
0
  0
LINE
  5
4E2
330
1A
100
AcDbEntity
  8
BLACK
  6
CONTINUOUS
100
AcDbLine
 10
165.6253999999999849
 20
-84.9251000000000005
 30
0
 11
165.8753999999999849
 21
-85.1751000000000005
 31
0
  0
LINE
  5
4E3
330
1A
100
AcDbEntity
  8
BLACK
  6
CONTINUOUS
100
AcDbLine
 10
165.8753999999999849
 20
-84.9251000000000005
 30
0
 11
165.6253999999999849
 21
-85.1751000000000005
 31
0
  0
LINE
  5
4E4
330
1A
100
AcDbEntity
  8
BLACK
  6
CONTINUOUS
100
AcDbLine
 10
165.8156649999999956
 20
-100.1770659999999964
 30
0
 11
166.0656649999999956
 21
-100.4270659999999964
 31
0
  0
LINE
  5
4E5
330
1A
100
AcDbEntity
  8
BLACK
  6
CONTINUOUS
100
AcDbLine
 10
166.0656649999999956
 20
-100.1770659999999964
 30
0
 11
165.8156649999999956
 21
-100.4270659999999964
 31
0
  0
LINE
  5
4E6
330
1A
100
AcDbEntity
  8
BLACK
  6
CONTINUOUS
100
AcDbLine
 10
165.8499999999999943
 20
-93.4500000000000028
 30
0
 11
166.0999999999999943
 21
-93.7000000000000028
 31
0
  0
LINE
  5
4E7
330
1A
100
AcDbEntity
  8
BLACK
  6
CONTINUOUS
100
AcDbLine
 10
166.0999999999999943
 20
-93.4500000000000028
 30
0
 11
165.8499999999999943
 21
-93.7000000000000028
 31
0
  0
LINE
  5
4E8
330
1A
100
AcDbEntity
  8
BLACK
  6
CONTINUOUS
100
AcDbLine
 10
165.9003999999999905
 20
-82.1251000000000033
 30
0
 11
166.1503999999999905
 21
-82.3751000000000033
 31
0
  0
LINE
  5
4E9
330
1A
100
AcDbEntity
  8
BLACK
  6
CONTINUOUS
100
AcDbLine
 10
166.1503999999999905
 20
-82.1251000000000033
 30
0
 11
165.9003999999999905
 21
-82.3751000000000033
 31
0
  0
LINE
  5
4EA
330
1A
100
AcDbEntity
  8
BLACK
  6
CONTINUOUS
100
AcDbLine
 10
165.9003999999999905
 20
-82.700099999999992
 30
0
 11
166.1503999999999905
 21
-82.950099999999992
 31
0
  0
LINE
  5
4EB
330
1A
100
AcDbEntity
  8
BLACK
  6
CONTINUOUS
100
AcDbLine
 10
166.1503999999999905
 20
-82.700099999999992
 30
0
 11
165.9003999999999905
 21
-82.950099999999992
 31
0
  0
LINE
  5
4EC
330
1A
100
AcDbEntity
  8
BLACK
  6
CONTINUOUS
100
AcDbLine
 10
165.9003999999999905
 20
-83.2750999999999948
 30
0
 11
166.1503999999999905
 21
-83.5250999999999948
 31
0
  0
LINE
  5
4ED
330
1A
100
AcDbEntity
  8
BLACK
  6
CONTINUOUS
100
AcDbLine
 10
166.1503999999999905
 20
-83.2750999999999948
 30
0
 11
165.9003999999999905
 21
-83.5250999999999948
 31
0
  0
LINE
  5
4EE
330
1A
100
AcDbEntity
  8
BLACK
  6
CONTINUOUS
100
AcDbLine
 10
165.9003999999999905
 20
-83.8500999999999976
 30
0
 11
166.1503999999999905
 21
-84.1000999999999976
 31
0
  0
LINE
  5
4EF
330
1A
100
AcDbEntity
  8
BLACK
  6
CONTINUOUS
100
AcDbLine
 10
166.1503999999999905
 20
-83.8500999999999976
 30
0
 11
165.9003999999999905
 21
-84.1000999999999976
 31
0
  0
LINE
  5
4F0
330
1A
100
AcDbEntity
  8
BLACK
  6
CONTINUOUS
100
AcDbLine
 10
165.9003999999999905
 20
-84.4251000000000005
 30
0
 11
166.1503999999999905
 21
-84.6751000000000005
 31
0
  0
LINE
  5
4F1
330
1A
100
AcDbEntity
  8
BLACK
  6
CONTINUOUS
100
AcDbLine
 10
166.1503999999999905
 20
-84.4251000000000005
 30
0
 11
165.9003999999999905
 21
-84.6751000000000005
 31
0
  0
LINE
  5
4F2
330
1A
100
AcDbEntity
  8
BLACK
  6
CONTINUOUS
100
AcDbLine
 10
165.9003999999999905
 20
-85.4251000000000005
 30
0
 11
166.1503999999999905
 21
-85.6751000000000005
 31
0
  0
LINE
  5
4F3
330
1A
100
AcDbEntity
  8
BLACK
  6
CONTINUOUS
100
AcDbLine
 10
166.1503999999999905
 20
-85.4251000000000005
 30
0
 11
165.9003999999999905
 21
-85.6751000000000005
 31
0
  0
LINE
  5
4F4
330
1A
100
AcDbEntity
  8
BLACK
  6
CONTINUOUS
100
AcDbLine
 10
166.1253999999999849
 20
-77.4000999999999948
 30
0
 11
166.3753999999999849
 21
-77.6500999999999948
 31
0
  0
LINE
  5
4F5
330
1A
100
AcDbEntity
  8
BLACK
  6
CONTINUOUS
100
AcDbLine
 10
166.3753999999999849
 20
-77.4000999999999948
 30
0
 11
166.1253999999999849
 21
-77.6500999999999948
 31
0
  0
LINE
  5
4F6
330
1A
100
AcDbEntity
  8
BLACK
  6
CONTINUOUS
100
AcDbLine
 10
166.1253999999999849
 20
-78.200099999999992
 30
0
 11
166.3753999999999849
 21
-78.450099999999992
 31
0
  0
LINE
  5
4F7
330
1A
100
AcDbEntity
  8
BLACK
  6
CONTINUOUS
100
AcDbLine
 10
166.3753999999999849
 20
-78.200099999999992
 30
0
 11
166.1253999999999849
 21
-78.450099999999992
 31
0
  0
LINE
  5
4F8
330
1A
100
AcDbEntity
  8
BLACK
  6
CONTINUOUS
100
AcDbLine
 10
166.1253999999999849
 20
-79.0001000000000033
 30
0
 11
166.3753999999999849
 21
-79.2501000000000033
 31
0
  0
LINE
  5
4F9
330
1A
100
AcDbEntity
  8
BLACK
  6
CONTINUOUS
100
AcDbLine
 10
166.3753999999999849
 20
-79.0001000000000033
 30
0
 11
166.1253999999999849
 21
-79.2501000000000033
 31
0
  0
LINE
  5
4FA
330
1A
100
AcDbEntity
  8
BLACK
  6
CONTINUOUS
100
AcDbLine
 10
166.1253999999999849
 20
-79.8001000000000005
 30
0
 11
166.3753999999999849
 21
-80.0501000000000005
 31
0
  0
LINE
  5
4FB
330
1A
100
AcDbEntity
  8
BLACK
  6
CONTINUOUS
100
AcDbLine
 10
166.3753999999999849
 20
-79.8001000000000005
 30
0
 11
166.1253999999999849
 21
-80.0501000000000005
 31
0
  0
LINE
  5
4FC
330
1A
100
AcDbEntity
  8
BLACK
  6
CONTINUOUS
100
AcDbLine
 10
166.1253999999999849
 20
-80.6000999999999976
 30
0
 11
166.3753999999999849
 21
-80.8500999999999976
 31
0
  0
LINE
  5
4FD
330
1A
100
AcDbEntity
  8
BLACK
  6
CONTINUOUS
100
AcDbLine
 10
166.3753999999999849
 20
-80.6000999999999976
 30
0
 11
166.1253999999999849
 21
-80.8500999999999976
 31
0
  0
LINE
  5
4FE
330
1A
100
AcDbEntity
  8
BLACK
  6
CONTINUOUS
100
AcDbLine
 10
166.231632999999988
 20
-91.8588669999999894
 30
0
 11
166.481632999999988
 21
-92.1088669999999894
 31
0
  0
LINE
  5
4FF
330
1A
100
AcDbEntity
  8
BLACK
  6
CONTINUOUS
100
AcDbLine
 10
166.481632999999988
 20
-91.8588669999999894
 30
0
 11
166.231632999999988
 21
-92.1088669999999894
 31
0
  0
LINE
  5
500
330
1A
100
AcDbEntity
  8
BLACK
  6
CONTINUOUS
100
AcDbLine
 10
166.75
 20
-98.625
 30
0
 11
167.
 21
-98.875
 31
0
  0
LINE
  5
501
330
1A
100
AcDbEntity
  8
BLACK
  6
CONTINUOUS
100
AcDbLine
 10
167.
 20
-98.625
 30
0
 11
166.75
 21
-98.875
 31
0
  0
LINE
  5
502
330
1A
100
AcDbEntity
  8
BLACK
  6
CONTINUOUS
100
AcDbLine
 10
166.7654019999999946
 20
-95.6250969999999967
 30
0
 11
167.0154019999999946
 21
-95.8750969999999967
 31
0
  0
LINE
  5
503
330
1A
100
AcDbEntity
  8
BLACK
  6
CONTINUOUS
100
AcDbLine
 10
167.0154019999999946
 20
-95.6250969999999967
 30
0
 11
166.7654019999999946
 21
-95.8750969999999967
 31
0
  0
LINE
  5
504
330
1A
100
AcDbEntity
  8
BLACK
  6
CONTINUOUS
100
AcDbLine
 10
166.7954000000000008
 20
-88.1751000000000005
 30
0
 11
167.0454000000000008
 21
-88.4251000000000005
 31
0
  0
LINE
  5
505
330
1A
100
AcDbEntity
  8
BLACK
  6
CONTINUOUS
100
AcDbLine
 10
167.0454000000000008
 20
-88.1751000000000005
 30
0
 11
166.7954000000000008
 21
-88.4251000000000005
 31
0
  0
LINE
  5
506
330
1A
100
AcDbEntity
  8
BLACK
  6
CONTINUOUS
100
AcDbLine
 10
166.9253999999999962
 20
-77.4000999999999948
 30
0
 11
167.1753999999999962
 21
-77.6500999999999948
 31
0
  0
LINE
  5
507
330
1A
100
AcDbEntity
  8
BLACK
  6
CONTINUOUS
100
AcDbLine
 10
167.1753999999999962
 20
-77.4000999999999948
 30
0
 11
166.9253999999999962
 21
-77.6500999999999948
 31
0
  0
LINE
  5
508
330
1A
100
AcDbEntity
  8
BLACK
  6
CONTINUOUS
100
AcDbLine
 10
166.9253999999999962
 20
-78.200099999999992
 30
0
 11
167.1753999999999962
 21
-78.450099999999992
 31
0
  0
LINE
  5
509
330
1A
100
AcDbEntity
  8
BLACK
  6
CONTINUOUS
100
AcDbLine
 10
167.1753999999999962
 20
-78.200099999999992
 30
0
 11
166.9253999999999962
 21
-78.450099999999992
 31
0
  0
LINE
  5
50A
330
1A
100
AcDbEntity
  8
BLACK
  6
CONTINUOUS
100
AcDbLine
 10
166.9253999999999962
 20
-79.0001000000000033
 30
0
 11
167.1753999999999962
 21
-79.2501000000000033
 31
0
  0
LINE
  5
50B
330
1A
100
AcDbEntity
  8
BLACK
  6
CONTINUOUS
100
AcDbLine
 10
167.1753999999999962
 20
-79.0001000000000033
 30
0
 11
166.9253999999999962
 21
-79.2501000000000033
 31
0
  0
LINE
  5
50C
330
1A
100
AcDbEntity
  8
BLACK
  6
CONTINUOUS
100
AcDbLine
 10
166.9253999999999962
 20
-79.8001000000000005
 30
0
 11
167.1753999999999962
 21
-80.0501000000000005
 31
0
  0
LINE
  5
50D
330
1A
100
AcDbEntity
  8
BLACK
  6
CONTINUOUS
100
AcDbLine
 10
167.1753999999999962
 20
-79.8001000000000005
 30
0
 11
166.9253999999999962
 21
-80.0501000000000005
 31
0
  0
LINE
  5
50E
330
1A
100
AcDbEntity
  8
BLACK
  6
CONTINUOUS
100
AcDbLine
 10
166.9253999999999962
 20
-80.6000999999999976
 30
0
 11
167.1753999999999962
 21
-80.8500999999999976
 31
0
  0
LINE
  5
50F
330
1A
100
AcDbEntity
  8
BLACK
  6
CONTINUOUS
100
AcDbLine
 10
167.1753999999999962
 20
-80.6000999999999976
 30
0
 11
166.9253999999999962
 21
-80.8500999999999976
 31
0
  0
LINE
  5
510
330
1A
100
AcDbEntity
  8
BLACK
  6
CONTINUOUS
100
AcDbLine
 10
166.9653999999999883
 20
-90.2351000000000028
 30
0
 11
167.2153999999999883
 21
-90.4851000000000028
 31
0
  0
LINE
  5
511
330
1A
100
AcDbEntity
  8
BLACK
  6
CONTINUOUS
100
AcDbLine
 10
167.2153999999999883
 20
-90.2351000000000028
 30
0
 11
166.9653999999999883
 21
-90.4851000000000028
 31
0
  0
LINE
  5
512
330
1A
100
AcDbEntity
  8
BLACK
  6
CONTINUOUS
100
AcDbLine
 10
167.0653999999999826
 20
-89.3750999999999891
 30
0
 11
167.3153999999999826
 21
-89.6250999999999891
 31
0
  0
LINE
  5
513
330
1A
100
AcDbEntity
  8
BLACK
  6
CONTINUOUS
100
AcDbLine
 10
167.3153999999999826
 20
-89.3750999999999891
 30
0
 11
167.0653999999999826
 21
-89.6250999999999891
 31
0
  0
LINE
  5
514
330
1A
100
AcDbEntity
  8
BLACK
  6
CONTINUOUS
100
AcDbLine
 10
167.3254000000000019
 20
-105.3001000000000005
 30
0
 11
167.5754000000000019
 21
-105.5501000000000005
 31
0
  0
LINE
  5
515
330
1A
100
AcDbEntity
  8
BLACK
  6
CONTINUOUS
100
AcDbLine
 10
167.5754000000000019
 20
-105.3001000000000005
 30
0
 11
167.3254000000000019
 21
-105.5501000000000005
 31
0
  0
LINE
  5
516
330
1A
100
AcDbEntity
  8
BLACK
  6
CONTINUOUS
100
AcDbLine
 10
167.4749999999999943
 20
-66.9749999999999943
 30
0
 11
167.7249999999999943
 21
-67.2249999999999943
 31
0
  0
LINE
  5
517
330
1A
100
AcDbEntity
  8
BLACK
  6
CONTINUOUS
100
AcDbLine
 10
167.7249999999999943
 20
-66.9749999999999943
 30
0
 11
167.4749999999999943
 21
-67.2249999999999943
 31
0
  0
LINE
  5
518
330
1A
100
AcDbEntity
  8
BLACK
  6
CONTINUOUS
100
AcDbLine
 10
167.5153999999999996
 20
-87.3750999999999891
 30
0
 11
167.7653999999999996
 21
-87.6250999999999891
 31
0
  0
LINE
  5
519
330
1A
100
AcDbEntity
  8
BLACK
  6
CONTINUOUS
100
AcDbLine
 10
167.7653999999999996
 20
-87.3750999999999891
 30
0
 11
167.5153999999999996
 21
-87.6250999999999891
 31
0
  0
LINE
  5
51A
330
1A
100
AcDbEntity
  8
BLACK
  6
CONTINUOUS
100
AcDbLine
 10
167.5653999999999826
 20
-88.1751000000000005
 30
0
 11
167.8153999999999826
 21
-88.4251000000000005
 31
0
  0
LINE
  5
51B
330
1A
100
AcDbEntity
  8
BLACK
  6
CONTINUOUS
100
AcDbLine
 10
167.8153999999999826
 20
-88.1751000000000005
 30
0
 11
167.5653999999999826
 21
-88.4251000000000005
 31
0
  0
LINE
  5
51C
330
1A
100
AcDbEntity
  8
BLACK
  6
CONTINUOUS
100
AcDbLine
 10
167.7253999999999792
 20
-77.4000999999999948
 30
0
 11
167.9753999999999792
 21
-77.6500999999999948
 31
0
  0
LINE
  5
51D
330
1A
100
AcDbEntity
  8
BLACK
  6
CONTINUOUS
100
AcDbLine
 10
167.9753999999999792
 20
-77.4000999999999948
 30
0
 11
167.7253999999999792
 21
-77.6500999999999948
 31
0
  0
LINE
  5
51E
330
1A
100
AcDbEntity
  8
BLACK
  6
CONTINUOUS
100
AcDbLine
 10
167.7253999999999792
 20
-78.200099999999992
 30
0
 11
167.9753999999999792
 21
-78.450099999999992
 31
0
  0
LINE
  5
51F
330
1A
100
AcDbEntity
  8
BLACK
  6
CONTINUOUS
100
AcDbLine
 10
167.9753999999999792
 20
-78.200099999999992
 30
0
 11
167.7253999999999792
 21
-78.450099999999992
 31
0
  0
LINE
  5
520
330
1A
100
AcDbEntity
  8
BLACK
  6
CONTINUOUS
100
AcDbLine
 10
167.7253999999999792
 20
-79.0001000000000033
 30
0
 11
167.9753999999999792
 21
-79.2501000000000033
 31
0
  0
LINE
  5
521
330
1A
100
AcDbEntity
  8
BLACK
  6
CONTINUOUS
100
AcDbLine
 10
167.9753999999999792
 20
-79.0001000000000033
 30
0
 11
167.7253999999999792
 21
-79.2501000000000033
 31
0
  0
LINE
  5
522
330
1A
100
AcDbEntity
  8
BLACK
  6
CONTINUOUS
100
AcDbLine
 10
167.7253999999999792
 20
-79.8001000000000005
 30
0
 11
167.9753999999999792
 21
-80.0501000000000005
 31
0
  0
LINE
  5
523
330
1A
100
AcDbEntity
  8
BLACK
  6
CONTINUOUS
100
AcDbLine
 10
167.9753999999999792
 20
-79.8001000000000005
 30
0
 11
167.7253999999999792
 21
-80.0501000000000005
 31
0
  0
LINE
  5
524
330
1A
100
AcDbEntity
  8
BLACK
  6
CONTINUOUS
100
AcDbLine
 10
167.7253999999999792
 20
-80.6000999999999976
 30
0
 11
167.9753999999999792
 21
-80.8500999999999976
 31
0
  0
LINE
  5
525
330
1A
100
AcDbEntity
  8
BLACK
  6
CONTINUOUS
100
AcDbLine
 10
167.9753999999999792
 20
-80.6000999999999976
 30
0
 11
167.7253999999999792
 21
-80.8500999999999976
 31
0
  0
LINE
  5
526
330
1A
100
AcDbEntity
  8
BLACK
  6
CONTINUOUS
100
AcDbLine
 10
167.8753999999999849
 20
-89.6705999999999932
 30
0
 11
168.1253999999999849
 21
-89.9205999999999932
 31
0
  0
LINE
  5
527
330
1A
100
AcDbEntity
  8
BLACK
  6
CONTINUOUS
100
AcDbLine
 10
168.1253999999999849
 20
-89.6705999999999932
 30
0
 11
167.8753999999999849
 21
-89.9205999999999932
 31
0
  0
LINE
  5
528
330
1A
100
AcDbEntity
  8
BLACK
  6
CONTINUOUS
100
AcDbLine
 10
167.8812889999999811
 20
-92.6090839999999957
 30
0
 11
168.1312889999999811
 21
-92.8590839999999957
 31
0
  0
LINE
  5
529
330
1A
100
AcDbEntity
  8
BLACK
  6
CONTINUOUS
100
AcDbLine
 10
168.1312889999999811
 20
-92.6090839999999957
 30
0
 11
167.8812889999999811
 21
-92.8590839999999957
 31
0
  0
LINE
  5
52A
330
1A
100
AcDbEntity
  8
BLACK
  6
CONTINUOUS
100
AcDbLine
 10
168.1749999999999829
 20
-66.9749999999999943
 30
0
 11
168.4249999999999829
 21
-67.2249999999999943
 31
0
  0
LINE
  5
52B
330
1A
100
AcDbEntity
  8
BLACK
  6
CONTINUOUS
100
AcDbLine
 10
168.4249999999999829
 20
-66.9749999999999943
 30
0
 11
168.1749999999999829
 21
-67.2249999999999943
 31
0
  0
LINE
  5
52C
330
1A
100
AcDbEntity
  8
BLACK
  6
CONTINUOUS
100
AcDbLine
 10
168.5853979999999979
 20
-94.7050979999999925
 30
0
 11
168.8353979999999979
 21
-94.9550979999999925
 31
0
  0
LINE
  5
52D
330
1A
100
AcDbEntity
  8
BLACK
  6
CONTINUOUS
100
AcDbLine
 10
168.8353979999999979
 20
-94.7050979999999925
 30
0
 11
168.5853979999999979
 21
-94.9550979999999925
 31
0
  0
LINE
  5
52E
330
1A
100
AcDbEntity
  8
BLACK
  6
CONTINUOUS
100
AcDbLine
 10
168.875
 20
-66.9749999999999943
 30
0
 11
169.125
 21
-67.2249999999999943
 31
0
  0
LINE
  5
52F
330
1A
100
AcDbEntity
  8
BLACK
  6
CONTINUOUS
100
AcDbLine
 10
169.125
 20
-66.9749999999999943
 30
0
 11
168.875
 21
-67.2249999999999943
 31
0
  0
LINE
  5
530
330
1A
100
AcDbEntity
  8
BLACK
  6
CONTINUOUS
100
AcDbLine
 10
168.8914539999999818
 20
-100.5040580000000006
 30
0
 11
169.1414539999999818
 21
-100.7540580000000006
 31
0
  0
LINE
  5
531
330
1A
100
AcDbEntity
  8
BLACK
  6
CONTINUOUS
100
AcDbLine
 10
169.1414539999999818
 20
-100.5040580000000006
 30
0
 11
168.8914539999999818
 21
-100.7540580000000006
 31
0
  0
LINE
  5
532
330
1A
100
AcDbEntity
  8
BLACK
  6
CONTINUOUS
100
AcDbLine
 10
169.4382019999999898
 20
-100.6529469999999975
 30
0
 11
169.6882019999999898
 21
-100.9029469999999975
 31
0
  0
LINE
  5
533
330
1A
100
AcDbEntity
  8
BLACK
  6
CONTINUOUS
100
AcDbLine
 10
169.6882019999999898
 20
-100.6529469999999975
 30
0
 11
169.4382019999999898
 21
-100.9029469999999975
 31
0
  0
LINE
  5
534
330
1A
100
AcDbEntity
  8
BLACK
  6
CONTINUOUS
100
AcDbLine
 10
169.5749999999999886
 20
-66.9749999999999943
 30
0
 11
169.8249999999999886
 21
-67.2249999999999943
 31
0
  0
LINE
  5
535
330
1A
100
AcDbEntity
  8
BLACK
  6
CONTINUOUS
100
AcDbLine
 10
169.8249999999999886
 20
-66.9749999999999943
 30
0
 11
169.5749999999999886
 21
-67.2249999999999943
 31
0
  0
LINE
  5
536
330
1A
100
AcDbEntity
  8
BLACK
  6
CONTINUOUS
100
AcDbLine
 10
169.7553999999999803
 20
-101.5350999999999999
 30
0
 11
170.0053999999999803
 21
-101.7850999999999999
 31
0
  0
LINE
  5
537
330
1A
100
AcDbEntity
  8
BLACK
  6
CONTINUOUS
100
AcDbLine
 10
170.0053999999999803
 20
-101.5350999999999999
 30
0
 11
169.7553999999999803
 21
-101.7850999999999999
 31
0
  0
LINE
  5
538
330
1A
100
AcDbEntity
  8
BLACK
  6
CONTINUOUS
100
AcDbLine
 10
169.9842739999999992
 20
-100.7968789999999899
 30
0
 11
170.2342739999999992
 21
-101.0468789999999899
 31
0
  0
LINE
  5
539
330
1A
100
AcDbEntity
  8
BLACK
  6
CONTINUOUS
100
AcDbLine
 10
170.2342739999999992
 20
-100.7968789999999899
 30
0
 11
169.9842739999999992
 21
-101.0468789999999899
 31
0
  0
LINE
  5
53A
330
1A
100
AcDbEntity
  8
BLACK
  6
CONTINUOUS
100
AcDbLine
 10
170.2450719999999933
 20
-93.0676539999999903
 30
0
 11
170.4950719999999933
 21
-93.3176539999999903
 31
0
  0
LINE
  5
53B
330
1A
100
AcDbEntity
  8
BLACK
  6
CONTINUOUS
100
AcDbLine
 10
170.4950719999999933
 20
-93.0676539999999903
 30
0
 11
170.2450719999999933
 21
-93.3176539999999903
 31
0
  0
LINE
  5
53C
330
1A
100
AcDbEntity
  8
BLACK
  6
CONTINUOUS
100
AcDbLine
 10
170.3254000000000019
 20
-80.1500999999999948
 30
0
 11
170.5754000000000019
 21
-80.4000999999999948
 31
0
  0
LINE
  5
53D
330
1A
100
AcDbEntity
  8
BLACK
  6
CONTINUOUS
100
AcDbLine
 10
170.5754000000000019
 20
-80.1500999999999948
 30
0
 11
170.3254000000000019
 21
-80.4000999999999948
 31
0
  0
LINE
  5
53E
330
1A
100
AcDbEntity
  8
BLACK
  6
CONTINUOUS
100
AcDbLine
 10
170.3254000000000019
 20
-80.700099999999992
 30
0
 11
170.5754000000000019
 21
-80.950099999999992
 31
0
  0
LINE
  5
53F
330
1A
100
AcDbEntity
  8
BLACK
  6
CONTINUOUS
100
AcDbLine
 10
170.5754000000000019
 20
-80.700099999999992
 30
0
 11
170.3254000000000019
 21
-80.950099999999992
 31
0
  0
LINE
  5
540
330
1A
100
AcDbEntity
  8
BLACK
  6
CONTINUOUS
100
AcDbLine
 10
170.3254000000000019
 20
-81.2501000000000033
 30
0
 11
170.5754000000000019
 21
-81.5001000000000033
 31
0
  0
LINE
  5
541
330
1A
100
AcDbEntity
  8
BLACK
  6
CONTINUOUS
100
AcDbLine
 10
170.5754000000000019
 20
-81.2501000000000033
 30
0
 11
170.3254000000000019
 21
-81.5001000000000033
 31
0
  0
LINE
  5
542
330
1A
100
AcDbEntity
  8
BLACK
  6
CONTINUOUS
100
AcDbLine
 10
170.3254000000000019
 20
-81.8001000000000005
 30
0
 11
170.5754000000000019
 21
-82.0501000000000005
 31
0
  0
LINE
  5
543
330
1A
100
AcDbEntity
  8
BLACK
  6
CONTINUOUS
100
AcDbLine
 10
170.5754000000000019
 20
-81.8001000000000005
 30
0
 11
170.3254000000000019
 21
-82.0501000000000005
 31
0
  0
LINE
  5
544
330
1A
100
AcDbEntity
  8
BLACK
  6
CONTINUOUS
100
AcDbLine
 10
170.3254000000000019
 20
-82.3500999999999976
 30
0
 11
170.5754000000000019
 21
-82.6000999999999976
 31
0
  0
LINE
  5
545
330
1A
100
AcDbEntity
  8
BLACK
  6
CONTINUOUS
100
AcDbLine
 10
170.5754000000000019
 20
-82.3500999999999976
 30
0
 11
170.3254000000000019
 21
-82.6000999999999976
 31
0
  0
LINE
  5
546
330
1A
100
AcDbEntity
  8
BLACK
  6
CONTINUOUS
100
AcDbLine
 10
170.3254000000000019
 20
-82.9000999999999948
 30
0
 11
170.5754000000000019
 21
-83.1500999999999948
 31
0
  0
LINE
  5
547
330
1A
100
AcDbEntity
  8
BLACK
  6
CONTINUOUS
100
AcDbLine
 10
170.5754000000000019
 20
-82.9000999999999948
 30
0
 11
170.3254000000000019
 21
-83.1500999999999948
 31
0
  0
LINE
  5
548
330
1A
100
AcDbEntity
  8
BLACK
  6
CONTINUOUS
100
AcDbLine
 10
170.3254000000000019
 20
-83.450099999999992
 30
0
 11
170.5754000000000019
 21
-83.700099999999992
 31
0
  0
LINE
  5
549
330
1A
100
AcDbEntity
  8
BLACK
  6
CONTINUOUS
100
AcDbLine
 10
170.5754000000000019
 20
-83.450099999999992
 30
0
 11
170.3254000000000019
 21
-83.700099999999992
 31
0
  0
LINE
  5
54A
330
1A
100
AcDbEntity
  8
BLACK
  6
CONTINUOUS
100
AcDbLine
 10
170.3254000000000019
 20
-84.0000999999999891
 30
0
 11
170.5754000000000019
 21
-84.2500999999999891
 31
0
  0
LINE
  5
54B
330
1A
100
AcDbEntity
  8
BLACK
  6
CONTINUOUS
100
AcDbLine
 10
170.5754000000000019
 20
-84.0000999999999891
 30
0
 11
170.3254000000000019
 21
-84.2500999999999891
 31
0
  0
LINE
  5
54C
330
1A
100
AcDbEntity
  8
BLACK
  6
CONTINUOUS
100
AcDbLine
 10
170.3254000000000019
 20
-84.5501000000000005
 30
0
 11
170.5754000000000019
 21
-84.8001000000000005
 31
0
  0
LINE
  5
54D
330
1A
100
AcDbEntity
  8
BLACK
  6
CONTINUOUS
100
AcDbLine
 10
170.5754000000000019
 20
-84.5501000000000005
 30
0
 11
170.3254000000000019
 21
-84.8001000000000005
 31
0
  0
LINE
  5
54E
330
1A
100
AcDbEntity
  8
BLACK
  6
CONTINUOUS
100
AcDbLine
 10
170.3254000000000019
 20
-85.1000999999999976
 30
0
 11
170.5754000000000019
 21
-85.3500999999999976
 31
0
  0
LINE
  5
54F
330
1A
100
AcDbEntity
  8
BLACK
  6
CONTINUOUS
100
AcDbLine
 10
170.5754000000000019
 20
-85.1000999999999976
 30
0
 11
170.3254000000000019
 21
-85.3500999999999976
 31
0
  0
LINE
  5
550
330
1A
100
AcDbEntity
  8
BLACK
  6
CONTINUOUS
100
AcDbLine
 10
170.3254000000000019
 20
-85.6500999999999948
 30
0
 11
170.5754000000000019
 21
-85.9000999999999948
 31
0
  0
LINE
  5
551
330
1A
100
AcDbEntity
  8
BLACK
  6
CONTINUOUS
100
AcDbLine
 10
170.5754000000000019
 20
-85.6500999999999948
 30
0
 11
170.3254000000000019
 21
-85.9000999999999948
 31
0
  0
LINE
  5
552
330
1A
100
AcDbEntity
  8
BLACK
  6
CONTINUOUS
100
AcDbLine
 10
170.3254000000000019
 20
-86.200099999999992
 30
0
 11
170.5754000000000019
 21
-86.450099999999992
 31
0
  0
LINE
  5
553
330
1A
100
AcDbEntity
  8
BLACK
  6
CONTINUOUS
100
AcDbLine
 10
170.5754000000000019
 20
-86.200099999999992
 30
0
 11
170.3254000000000019
 21
-86.450099999999992
 31
0
  0
LINE
  5
554
330
1A
100
AcDbEntity
  8
BLACK
  6
CONTINUOUS
100
AcDbLine
 10
171.0553999999999917
 20
-99.1850999999999914
 30
0
 11
171.3053999999999917
 21
-99.4350999999999914
 31
0
  0
LINE
  5
555
330
1A
100
AcDbEntity
  8
BLACK
  6
CONTINUOUS
100
AcDbLine
 10
171.3053999999999917
 20
-99.1850999999999914
 30
0
 11
171.0553999999999917
 21
-99.4350999999999914
 31
0
  0
LINE
  5
556
330
1A
100
AcDbEntity
  8
BLACK
  6
CONTINUOUS
100
AcDbLine
 10
171.1253999999999849
 20
-89.3950999999999993
 30
0
 11
171.3753999999999849
 21
-89.6450999999999993
 31
0
  0
LINE
  5
557
330
1A
100
AcDbEntity
  8
BLACK
  6
CONTINUOUS
100
AcDbLine
 10
171.3753999999999849
 20
-89.3950999999999993
 30
0
 11
171.1253999999999849
 21
-89.6450999999999993
 31
0
  0
LINE
  5
558
330
1A
100
AcDbEntity
  8
BLACK
  6
CONTINUOUS
100
AcDbLine
 10
171.4253999999999962
 20
-98.4750999999999976
 30
0
 11
171.6753999999999962
 21
-98.7250999999999976
 31
0
  0
LINE
  5
559
330
1A
100
AcDbEntity
  8
BLACK
  6
CONTINUOUS
100
AcDbLine
 10
171.6753999999999962
 20
-98.4750999999999976
 30
0
 11
171.4253999999999962
 21
-98.7250999999999976
 31
0
  0
LINE
  5
55A
330
1A
100
AcDbEntity
  8
BLACK
  6
CONTINUOUS
100
AcDbLine
 10
171.5273739999999805
 20
-90.8632729999999924
 30
0
 11
171.7773739999999805
 21
-91.1132729999999924
 31
0
  0
LINE
  5
55B
330
1A
100
AcDbEntity
  8
BLACK
  6
CONTINUOUS
100
AcDbLine
 10
171.7773739999999805
 20
-90.8632729999999924
 30
0
 11
171.5273739999999805
 21
-91.1132729999999924
 31
0
  0
LINE
  5
55C
330
1A
100
AcDbEntity
  8
BLACK
  6
CONTINUOUS
100
AcDbLine
 10
171.6254009999999823
 20
-97.3100999999999914
 30
0
 11
171.8754009999999823
 21
-97.5600999999999914
 31
0
  0
LINE
  5
55D
330
1A
100
AcDbEntity
  8
BLACK
  6
CONTINUOUS
100
AcDbLine
 10
171.8754009999999823
 20
-97.3100999999999914
 30
0
 11
171.6254009999999823
 21
-97.5600999999999914
 31
0
  0
LINE
  5
55E
330
1A
100
AcDbEntity
  8
BLACK
  6
CONTINUOUS
100
AcDbLine
 10
172.5222789999999975
 20
-91.1298599999999936
 30
0
 11
172.7722789999999975
 21
-91.3798599999999936
 31
0
  0
LINE
  5
55F
330
1A
100
AcDbEntity
  8
BLACK
  6
CONTINUOUS
100
AcDbLine
 10
172.7722789999999975
 20
-91.1298599999999936
 30
0
 11
172.5222789999999975
 21
-91.3798599999999936
 31
0
  0
LINE
  5
560
330
1A
100
AcDbEntity
  8
BLACK
  6
CONTINUOUS
100
AcDbLine
 10
172.8153999999999826
 20
-89.9650999999999925
 30
0
 11
173.0653999999999826
 21
-90.2150999999999925
 31
0
  0
LINE
  5
561
330
1A
100
AcDbEntity
  8
BLACK
  6
CONTINUOUS
100
AcDbLine
 10
173.0653999999999826
 20
-89.9650999999999925
 30
0
 11
172.8153999999999826
 21
-90.2150999999999925
 31
0
  0
LINE
  5
562
330
1A
100
AcDbEntity
  8
BLACK
  6
CONTINUOUS
100
AcDbLine
 10
172.9249999999999829
 20
-71.1749999999999972
 30
0
 11
173.1749999999999829
 21
-71.4249999999999972
 31
0
  0
LINE
  5
563
330
1A
100
AcDbEntity
  8
BLACK
  6
CONTINUOUS
100
AcDbLine
 10
173.1749999999999829
 20
-71.1749999999999972
 30
0
 11
172.9249999999999829
 21
-71.4249999999999972
 31
0
  0
LINE
  5
564
330
1A
100
AcDbEntity
  8
BLACK
  6
CONTINUOUS
100
AcDbLine
 10
173.276929999999993
 20
-90.5556459999999959
 30
0
 11
173.526929999999993
 21
-90.8056459999999959
 31
0
  0
LINE
  5
565
330
1A
100
AcDbEntity
  8
BLACK
  6
CONTINUOUS
100
AcDbLine
 10
173.526929999999993
 20
-90.5556459999999959
 30
0
 11
173.276929999999993
 21
-90.8056459999999959
 31
0
  0
LINE
  5
566
330
1A
100
AcDbEntity
  8
BLACK
  6
CONTINUOUS
100
AcDbLine
 10
173.3249999999999886
 20
-70.7749999999999915
 30
0
 11
173.5749999999999886
 21
-71.0249999999999915
 31
0
  0
LINE
  5
567
330
1A
100
AcDbEntity
  8
BLACK
  6
CONTINUOUS
100
AcDbLine
 10
173.5749999999999886
 20
-70.7749999999999915
 30
0
 11
173.3249999999999886
 21
-71.0249999999999915
 31
0
  0
LINE
  5
568
330
1A
100
AcDbEntity
  8
BLACK
  6
CONTINUOUS
100
AcDbLine
 10
173.7249999999999943
 20
-70.375
 30
0
 11
173.9749999999999943
 21
-70.625
 31
0
  0
LINE
  5
569
330
1A
100
AcDbEntity
  8
BLACK
  6
CONTINUOUS
100
AcDbLine
 10
173.9749999999999943
 20
-70.375
 30
0
 11
173.7249999999999943
 21
-70.625
 31
0
  0
LINE
  5
56A
330
1A
100
AcDbEntity
  8
BLACK
  6
CONTINUOUS
100
AcDbLine
 10
174.0754000000000019
 20
-85.5951000000000022
 30
0
 11
174.3254000000000019
 21
-85.8451000000000022
 31
0
  0
LINE
  5
56B
330
1A
100
AcDbEntity
  8
BLACK
  6
CONTINUOUS
100
AcDbLine
 10
174.3254000000000019
 20
-85.5951000000000022
 30
0
 11
174.0754000000000019
 21
-85.8451000000000022
 31
0
  0
LINE
  5
56C
330
1A
100
AcDbEntity
  8
BLACK
  6
CONTINUOUS
100
AcDbLine
 10
174.1853999999999871
 20
-92.1650999999999954
 30
0
 11
174.4353999999999871
 21
-92.4150999999999954
 31
0
  0
LINE
  5
56D
330
1A
100
AcDbEntity
  8
BLACK
  6
CONTINUOUS
100
AcDbLine
 10
174.4353999999999871
 20
-92.1650999999999954
 30
0
 11
174.1853999999999871
 21
-92.4150999999999954
 31
0
  0
LINE
  5
56E
330
1A
100
AcDbEntity
  8
BLACK
  6
CONTINUOUS
100
AcDbLine
 10
175.4553999999999974
 20
-88.3550999999999931
 30
0
 11
175.7053999999999974
 21
-88.6050999999999931
 31
0
  0
LINE
  5
56F
330
1A
100
AcDbEntity
  8
BLACK
  6
CONTINUOUS
100
AcDbLine
 10
175.7053999999999974
 20
-88.3550999999999931
 30
0
 11
175.4553999999999974
 21
-88.6050999999999931
 31
0
  0
LINE
  5
570
330
1A
100
AcDbEntity
  8
BLACK
  6
CONTINUOUS
100
AcDbLine
 10
175.4553999999999974
 20
-92.1650999999999954
 30
0
 11
175.7053999999999974
 21
-92.4150999999999954
 31
0
  0
LINE
  5
571
330
1A
100
AcDbEntity
  8
BLACK
  6
CONTINUOUS
100
AcDbLine
 10
175.7053999999999974
 20
-92.1650999999999954
 30
0
 11
175.4553999999999974
 21
-92.4150999999999954
 31
0
  0
LINE
  5
572
330
1A
100
AcDbEntity
  8
BLACK
  6
CONTINUOUS
100
AcDbLine
 10
175.4553999999999974
 20
-93.4350999999999914
 30
0
 11
175.7053999999999974
 21
-93.6850999999999914
 31
0
  0
LINE
  5
573
330
1A
100
AcDbEntity
  8
BLACK
  6
CONTINUOUS
100
AcDbLine
 10
175.7053999999999974
 20
-93.4350999999999914
 30
0
 11
175.4553999999999974
 21
-93.6850999999999914
 31
0
  0
LINE
  5
574
330
1A
100
AcDbEntity
  8
BLACK
  6
CONTINUOUS
100
AcDbLine
 10
177.9953999999999894
 20
-85.815100000000001
 30
0
 11
178.2453999999999894
 21
-86.065100000000001
 31
0
  0
LINE
  5
575
330
1A
100
AcDbEntity
  8
BLACK
  6
CONTINUOUS
100
AcDbLine
 10
178.2453999999999894
 20
-85.815100000000001
 30
0
 11
177.9953999999999894
 21
-86.065100000000001
 31
0
  0
LINE
  5
576
330
1A
100
AcDbEntity
  8
BLACK
  6
CONTINUOUS
100
AcDbLine
 10
178.2153999999999883
 20
-78.4851000000000028
 30
0
 11
178.4653999999999883
 21
-78.7351000000000028
 31
0
  0
LINE
  5
577
330
1A
100
AcDbEntity
  8
BLACK
  6
CONTINUOUS
100
AcDbLine
 10
178.4653999999999883
 20
-78.4851000000000028
 30
0
 11
178.2153999999999883
 21
-78.7351000000000028
 31
0
  0
LINE
  5
578
330
1A
100
AcDbEntity
  8
BLACK
  6
CONTINUOUS
100
AcDbLine
 10
178.2153999999999883
 20
-79.3850999999999942
 30
0
 11
178.4653999999999883
 21
-79.6350999999999942
 31
0
  0
LINE
  5
579
330
1A
100
AcDbEntity
  8
BLACK
  6
CONTINUOUS
100
AcDbLine
 10
178.4653999999999883
 20
-79.3850999999999942
 30
0
 11
178.2153999999999883
 21
-79.6350999999999942
 31
0
  0
LINE
  5
57A
330
1A
100
AcDbEntity
  8
BLACK
  6
CONTINUOUS
100
AcDbLine
 10
178.2153999999999883
 20
-80.2850999999999999
 30
0
 11
178.4653999999999883
 21
-80.5350999999999999
 31
0
  0
LINE
  5
57B
330
1A
100
AcDbEntity
  8
BLACK
  6
CONTINUOUS
100
AcDbLine
 10
178.4653999999999883
 20
-80.2850999999999999
 30
0
 11
178.2153999999999883
 21
-80.5350999999999999
 31
0
  0
LINE
  5
57C
330
1A
100
AcDbEntity
  8
BLACK
  6
CONTINUOUS
100
AcDbLine
 10
178.2153999999999883
 20
-81.1850999999999914
 30
0
 11
178.4653999999999883
 21
-81.4350999999999914
 31
0
  0
LINE
  5
57D
330
1A
100
AcDbEntity
  8
BLACK
  6
CONTINUOUS
100
AcDbLine
 10
178.4653999999999883
 20
-81.1850999999999914
 30
0
 11
178.2153999999999883
 21
-81.4350999999999914
 31
0
  0
LINE
  5
57E
330
1A
100
AcDbEntity
  8
BLACK
  6
CONTINUOUS
100
AcDbLine
 10
178.2153999999999883
 20
-82.0850999999999971
 30
0
 11
178.4653999999999883
 21
-82.3350999999999971
 31
0
  0
LINE
  5
57F
330
1A
100
AcDbEntity
  8
BLACK
  6
CONTINUOUS
100
AcDbLine
 10
178.4653999999999883
 20
-82.0850999999999971
 30
0
 11
178.2153999999999883
 21
-82.3350999999999971
 31
0
  0
LINE
  5
580
330
1A
100
AcDbEntity
  8
BLACK
  6
CONTINUOUS
100
AcDbLine
 10
178.2153999999999883
 20
-82.9851000000000028
 30
0
 11
178.4653999999999883
 21
-83.2351000000000028
 31
0
  0
LINE
  5
581
330
1A
100
AcDbEntity
  8
BLACK
  6
CONTINUOUS
100
AcDbLine
 10
178.4653999999999883
 20
-82.9851000000000028
 30
0
 11
178.2153999999999883
 21
-83.2351000000000028
 31
0
  0
LINE
  5
582
330
1A
100
AcDbEntity
  8
BLACK
  6
CONTINUOUS
100
AcDbLine
 10
178.2153999999999883
 20
-83.8850999999999942
 30
0
 11
178.4653999999999883
 21
-84.1350999999999942
 31
0
  0
LINE
  5
583
330
1A
100
AcDbEntity
  8
BLACK
  6
CONTINUOUS
100
AcDbLine
 10
178.4653999999999883
 20
-83.8850999999999942
 30
0
 11
178.2153999999999883
 21
-84.1350999999999942
 31
0
  0
LINE
  5
584
330
1A
100
AcDbEntity
  8
BLACK
  6
CONTINUOUS
100
AcDbLine
 10
179.9553999999999974
 20
-82.9851000000000028
 30
0
 11
180.2053999999999974
 21
-83.2351000000000028
 31
0
  0
LINE
  5
585
330
1A
100
AcDbEntity
  8
BLACK
  6
CONTINUOUS
100
AcDbLine
 10
180.2053999999999974
 20
-82.9851000000000028
 30
0
 11
179.9553999999999974
 21
-83.2351000000000028
 31
0
  0
LINE
  5
586
330
1A
100
AcDbEntity
  8
BLACK
  6
CONTINUOUS
100
AcDbLine
 10
179.9553999999999974
 20
-83.8750999999999891
 30
0
 11
180.2053999999999974
 21
-84.1250999999999891
 31
0
  0
LINE
  5
587
330
1A
100
AcDbEntity
  8
BLACK
  6
CONTINUOUS
100
AcDbLine
 10
180.2053999999999974
 20
-83.8750999999999891
 30
0
 11
179.9553999999999974
 21
-84.1250999999999891
 31
0
  0
LINE
  5
588
330
1A
100
AcDbEntity
  8
BLACK
  6
CONTINUOUS
100
AcDbLine
 10
179.9553999999999974
 20
-84.7750999999999948
 30
0
 11
180.2053999999999974
 21
-85.0250999999999948
 31
0
  0
LINE
  5
589
330
1A
100
AcDbEntity
  8
BLACK
  6
CONTINUOUS
100
AcDbLine
 10
180.2053999999999974
 20
-84.7750999999999948
 30
0
 11
179.9553999999999974
 21
-85.0250999999999948
 31
0
  0
CIRCLE
  5
58A
330
1A
100
AcDbEntity
  8
BLACK
100
AcDbCircle
 10
126.4503999999999877
 20
-68.2501000000000033
 30
0
 40
0.125
  0
CIRCLE
  5
58B
330
1A
100
AcDbEntity
  8
BLACK
100
AcDbCircle
 10
126.4503999999999877
 20
-70.1800999999999959
 30
0
 40
0.125
  0
CIRCLE
  5
58C
330
1A
100
AcDbEntity
  8
BLACK
100
AcDbCircle
 10
126.4503999999999877
 20
-70.690100000000001
 30
0
 40
0.125
  0
CIRCLE
  5
58D
330
1A
100
AcDbEntity
  8
BLACK
100
AcDbCircle
 10
126.4503999999999877
 20
-71.200099999999992
 30
0
 40
0.125
  0
CIRCLE
  5
58E
330
1A
100
AcDbEntity
  8
BLACK
100
AcDbCircle
 10
126.4503999999999877
 20
-71.7100999999999971
 30
0
 40
0.125
  0
CIRCLE
  5
58F
330
1A
100
AcDbEntity
  8
BLACK
100
AcDbCircle
 10
126.4503999999999877
 20
-72.2201000000000022
 30
0
 40
0.125
  0
CIRCLE
  5
590
330
1A
100
AcDbEntity
  8
BLACK
100
AcDbCircle
 10
126.4503999999999877
 20
-74.1500999999999948
 30
0
 40
0.125
  0
CIRCLE
  5
591
330
1A
100
AcDbEntity
  8
BLACK
100
AcDbCircle
 10
126.9003999999999905
 20
-70.4350999999999914
 30
0
 40
0.125
  0
CIRCLE
  5
592
330
1A
100
AcDbEntity
  8
BLACK
100
AcDbCircle
 10
126.9003999999999905
 20
-70.9450999999999965
 30
0
 40
0.125
  0
CIRCLE
  5
593
330
1A
100
AcDbEntity
  8
BLACK
100
AcDbCircle
 10
126.9003999999999905
 20
-71.4551000000000016
 30
0
 40
0.125
  0
CIRCLE
  5
594
330
1A
100
AcDbEntity
  8
BLACK
100
AcDbCircle
 10
126.9003999999999905
 20
-71.9650999999999925
 30
0
 40
0.125
  0
CIRCLE
  5
595
330
1A
100
AcDbEntity
  8
BLACK
100
AcDbCircle
 10
127.3503999999999934
 20
-70.1800999999999959
 30
0
 40
0.125
  0
CIRCLE
  5
596
330
1A
100
AcDbEntity
  8
BLACK
100
AcDbCircle
 10
127.3503999999999934
 20
-70.690100000000001
 30
0
 40
0.125
  0
CIRCLE
  5
597
330
1A
100
AcDbEntity
  8
BLACK
100
AcDbCircle
 10
127.3503999999999934
 20
-71.200099999999992
 30
0
 40
0.125
  0
CIRCLE
  5
598
330
1A
100
AcDbEntity
  8
BLACK
100
AcDbCircle
 10
127.3503999999999934
 20
-71.7100999999999971
 30
0
 40
0.125
  0
CIRCLE
  5
599
330
1A
100
AcDbEntity
  8
BLACK
100
AcDbCircle
 10
127.3503999999999934
 20
-72.2201000000000022
 30
0
 40
0.125
  0
CIRCLE
  5
59A
330
1A
100
AcDbEntity
  8
BLACK
100
AcDbCircle
 10
128.3803999999999803
 20
-68.2501000000000033
 30
0
 40
0.125
  0
CIRCLE
  5
59B
330
1A
100
AcDbEntity
  8
BLACK
100
AcDbCircle
 10
128.3803999999999803
 20
-69.1500999999999948
 30
0
 40
0.125
  0
CIRCLE
  5
59C
330
1A
100
AcDbEntity
  8
BLACK
100
AcDbCircle
 10
128.3803999999999803
 20
-73.2501000000000033
 30
0
 40
0.125
  0
CIRCLE
  5
59D
330
1A
100
AcDbEntity
  8
BLACK
100
AcDbCircle
 10
128.3803999999999803
 20
-74.1500999999999948
 30
0
 40
0.125
  0
CIRCLE
  5
59E
330
1A
100
AcDbEntity
  8
BLACK
100
AcDbCircle
 10
128.6354000000000042
 20
-68.700099999999992
 30
0
 40
0.125
  0
CIRCLE
  5
59F
330
1A
100
AcDbEntity
  8
BLACK
100
AcDbCircle
 10
128.6354000000000042
 20
-73.700099999999992
 30
0
 40
0.125
  0
CIRCLE
  5
5A0
330
1A
100
AcDbEntity
  8
BLACK
100
AcDbCircle
 10
128.8903999999999996
 20
-68.2501000000000033
 30
0
 40
0.125
  0
CIRCLE
  5
5A1
330
1A
100
AcDbEntity
  8
BLACK
100
AcDbCircle
 10
128.8903999999999996
 20
-69.1500999999999948
 30
0
 40
0.125
  0
CIRCLE
  5
5A2
330
1A
100
AcDbEntity
  8
BLACK
100
AcDbCircle
 10
128.8903999999999996
 20
-73.2501000000000033
 30
0
 40
0.125
  0
CIRCLE
  5
5A3
330
1A
100
AcDbEntity
  8
BLACK
100
AcDbCircle
 10
128.8903999999999996
 20
-74.1500999999999948
 30
0
 40
0.125
  0
CIRCLE
  5
5A4
330
1A
100
AcDbEntity
  8
BLACK
100
AcDbCircle
 10
129.1453999999999951
 20
-68.700099999999992
 30
0
 40
0.125
  0
CIRCLE
  5
5A5
330
1A
100
AcDbEntity
  8
BLACK
100
AcDbCircle
 10
129.1453999999999951
 20
-73.700099999999992
 30
0
 40
0.125
  0
CIRCLE
  5
5A6
330
1A
100
AcDbEntity
  8
BLACK
100
AcDbCircle
 10
129.2753989999999931
 20
-91.1250969999999967
 30
0
 40
0.125
  0
CIRCLE
  5
5A7
330
1A
100
AcDbEntity
  8
BLACK
100
AcDbCircle
 10
129.2753989999999931
 20
-92.1250969999999967
 30
0
 40
0.125
  0
CIRCLE
  5
5A8
330
1A
100
AcDbEntity
  8
BLACK
100
AcDbCircle
 10
129.4003999999999905
 20
-68.2501000000000033
 30
0
 40
0.125
  0
CIRCLE
  5
5A9
330
1A
100
AcDbEntity
  8
BLACK
100
AcDbCircle
 10
129.4003999999999905
 20
-69.1500999999999948
 30
0
 40
0.125
  0
CIRCLE
  5
5AA
330
1A
100
AcDbEntity
  8
BLACK
100
AcDbCircle
 10
129.4003999999999905
 20
-73.2501000000000033
 30
0
 40
0.125
  0
CIRCLE
  5
5AB
330
1A
100
AcDbEntity
  8
BLACK
100
AcDbCircle
 10
129.4003999999999905
 20
-74.1500999999999948
 30
0
 40
0.125
  0
CIRCLE
  5
5AC
330
1A
100
AcDbEntity
  8
BLACK
100
AcDbCircle
 10
129.655399999999986
 20
-68.700099999999992
 30
0
 40
0.125
  0
CIRCLE
  5
5AD
330
1A
100
AcDbEntity
  8
BLACK
100
AcDbCircle
 10
129.655399999999986
 20
-73.700099999999992
 30
0
 40
0.125
  0
CIRCLE
  5
5AE
330
1A
100
AcDbEntity
  8
BLACK
100
AcDbCircle
 10
129.9103999999999814
 20
-68.2501000000000033
 30
0
 40
0.125
  0
CIRCLE
  5
5AF
330
1A
100
AcDbEntity
  8
BLACK
100
AcDbCircle
 10
129.9103999999999814
 20
-69.1500999999999948
 30
0
 40
0.125
  0
CIRCLE
  5
5B0
330
1A
100
AcDbEntity
  8
BLACK
100
AcDbCircle
 10
129.9103999999999814
 20
-73.2501000000000033
 30
0
 40
0.125
  0
CIRCLE
  5
5B1
330
1A
100
AcDbEntity
  8
BLACK
100
AcDbCircle
 10
129.9103999999999814
 20
-74.1500999999999948
 30
0
 40
0.125
  0
CIRCLE
  5
5B2
330
1A
100
AcDbEntity
  8
BLACK
100
AcDbCircle
 10
130.1654000000000053
 20
-68.700099999999992
 30
0
 40
0.125
  0
CIRCLE
  5
5B3
330
1A
100
AcDbEntity
  8
BLACK
100
AcDbCircle
 10
130.1654000000000053
 20
-73.700099999999992
 30
0
 40
0.125
  0
CIRCLE
  5
5B4
330
1A
100
AcDbEntity
  8
BLACK
100
AcDbCircle
 10
130.4204000000000008
 20
-68.2501000000000033
 30
0
 40
0.125
  0
CIRCLE
  5
5B5
330
1A
100
AcDbEntity
  8
BLACK
100
AcDbCircle
 10
130.4204000000000008
 20
-69.1500999999999948
 30
0
 40
0.125
  0
CIRCLE
  5
5B6
330
1A
100
AcDbEntity
  8
BLACK
100
AcDbCircle
 10
130.4204000000000008
 20
-73.2501000000000033
 30
0
 40
0.125
  0
CIRCLE
  5
5B7
330
1A
100
AcDbEntity
  8
BLACK
100
AcDbCircle
 10
130.4204000000000008
 20
-74.1500999999999948
 30
0
 40
0.125
  0
CIRCLE
  5
5B8
330
1A
100
AcDbEntity
  8
BLACK
100
AcDbCircle
 10
131.4504000000000019
 20
-70.1800999999999959
 30
0
 40
0.125
  0
CIRCLE
  5
5B9
330
1A
100
AcDbEntity
  8
BLACK
100
AcDbCircle
 10
131.4504000000000019
 20
-70.690100000000001
 30
0
 40
0.125
  0
CIRCLE
  5
5BA
330
1A
100
AcDbEntity
  8
BLACK
100
AcDbCircle
 10
131.4504000000000019
 20
-71.200099999999992
 30
0
 40
0.125
  0
CIRCLE
  5
5BB
330
1A
100
AcDbEntity
  8
BLACK
100
AcDbCircle
 10
131.4504000000000019
 20
-71.7100999999999971
 30
0
 40
0.125
  0
CIRCLE
  5
5BC
330
1A
100
AcDbEntity
  8
BLACK
100
AcDbCircle
 10
131.4504000000000019
 20
-72.2201000000000022
 30
0
 40
0.125
  0
CIRCLE
  5
5BD
330
1A
100
AcDbEntity
  8
BLACK
100
AcDbCircle
 10
131.9003999999999905
 20
-70.4350999999999914
 30
0
 40
0.125
  0
CIRCLE
  5
5BE
330
1A
100
AcDbEntity
  8
BLACK
100
AcDbCircle
 10
131.9003999999999905
 20
-70.9450999999999965
 30
0
 40
0.125
  0
CIRCLE
  5
5BF
330
1A
100
AcDbEntity
  8
BLACK
100
AcDbCircle
 10
131.9003999999999905
 20
-71.4551000000000016
 30
0
 40
0.125
  0
CIRCLE
  5
5C0
330
1A
100
AcDbEntity
  8
BLACK
100
AcDbCircle
 10
131.9003999999999905
 20
-71.9650999999999925
 30
0
 40
0.125
  0
CIRCLE
  5
5C1
330
1A
100
AcDbEntity
  8
BLACK
100
AcDbCircle
 10
132.3504000000000076
 20
-68.2501000000000033
 30
0
 40
0.125
  0
CIRCLE
  5
5C2
330
1A
100
AcDbEntity
  8
BLACK
100
AcDbCircle
 10
132.3504000000000076
 20
-70.1800999999999959
 30
0
 40
0.125
  0
CIRCLE
  5
5C3
330
1A
100
AcDbEntity
  8
BLACK
100
AcDbCircle
 10
132.3504000000000076
 20
-70.690100000000001
 30
0
 40
0.125
  0
CIRCLE
  5
5C4
330
1A
100
AcDbEntity
  8
BLACK
100
AcDbCircle
 10
132.3504000000000076
 20
-71.200099999999992
 30
0
 40
0.125
  0
CIRCLE
  5
5C5
330
1A
100
AcDbEntity
  8
BLACK
100
AcDbCircle
 10
132.3504000000000076
 20
-71.7100999999999971
 30
0
 40
0.125
  0
CIRCLE
  5
5C6
330
1A
100
AcDbEntity
  8
BLACK
100
AcDbCircle
 10
132.3504000000000076
 20
-72.2201000000000022
 30
0
 40
0.125
  0
CIRCLE
  5
5C7
330
1A
100
AcDbEntity
  8
BLACK
100
AcDbCircle
 10
132.3504000000000076
 20
-74.1500999999999948
 30
0
 40
0.125
  0
CIRCLE
  5
5C8
330
1A
100
AcDbEntity
  8
BLACK
100
AcDbCircle
 10
134.0203999999999951
 20
-63.2200999999999951
 30
0
 40
0.125
  0
CIRCLE
  5
5C9
330
1A
100
AcDbEntity
  8
BLACK
100
AcDbCircle
 10
134.0203999999999951
 20
-63.7301000000000002
 30
0
 40
0.125
  0
CIRCLE
  5
5CA
330
1A
100
AcDbEntity
  8
BLACK
100
AcDbCircle
 10
134.0203999999999951
 20
-64.2400999999999982
 30
0
 40
0.125
  0
CIRCLE
  5
5CB
330
1A
100
AcDbEntity
  8
BLACK
100
AcDbCircle
 10
134.0203999999999951
 20
-64.7501000000000033
 30
0
 40
0.125
  0
CIRCLE
  5
5CC
330
1A
100
AcDbEntity
  8
BLACK
100
AcDbCircle
 10
134.0203999999999951
 20
-65.2600999999999942
 30
0
 40
0.125
  0
CIRCLE
  5
5CD
330
1A
100
AcDbEntity
  8
BLACK
100
AcDbCircle
 10
134.0203999999999951
 20
-65.7700999999999993
 30
0
 40
0.125
  0
CIRCLE
  5
5CE
330
1A
100
AcDbEntity
  8
BLACK
100
AcDbCircle
 10
134.0203999999999951
 20
-66.2800999999999902
 30
0
 40
0.125
  0
CIRCLE
  5
5CF
330
1A
100
AcDbEntity
  8
BLACK
100
AcDbCircle
 10
134.4703999999999837
 20
-62.9650999999999996
 30
0
 40
0.125
  0
CIRCLE
  5
5D0
330
1A
100
AcDbEntity
  8
BLACK
100
AcDbCircle
 10
134.4703999999999837
 20
-63.4750999999999976
 30
0
 40
0.125
  0
CIRCLE
  5
5D1
330
1A
100
AcDbEntity
  8
BLACK
100
AcDbCircle
 10
134.4703999999999837
 20
-63.9850999999999956
 30
0
 40
0.125
  0
CIRCLE
  5
5D2
330
1A
100
AcDbEntity
  8
BLACK
100
AcDbCircle
 10
134.4703999999999837
 20
-64.4950999999999937
 30
0
 40
0.125
  0
CIRCLE
  5
5D3
330
1A
100
AcDbEntity
  8
BLACK
100
AcDbCircle
 10
134.4703999999999837
 20
-65.0050999999999988
 30
0
 40
0.125
  0
CIRCLE
  5
5D4
330
1A
100
AcDbEntity
  8
BLACK
100
AcDbCircle
 10
134.4703999999999837
 20
-65.5151000000000039
 30
0
 40
0.125
  0
CIRCLE
  5
5D5
330
1A
100
AcDbEntity
  8
BLACK
100
AcDbCircle
 10
134.4703999999999837
 20
-66.0250999999999948
 30
0
 40
0.125
  0
CIRCLE
  5
5D6
330
1A
100
AcDbEntity
  8
BLACK
100
AcDbCircle
 10
134.4703999999999837
 20
-66.5350999999999999
 30
0
 40
0.125
  0
CIRCLE
  5
5D7
330
1A
100
AcDbEntity
  8
BLACK
100
AcDbCircle
 10
134.9204000000000008
 20
-63.2200999999999951
 30
0
 40
0.125
  0
CIRCLE
  5
5D8
330
1A
100
AcDbEntity
  8
BLACK
100
AcDbCircle
 10
134.9204000000000008
 20
-63.7301000000000002
 30
0
 40
0.125
  0
CIRCLE
  5
5D9
330
1A
100
AcDbEntity
  8
BLACK
100
AcDbCircle
 10
134.9204000000000008
 20
-64.2400999999999982
 30
0
 40
0.125
  0
CIRCLE
  5
5DA
330
1A
100
AcDbEntity
  8
BLACK
100
AcDbCircle
 10
134.9204000000000008
 20
-64.7501000000000033
 30
0
 40
0.125
  0
CIRCLE
  5
5DB
330
1A
100
AcDbEntity
  8
BLACK
100
AcDbCircle
 10
134.9204000000000008
 20
-65.2600999999999942
 30
0
 40
0.125
  0
CIRCLE
  5
5DC
330
1A
100
AcDbEntity
  8
BLACK
100
AcDbCircle
 10
134.9204000000000008
 20
-65.7700999999999993
 30
0
 40
0.125
  0
CIRCLE
  5
5DD
330
1A
100
AcDbEntity
  8
BLACK
100
AcDbCircle
 10
134.9204000000000008
 20
-66.2800999999999902
 30
0
 40
0.125
  0
CIRCLE
  5
5DE
330
1A
100
AcDbEntity
  8
BLACK
100
AcDbCircle
 10
135.3703999999999894
 20
-62.9650999999999996
 30
0
 40
0.125
  0
CIRCLE
  5
5DF
330
1A
100
AcDbEntity
  8
BLACK
100
AcDbCircle
 10
135.3703999999999894
 20
-63.4750999999999976
 30
0
 40
0.125
  0
CIRCLE
  5
5E0
330
1A
100
AcDbEntity
  8
BLACK
100
AcDbCircle
 10
135.3703999999999894
 20
-66.0250999999999948
 30
0
 40
0.125
  0
CIRCLE
  5
5E1
330
1A
100
AcDbEntity
  8
BLACK
100
AcDbCircle
 10
135.3703999999999894
 20
-66.5350999999999999
 30
0
 40
0.125
  0
CIRCLE
  5
5E2
330
1A
100
AcDbEntity
  8
BLACK
100
AcDbCircle
 10
135.8204000000000065
 20
-63.2200999999999951
 30
0
 40
0.125
  0
CIRCLE
  5
5E3
330
1A
100
AcDbEntity
  8
BLACK
100
AcDbCircle
 10
135.8204000000000065
 20
-66.2800999999999902
 30
0
 40
0.125
  0
CIRCLE
  5
5E4
330
1A
100
AcDbEntity
  8
BLACK
100
AcDbCircle
 10
136.2703999999999951
 20
-62.9650999999999996
 30
0
 40
0.125
  0
CIRCLE
  5
5E5
330
1A
100
AcDbEntity
  8
BLACK
100
AcDbCircle
 10
136.2703999999999951
 20
-66.5350999999999999
 30
0
 40
0.125
  0
CIRCLE
  5
5E6
330
1A
100
AcDbEntity
  8
BLACK
100
AcDbCircle
 10
137.030399999999986
 20
-62.9650999999999996
 30
0
 40
0.125
  0
CIRCLE
  5
5E7
330
1A
100
AcDbEntity
  8
BLACK
100
AcDbCircle
 10
137.030399999999986
 20
-66.5350999999999999
 30
0
 40
0.125
  0
CIRCLE
  5
5E8
330
1A
100
AcDbEntity
  8
BLACK
100
AcDbCircle
 10
137.480400000000003
 20
-63.2200999999999951
 30
0
 40
0.125
  0
CIRCLE
  5
5E9
330
1A
100
AcDbEntity
  8
BLACK
100
AcDbCircle
 10
137.480400000000003
 20
-66.2800999999999902
 30
0
 40
0.125
  0
CIRCLE
  5
5EA
330
1A
100
AcDbEntity
  8
BLACK
100
AcDbCircle
 10
137.9303999999999917
 20
-62.9650999999999996
 30
0
 40
0.125
  0
CIRCLE
  5
5EB
330
1A
100
AcDbEntity
  8
BLACK
100
AcDbCircle
 10
137.9303999999999917
 20
-63.4750999999999976
 30
0
 40
0.125
  0
CIRCLE
  5
5EC
330
1A
100
AcDbEntity
  8
BLACK
100
AcDbCircle
 10
137.9303999999999917
 20
-66.0250999999999948
 30
0
 40
0.125
  0
CIRCLE
  5
5ED
330
1A
100
AcDbEntity
  8
BLACK
100
AcDbCircle
 10
137.9303999999999917
 20
-66.5350999999999999
 30
0
 40
0.125
  0
CIRCLE
  5
5EE
330
1A
100
AcDbEntity
  8
BLACK
100
AcDbCircle
 10
138.3803999999999803
 20
-63.2200999999999951
 30
0
 40
0.125
  0
CIRCLE
  5
5EF
330
1A
100
AcDbEntity
  8
BLACK
100
AcDbCircle
 10
138.3803999999999803
 20
-63.7301000000000002
 30
0
 40
0.125
  0
CIRCLE
  5
5F0
330
1A
100
AcDbEntity
  8
BLACK
100
AcDbCircle
 10
138.3803999999999803
 20
-64.2400999999999982
 30
0
 40
0.125
  0
CIRCLE
  5
5F1
330
1A
100
AcDbEntity
  8
BLACK
100
AcDbCircle
 10
138.3803999999999803
 20
-64.7501000000000033
 30
0
 40
0.125
  0
CIRCLE
  5
5F2
330
1A
100
AcDbEntity
  8
BLACK
100
AcDbCircle
 10
138.3803999999999803
 20
-65.2600999999999942
 30
0
 40
0.125
  0
CIRCLE
  5
5F3
330
1A
100
AcDbEntity
  8
BLACK
100
AcDbCircle
 10
138.3803999999999803
 20
-65.7700999999999993
 30
0
 40
0.125
  0
CIRCLE
  5
5F4
330
1A
100
AcDbEntity
  8
BLACK
100
AcDbCircle
 10
138.3803999999999803
 20
-66.2800999999999902
 30
0
 40
0.125
  0
CIRCLE
  5
5F5
330
1A
100
AcDbEntity
  8
BLACK
100
AcDbCircle
 10
138.8303999999999974
 20
-62.9650999999999996
 30
0
 40
0.125
  0
CIRCLE
  5
5F6
330
1A
100
AcDbEntity
  8
BLACK
100
AcDbCircle
 10
138.8303999999999974
 20
-63.4750999999999976
 30
0
 40
0.125
  0
CIRCLE
  5
5F7
330
1A
100
AcDbEntity
  8
BLACK
100
AcDbCircle
 10
138.8303999999999974
 20
-63.9850999999999956
 30
0
 40
0.125
  0
CIRCLE
  5
5F8
330
1A
100
AcDbEntity
  8
BLACK
100
AcDbCircle
 10
138.8303999999999974
 20
-64.4950999999999937
 30
0
 40
0.125
  0
CIRCLE
  5
5F9
330
1A
100
AcDbEntity
  8
BLACK
100
AcDbCircle
 10
138.8303999999999974
 20
-65.0050999999999988
 30
0
 40
0.125
  0
CIRCLE
  5
5FA
330
1A
100
AcDbEntity
  8
BLACK
100
AcDbCircle
 10
138.8303999999999974
 20
-65.5151000000000039
 30
0
 40
0.125
  0
CIRCLE
  5
5FB
330
1A
100
AcDbEntity
  8
BLACK
100
AcDbCircle
 10
138.8303999999999974
 20
-66.0250999999999948
 30
0
 40
0.125
  0
CIRCLE
  5
5FC
330
1A
100
AcDbEntity
  8
BLACK
100
AcDbCircle
 10
138.8303999999999974
 20
-66.5350999999999999
 30
0
 40
0.125
  0
CIRCLE
  5
5FD
330
1A
100
AcDbEntity
  8
BLACK
100
AcDbCircle
 10
139.280399999999986
 20
-63.2200999999999951
 30
0
 40
0.125
  0
CIRCLE
  5
5FE
330
1A
100
AcDbEntity
  8
BLACK
100
AcDbCircle
 10
139.280399999999986
 20
-63.7301000000000002
 30
0
 40
0.125
  0
CIRCLE
  5
5FF
330
1A
100
AcDbEntity
  8
BLACK
100
AcDbCircle
 10
139.280399999999986
 20
-64.2400999999999982
 30
0
 40
0.125
  0
CIRCLE
  5
600
330
1A
100
AcDbEntity
  8
BLACK
100
AcDbCircle
 10
139.280399999999986
 20
-64.7501000000000033
 30
0
 40
0.125
  0
CIRCLE
  5
601
330
1A
100
AcDbEntity
  8
BLACK
100
AcDbCircle
 10
139.280399999999986
 20
-65.2600999999999942
 30
0
 40
0.125
  0
CIRCLE
  5
602
330
1A
100
AcDbEntity
  8
BLACK
100
AcDbCircle
 10
139.280399999999986
 20
-65.7700999999999993
 30
0
 40
0.125
  0
CIRCLE
  5
603
330
1A
100
AcDbEntity
  8
BLACK
100
AcDbCircle
 10
139.280399999999986
 20
-66.2800999999999902
 30
0
 40
0.125
  0
CIRCLE
  5
604
330
1A
100
AcDbEntity
  8
BLACK
100
AcDbCircle
 10
141.2203999999999837
 20
-63.2200999999999951
 30
0
 40
0.125
  0
CIRCLE
  5
605
330
1A
100
AcDbEntity
  8
BLACK
100
AcDbCircle
 10
141.2203999999999837
 20
-63.7301000000000002
 30
0
 40
0.125
  0
CIRCLE
  5
606
330
1A
100
AcDbEntity
  8
BLACK
100
AcDbCircle
 10
141.2203999999999837
 20
-64.2400999999999982
 30
0
 40
0.125
  0
CIRCLE
  5
607
330
1A
100
AcDbEntity
  8
BLACK
100
AcDbCircle
 10
141.2203999999999837
 20
-64.7501000000000033
 30
0
 40
0.125
  0
CIRCLE
  5
608
330
1A
100
AcDbEntity
  8
BLACK
100
AcDbCircle
 10
141.2203999999999837
 20
-65.2600999999999942
 30
0
 40
0.125
  0
CIRCLE
  5
609
330
1A
100
AcDbEntity
  8
BLACK
100
AcDbCircle
 10
141.2203999999999837
 20
-65.7700999999999993
 30
0
 40
0.125
  0
CIRCLE
  5
60A
330
1A
100
AcDbEntity
  8
BLACK
100
AcDbCircle
 10
141.2203999999999837
 20
-66.2800999999999902
 30
0
 40
0.125
  0
CIRCLE
  5
60B
330
1A
100
AcDbEntity
  8
BLACK
100
AcDbCircle
 10
141.6704000000000008
 20
-62.9650999999999996
 30
0
 40
0.125
  0
CIRCLE
  5
60C
330
1A
100
AcDbEntity
  8
BLACK
100
AcDbCircle
 10
141.6704000000000008
 20
-63.4750999999999976
 30
0
 40
0.125
  0
CIRCLE
  5
60D
330
1A
100
AcDbEntity
  8
BLACK
100
AcDbCircle
 10
141.6704000000000008
 20
-63.9850999999999956
 30
0
 40
0.125
  0
CIRCLE
  5
60E
330
1A
100
AcDbEntity
  8
BLACK
100
AcDbCircle
 10
141.6704000000000008
 20
-64.4950999999999937
 30
0
 40
0.125
  0
CIRCLE
  5
60F
330
1A
100
AcDbEntity
  8
BLACK
100
AcDbCircle
 10
141.6704000000000008
 20
-65.0050999999999988
 30
0
 40
0.125
  0
CIRCLE
  5
610
330
1A
100
AcDbEntity
  8
BLACK
100
AcDbCircle
 10
141.6704000000000008
 20
-65.5151000000000039
 30
0
 40
0.125
  0
CIRCLE
  5
611
330
1A
100
AcDbEntity
  8
BLACK
100
AcDbCircle
 10
141.6704000000000008
 20
-66.0250999999999948
 30
0
 40
0.125
  0
CIRCLE
  5
612
330
1A
100
AcDbEntity
  8
BLACK
100
AcDbCircle
 10
141.6704000000000008
 20
-66.5350999999999999
 30
0
 40
0.125
  0
CIRCLE
  5
613
330
1A
100
AcDbEntity
  8
BLACK
100
AcDbCircle
 10
142.1203999999999894
 20
-63.2200999999999951
 30
0
 40
0.125
  0
CIRCLE
  5
614
330
1A
100
AcDbEntity
  8
BLACK
100
AcDbCircle
 10
142.1203999999999894
 20
-63.7301000000000002
 30
0
 40
0.125
  0
CIRCLE
  5
615
330
1A
100
AcDbEntity
  8
BLACK
100
AcDbCircle
 10
142.1203999999999894
 20
-64.2400999999999982
 30
0
 40
0.125
  0
CIRCLE
  5
616
330
1A
100
AcDbEntity
  8
BLACK
100
AcDbCircle
 10
142.1203999999999894
 20
-64.7501000000000033
 30
0
 40
0.125
  0
CIRCLE
  5
617
330
1A
100
AcDbEntity
  8
BLACK
100
AcDbCircle
 10
142.1203999999999894
 20
-65.2600999999999942
 30
0
 40
0.125
  0
CIRCLE
  5
618
330
1A
100
AcDbEntity
  8
BLACK
100
AcDbCircle
 10
142.1203999999999894
 20
-65.7700999999999993
 30
0
 40
0.125
  0
CIRCLE
  5
619
330
1A
100
AcDbEntity
  8
BLACK
100
AcDbCircle
 10
142.1203999999999894
 20
-66.2800999999999902
 30
0
 40
0.125
  0
CIRCLE
  5
61A
330
1A
100
AcDbEntity
  8
BLACK
100
AcDbCircle
 10
142.5704000000000065
 20
-62.9650999999999996
 30
0
 40
0.125
  0
CIRCLE
  5
61B
330
1A
100
AcDbEntity
  8
BLACK
100
AcDbCircle
 10
142.5704000000000065
 20
-63.4750999999999976
 30
0
 40
0.125
  0
CIRCLE
  5
61C
330
1A
100
AcDbEntity
  8
BLACK
100
AcDbCircle
 10
142.5704000000000065
 20
-66.0250999999999948
 30
0
 40
0.125
  0
CIRCLE
  5
61D
330
1A
100
AcDbEntity
  8
BLACK
100
AcDbCircle
 10
142.5704000000000065
 20
-66.5350999999999999
 30
0
 40
0.125
  0
CIRCLE
  5
61E
330
1A
100
AcDbEntity
  8
BLACK
100
AcDbCircle
 10
143.0203999999999951
 20
-63.2200999999999951
 30
0
 40
0.125
  0
CIRCLE
  5
61F
330
1A
100
AcDbEntity
  8
BLACK
100
AcDbCircle
 10
143.0203999999999951
 20
-66.2800999999999902
 30
0
 40
0.125
  0
CIRCLE
  5
620
330
1A
100
AcDbEntity
  8
BLACK
100
AcDbCircle
 10
143.4703999999999837
 20
-62.9650999999999996
 30
0
 40
0.125
  0
CIRCLE
  5
621
330
1A
100
AcDbEntity
  8
BLACK
100
AcDbCircle
 10
143.4703999999999837
 20
-66.5350999999999999
 30
0
 40
0.125
  0
CIRCLE
  5
622
330
1A
100
AcDbEntity
  8
BLACK
100
AcDbCircle
 10
144.230400000000003
 20
-62.9650999999999996
 30
0
 40
0.125
  0
CIRCLE
  5
623
330
1A
100
AcDbEntity
  8
BLACK
100
AcDbCircle
 10
144.230400000000003
 20
-66.5350999999999999
 30
0
 40
0.125
  0
CIRCLE
  5
624
330
1A
100
AcDbEntity
  8
BLACK
100
AcDbCircle
 10
144.6803999999999917
 20
-63.2200999999999951
 30
0
 40
0.125
  0
CIRCLE
  5
625
330
1A
100
AcDbEntity
  8
BLACK
100
AcDbCircle
 10
144.6803999999999917
 20
-66.2800999999999902
 30
0
 40
0.125
  0
CIRCLE
  5
626
330
1A
100
AcDbEntity
  8
BLACK
100
AcDbCircle
 10
145.1303999999999803
 20
-62.9650999999999996
 30
0
 40
0.125
  0
CIRCLE
  5
627
330
1A
100
AcDbEntity
  8
BLACK
100
AcDbCircle
 10
145.1303999999999803
 20
-63.4750999999999976
 30
0
 40
0.125
  0
CIRCLE
  5
628
330
1A
100
AcDbEntity
  8
BLACK
100
AcDbCircle
 10
145.1303999999999803
 20
-66.0250999999999948
 30
0
 40
0.125
  0
CIRCLE
  5
629
330
1A
100
AcDbEntity
  8
BLACK
100
AcDbCircle
 10
145.1303999999999803
 20
-66.5350999999999999
 30
0
 40
0.125
  0
CIRCLE
  5
62A
330
1A
100
AcDbEntity
  8
BLACK
100
AcDbCircle
 10
145.5503999999999962
 20
-68.2501000000000033
 30
0
 40
0.125
  0
CIRCLE
  5
62B
330
1A
100
AcDbEntity
  8
BLACK
100
AcDbCircle
 10
145.5503999999999962
 20
-70.1800999999999959
 30
0
 40
0.125
  0
CIRCLE
  5
62C
330
1A
100
AcDbEntity
  8
BLACK
100
AcDbCircle
 10
145.5503999999999962
 20
-70.690100000000001
 30
0
 40
0.125
  0
CIRCLE
  5
62D
330
1A
100
AcDbEntity
  8
BLACK
100
AcDbCircle
 10
145.5503999999999962
 20
-71.200099999999992
 30
0
 40
0.125
  0
CIRCLE
  5
62E
330
1A
100
AcDbEntity
  8
BLACK
100
AcDbCircle
 10
145.5503999999999962
 20
-71.7100999999999971
 30
0
 40
0.125
  0
CIRCLE
  5
62F
330
1A
100
AcDbEntity
  8
BLACK
100
AcDbCircle
 10
145.5503999999999962
 20
-72.2201000000000022
 30
0
 40
0.125
  0
CIRCLE
  5
630
330
1A
100
AcDbEntity
  8
BLACK
100
AcDbCircle
 10
145.5503999999999962
 20
-74.1500999999999948
 30
0
 40
0.125
  0
CIRCLE
  5
631
330
1A
100
AcDbEntity
  8
BLACK
100
AcDbCircle
 10
145.5803999999999974
 20
-63.2200999999999951
 30
0
 40
0.125
  0
CIRCLE
  5
632
330
1A
100
AcDbEntity
  8
BLACK
100
AcDbCircle
 10
145.5803999999999974
 20
-63.7301000000000002
 30
0
 40
0.125
  0
CIRCLE
  5
633
330
1A
100
AcDbEntity
  8
BLACK
100
AcDbCircle
 10
145.5803999999999974
 20
-64.2400999999999982
 30
0
 40
0.125
  0
CIRCLE
  5
634
330
1A
100
AcDbEntity
  8
BLACK
100
AcDbCircle
 10
145.5803999999999974
 20
-64.7501000000000033
 30
0
 40
0.125
  0
CIRCLE
  5
635
330
1A
100
AcDbEntity
  8
BLACK
100
AcDbCircle
 10
145.5803999999999974
 20
-65.2600999999999942
 30
0
 40
0.125
  0
CIRCLE
  5
636
330
1A
100
AcDbEntity
  8
BLACK
100
AcDbCircle
 10
145.5803999999999974
 20
-65.7700999999999993
 30
0
 40
0.125
  0
CIRCLE
  5
637
330
1A
100
AcDbEntity
  8
BLACK
100
AcDbCircle
 10
145.5803999999999974
 20
-66.2800999999999902
 30
0
 40
0.125
  0
CIRCLE
  5
638
330
1A
100
AcDbEntity
  8
BLACK
100
AcDbCircle
 10
146.0003999999999849
 20
-70.4350999999999914
 30
0
 40
0.125
  0
CIRCLE
  5
639
330
1A
100
AcDbEntity
  8
BLACK
100
AcDbCircle
 10
146.0003999999999849
 20
-70.9450999999999965
 30
0
 40
0.125
  0
CIRCLE
  5
63A
330
1A
100
AcDbEntity
  8
BLACK
100
AcDbCircle
 10
146.0003999999999849
 20
-71.4551000000000016
 30
0
 40
0.125
  0
CIRCLE
  5
63B
330
1A
100
AcDbEntity
  8
BLACK
100
AcDbCircle
 10
146.0003999999999849
 20
-71.9650999999999925
 30
0
 40
0.125
  0
CIRCLE
  5
63C
330
1A
100
AcDbEntity
  8
BLACK
100
AcDbCircle
 10
146.030399999999986
 20
-62.9650999999999996
 30
0
 40
0.125
  0
CIRCLE
  5
63D
330
1A
100
AcDbEntity
  8
BLACK
100
AcDbCircle
 10
146.030399999999986
 20
-63.4750999999999976
 30
0
 40
0.125
  0
CIRCLE
  5
63E
330
1A
100
AcDbEntity
  8
BLACK
100
AcDbCircle
 10
146.030399999999986
 20
-63.9850999999999956
 30
0
 40
0.125
  0
CIRCLE
  5
63F
330
1A
100
AcDbEntity
  8
BLACK
100
AcDbCircle
 10
146.030399999999986
 20
-64.4950999999999937
 30
0
 40
0.125
  0
CIRCLE
  5
640
330
1A
100
AcDbEntity
  8
BLACK
100
AcDbCircle
 10
146.030399999999986
 20
-65.0050999999999988
 30
0
 40
0.125
  0
CIRCLE
  5
641
330
1A
100
AcDbEntity
  8
BLACK
100
AcDbCircle
 10
146.030399999999986
 20
-65.5151000000000039
 30
0
 40
0.125
  0
CIRCLE
  5
642
330
1A
100
AcDbEntity
  8
BLACK
100
AcDbCircle
 10
146.030399999999986
 20
-66.0250999999999948
 30
0
 40
0.125
  0
CIRCLE
  5
643
330
1A
100
AcDbEntity
  8
BLACK
100
AcDbCircle
 10
146.030399999999986
 20
-66.5350999999999999
 30
0
 40
0.125
  0
CIRCLE
  5
644
330
1A
100
AcDbEntity
  8
BLACK
100
AcDbCircle
 10
146.4504000000000019
 20
-70.1800999999999959
 30
0
 40
0.125
  0
CIRCLE
  5
645
330
1A
100
AcDbEntity
  8
BLACK
100
AcDbCircle
 10
146.4504000000000019
 20
-70.690100000000001
 30
0
 40
0.125
  0
CIRCLE
  5
646
330
1A
100
AcDbEntity
  8
BLACK
100
AcDbCircle
 10
146.4504000000000019
 20
-71.200099999999992
 30
0
 40
0.125
  0
CIRCLE
  5
647
330
1A
100
AcDbEntity
  8
BLACK
100
AcDbCircle
 10
146.4504000000000019
 20
-71.7100999999999971
 30
0
 40
0.125
  0
CIRCLE
  5
648
330
1A
100
AcDbEntity
  8
BLACK
100
AcDbCircle
 10
146.4504000000000019
 20
-72.2201000000000022
 30
0
 40
0.125
  0
CIRCLE
  5
649
330
1A
100
AcDbEntity
  8
BLACK
100
AcDbCircle
 10
146.480400000000003
 20
-63.2200999999999951
 30
0
 40
0.125
  0
CIRCLE
  5
64A
330
1A
100
AcDbEntity
  8
BLACK
100
AcDbCircle
 10
146.480400000000003
 20
-63.7301000000000002
 30
0
 40
0.125
  0
CIRCLE
  5
64B
330
1A
100
AcDbEntity
  8
BLACK
100
AcDbCircle
 10
146.480400000000003
 20
-64.2400999999999982
 30
0
 40
0.125
  0
CIRCLE
  5
64C
330
1A
100
AcDbEntity
  8
BLACK
100
AcDbCircle
 10
146.480400000000003
 20
-64.7501000000000033
 30
0
 40
0.125
  0
CIRCLE
  5
64D
330
1A
100
AcDbEntity
  8
BLACK
100
AcDbCircle
 10
146.480400000000003
 20
-65.2600999999999942
 30
0
 40
0.125
  0
CIRCLE
  5
64E
330
1A
100
AcDbEntity
  8
BLACK
100
AcDbCircle
 10
146.480400000000003
 20
-65.7700999999999993
 30
0
 40
0.125
  0
CIRCLE
  5
64F
330
1A
100
AcDbEntity
  8
BLACK
100
AcDbCircle
 10
146.480400000000003
 20
-66.2800999999999902
 30
0
 40
0.125
  0
CIRCLE
  5
650
330
1A
100
AcDbEntity
  8
BLACK
100
AcDbCircle
 10
146.7255619999999965
 20
-93.9439979999999935
 30
0
 40
0.125
  0
CIRCLE
  5
651
330
1A
100
AcDbEntity
  8
BLACK
100
AcDbCircle
 10
146.7255619999999965
 20
-95.556201999999999
 30
0
 40
0.125
  0
CIRCLE
  5
652
330
1A
100
AcDbEntity
  8
BLACK
100
AcDbCircle
 10
147.480400000000003
 20
-68.2501000000000033
 30
0
 40
0.125
  0
CIRCLE
  5
653
330
1A
100
AcDbEntity
  8
BLACK
100
AcDbCircle
 10
147.480400000000003
 20
-69.1500999999999948
 30
0
 40
0.125
  0
CIRCLE
  5
654
330
1A
100
AcDbEntity
  8
BLACK
100
AcDbCircle
 10
147.480400000000003
 20
-73.2501000000000033
 30
0
 40
0.125
  0
CIRCLE
  5
655
330
1A
100
AcDbEntity
  8
BLACK
100
AcDbCircle
 10
147.480400000000003
 20
-74.1500999999999948
 30
0
 40
0.125
  0
CIRCLE
  5
656
330
1A
100
AcDbEntity
  8
BLACK
100
AcDbCircle
 10
147.5316640000000064
 20
-94.7500999999999891
 30
0
 40
0.125
  0
CIRCLE
  5
657
330
1A
100
AcDbEntity
  8
BLACK
100
AcDbCircle
 10
147.6942980000000034
 20
-92.9752620000000007
 30
0
 40
0.125
  0
CIRCLE
  5
658
330
1A
100
AcDbEntity
  8
BLACK
100
AcDbCircle
 10
147.6942980000000034
 20
-96.5249379999999917
 30
0
 40
0.125
  0
CIRCLE
  5
659
330
1A
100
AcDbEntity
  8
BLACK
100
AcDbCircle
 10
147.7353999999999985
 20
-68.700099999999992
 30
0
 40
0.125
  0
CIRCLE
  5
65A
330
1A
100
AcDbEntity
  8
BLACK
100
AcDbCircle
 10
147.7353999999999985
 20
-73.700099999999992
 30
0
 40
0.125
  0
CIRCLE
  5
65B
330
1A
100
AcDbEntity
  8
BLACK
100
AcDbCircle
 10
147.990399999999994
 20
-68.2501000000000033
 30
0
 40
0.125
  0
CIRCLE
  5
65C
330
1A
100
AcDbEntity
  8
BLACK
100
AcDbCircle
 10
147.990399999999994
 20
-69.1500999999999948
 30
0
 40
0.125
  0
CIRCLE
  5
65D
330
1A
100
AcDbEntity
  8
BLACK
100
AcDbCircle
 10
147.990399999999994
 20
-73.2501000000000033
 30
0
 40
0.125
  0
CIRCLE
  5
65E
330
1A
100
AcDbEntity
  8
BLACK
100
AcDbCircle
 10
147.990399999999994
 20
-74.1500999999999948
 30
0
 40
0.125
  0
CIRCLE
  5
65F
330
1A
100
AcDbEntity
  8
BLACK
100
AcDbCircle
 10
148.2453999999999894
 20
-68.700099999999992
 30
0
 40
0.125
  0
CIRCLE
  5
660
330
1A
100
AcDbEntity
  8
BLACK
100
AcDbCircle
 10
148.2453999999999894
 20
-73.700099999999992
 30
0
 40
0.125
  0
CIRCLE
  5
661
330
1A
100
AcDbEntity
  8
BLACK
100
AcDbCircle
 10
148.5003999999999849
 20
-68.2501000000000033
 30
0
 40
0.125
  0
CIRCLE
  5
662
330
1A
100
AcDbEntity
  8
BLACK
100
AcDbCircle
 10
148.5003999999999849
 20
-69.1500999999999948
 30
0
 40
0.125
  0
CIRCLE
  5
663
330
1A
100
AcDbEntity
  8
BLACK
100
AcDbCircle
 10
148.5003999999999849
 20
-73.2501000000000033
 30
0
 40
0.125
  0
CIRCLE
  5
664
330
1A
100
AcDbEntity
  8
BLACK
100
AcDbCircle
 10
148.5003999999999849
 20
-74.1500999999999948
 30
0
 40
0.125
  0
CIRCLE
  5
665
330
1A
100
AcDbEntity
  8
BLACK
100
AcDbCircle
 10
148.5003999999999849
 20
-93.7813639999999964
 30
0
 40
0.125
  0
CIRCLE
  5
666
330
1A
100
AcDbEntity
  8
BLACK
100
AcDbCircle
 10
148.5003999999999849
 20
-95.718835999999996
 30
0
 40
0.125
  0
CIRCLE
  5
667
330
1A
100
AcDbEntity
  8
BLACK
100
AcDbCircle
 10
148.7553999999999803
 20
-68.700099999999992
 30
0
 40
0.125
  0
CIRCLE
  5
668
330
1A
100
AcDbEntity
  8
BLACK
100
AcDbCircle
 10
148.7553999999999803
 20
-73.700099999999992
 30
0
 40
0.125
  0
CIRCLE
  5
669
330
1A
100
AcDbEntity
  8
BLACK
100
AcDbCircle
 10
149.0104000000000042
 20
-68.2501000000000033
 30
0
 40
0.125
  0
CIRCLE
  5
66A
330
1A
100
AcDbEntity
  8
BLACK
100
AcDbCircle
 10
149.0104000000000042
 20
-69.1500999999999948
 30
0
 40
0.125
  0
CIRCLE
  5
66B
330
1A
100
AcDbEntity
  8
BLACK
100
AcDbCircle
 10
149.0104000000000042
 20
-73.2501000000000033
 30
0
 40
0.125
  0
CIRCLE
  5
66C
330
1A
100
AcDbEntity
  8
BLACK
100
AcDbCircle
 10
149.0104000000000042
 20
-74.1500999999999948
 30
0
 40
0.125
  0
CIRCLE
  5
66D
330
1A
100
AcDbEntity
  8
BLACK
100
AcDbCircle
 10
149.2653999999999996
 20
-68.700099999999992
 30
0
 40
0.125
  0
CIRCLE
  5
66E
330
1A
100
AcDbEntity
  8
BLACK
100
AcDbCircle
 10
149.2653999999999996
 20
-73.700099999999992
 30
0
 40
0.125
  0
CIRCLE
  5
66F
330
1A
100
AcDbEntity
  8
BLACK
100
AcDbCircle
 10
149.3065019999999947
 20
-92.9752620000000007
 30
0
 40
0.125
  0
CIRCLE
  5
670
330
1A
100
AcDbEntity
  8
BLACK
100
AcDbCircle
 10
149.3065019999999947
 20
-96.5249379999999917
 30
0
 40
0.125
  0
CIRCLE
  5
671
330
1A
100
AcDbEntity
  8
BLACK
100
AcDbCircle
 10
149.4691359999999918
 20
-94.7500999999999891
 30
0
 40
0.125
  0
CIRCLE
  5
672
330
1A
100
AcDbEntity
  8
BLACK
100
AcDbCircle
 10
149.5203999999999951
 20
-68.2501000000000033
 30
0
 40
0.125
  0
CIRCLE
  5
673
330
1A
100
AcDbEntity
  8
BLACK
100
AcDbCircle
 10
149.5203999999999951
 20
-69.1500999999999948
 30
0
 40
0.125
  0
CIRCLE
  5
674
330
1A
100
AcDbEntity
  8
BLACK
100
AcDbCircle
 10
149.5203999999999951
 20
-73.2501000000000033
 30
0
 40
0.125
  0
CIRCLE
  5
675
330
1A
100
AcDbEntity
  8
BLACK
100
AcDbCircle
 10
149.5203999999999951
 20
-74.1500999999999948
 30
0
 40
0.125
  0
CIRCLE
  5
676
330
1A
100
AcDbEntity
  8
BLACK
100
AcDbCircle
 10
150.2752380000000016
 20
-93.9439979999999935
 30
0
 40
0.125
  0
CIRCLE
  5
677
330
1A
100
AcDbEntity
  8
BLACK
100
AcDbCircle
 10
150.2752380000000016
 20
-95.556201999999999
 30
0
 40
0.125
  0
CIRCLE
  5
678
330
1A
100
AcDbEntity
  8
BLACK
100
AcDbCircle
 10
150.5203999999999951
 20
-63.2200999999999951
 30
0
 40
0.125
  0
CIRCLE
  5
679
330
1A
100
AcDbEntity
  8
BLACK
100
AcDbCircle
 10
150.5203999999999951
 20
-63.7301000000000002
 30
0
 40
0.125
  0
CIRCLE
  5
67A
330
1A
100
AcDbEntity
  8
BLACK
100
AcDbCircle
 10
150.5203999999999951
 20
-64.2400999999999982
 30
0
 40
0.125
  0
CIRCLE
  5
67B
330
1A
100
AcDbEntity
  8
BLACK
100
AcDbCircle
 10
150.5203999999999951
 20
-64.7501000000000033
 30
0
 40
0.125
  0
CIRCLE
  5
67C
330
1A
100
AcDbEntity
  8
BLACK
100
AcDbCircle
 10
150.5203999999999951
 20
-65.2600999999999942
 30
0
 40
0.125
  0
CIRCLE
  5
67D
330
1A
100
AcDbEntity
  8
BLACK
100
AcDbCircle
 10
150.5203999999999951
 20
-65.7700999999999993
 30
0
 40
0.125
  0
CIRCLE
  5
67E
330
1A
100
AcDbEntity
  8
BLACK
100
AcDbCircle
 10
150.5203999999999951
 20
-66.2800999999999902
 30
0
 40
0.125
  0
CIRCLE
  5
67F
330
1A
100
AcDbEntity
  8
BLACK
100
AcDbCircle
 10
150.5503999999999962
 20
-70.1800999999999959
 30
0
 40
0.125
  0
CIRCLE
  5
680
330
1A
100
AcDbEntity
  8
BLACK
100
AcDbCircle
 10
150.5503999999999962
 20
-70.690100000000001
 30
0
 40
0.125
  0
CIRCLE
  5
681
330
1A
100
AcDbEntity
  8
BLACK
100
AcDbCircle
 10
150.5503999999999962
 20
-71.200099999999992
 30
0
 40
0.125
  0
CIRCLE
  5
682
330
1A
100
AcDbEntity
  8
BLACK
100
AcDbCircle
 10
150.5503999999999962
 20
-71.7100999999999971
 30
0
 40
0.125
  0
CIRCLE
  5
683
330
1A
100
AcDbEntity
  8
BLACK
100
AcDbCircle
 10
150.5503999999999962
 20
-72.2201000000000022
 30
0
 40
0.125
  0
CIRCLE
  5
684
330
1A
100
AcDbEntity
  8
BLACK
100
AcDbCircle
 10
150.9703999999999837
 20
-62.9650999999999996
 30
0
 40
0.125
  0
CIRCLE
  5
685
330
1A
100
AcDbEntity
  8
BLACK
100
AcDbCircle
 10
150.9703999999999837
 20
-63.4750999999999976
 30
0
 40
0.125
  0
CIRCLE
  5
686
330
1A
100
AcDbEntity
  8
BLACK
100
AcDbCircle
 10
150.9703999999999837
 20
-63.9850999999999956
 30
0
 40
0.125
  0
CIRCLE
  5
687
330
1A
100
AcDbEntity
  8
BLACK
100
AcDbCircle
 10
150.9703999999999837
 20
-64.4950999999999937
 30
0
 40
0.125
  0
CIRCLE
  5
688
330
1A
100
AcDbEntity
  8
BLACK
100
AcDbCircle
 10
150.9703999999999837
 20
-65.0050999999999988
 30
0
 40
0.125
  0
CIRCLE
  5
689
330
1A
100
AcDbEntity
  8
BLACK
100
AcDbCircle
 10
150.9703999999999837
 20
-65.5151000000000039
 30
0
 40
0.125
  0
CIRCLE
  5
68A
330
1A
100
AcDbEntity
  8
BLACK
100
AcDbCircle
 10
150.9703999999999837
 20
-66.0250999999999948
 30
0
 40
0.125
  0
CIRCLE
  5
68B
330
1A
100
AcDbEntity
  8
BLACK
100
AcDbCircle
 10
150.9703999999999837
 20
-66.5350999999999999
 30
0
 40
0.125
  0
CIRCLE
  5
68C
330
1A
100
AcDbEntity
  8
BLACK
100
AcDbCircle
 10
151.0003999999999849
 20
-70.4350999999999914
 30
0
 40
0.125
  0
CIRCLE
  5
68D
330
1A
100
AcDbEntity
  8
BLACK
100
AcDbCircle
 10
151.0003999999999849
 20
-70.9450999999999965
 30
0
 40
0.125
  0
CIRCLE
  5
68E
330
1A
100
AcDbEntity
  8
BLACK
100
AcDbCircle
 10
151.0003999999999849
 20
-71.4551000000000016
 30
0
 40
0.125
  0
CIRCLE
  5
68F
330
1A
100
AcDbEntity
  8
BLACK
100
AcDbCircle
 10
151.0003999999999849
 20
-71.9650999999999925
 30
0
 40
0.125
  0
CIRCLE
  5
690
330
1A
100
AcDbEntity
  8
BLACK
100
AcDbCircle
 10
151.4204000000000008
 20
-63.2200999999999951
 30
0
 40
0.125
  0
CIRCLE
  5
691
330
1A
100
AcDbEntity
  8
BLACK
100
AcDbCircle
 10
151.4204000000000008
 20
-63.7301000000000002
 30
0
 40
0.125
  0
CIRCLE
  5
692
330
1A
100
AcDbEntity
  8
BLACK
100
AcDbCircle
 10
151.4204000000000008
 20
-64.2400999999999982
 30
0
 40
0.125
  0
CIRCLE
  5
693
330
1A
100
AcDbEntity
  8
BLACK
100
AcDbCircle
 10
151.4204000000000008
 20
-64.7501000000000033
 30
0
 40
0.125
  0
CIRCLE
  5
694
330
1A
100
AcDbEntity
  8
BLACK
100
AcDbCircle
 10
151.4204000000000008
 20
-65.2600999999999942
 30
0
 40
0.125
  0
CIRCLE
  5
695
330
1A
100
AcDbEntity
  8
BLACK
100
AcDbCircle
 10
151.4204000000000008
 20
-65.7700999999999993
 30
0
 40
0.125
  0
CIRCLE
  5
696
330
1A
100
AcDbEntity
  8
BLACK
100
AcDbCircle
 10
151.4204000000000008
 20
-66.2800999999999902
 30
0
 40
0.125
  0
CIRCLE
  5
697
330
1A
100
AcDbEntity
  8
BLACK
100
AcDbCircle
 10
151.4504000000000019
 20
-68.2501000000000033
 30
0
 40
0.125
  0
CIRCLE
  5
698
330
1A
100
AcDbEntity
  8
BLACK
100
AcDbCircle
 10
151.4504000000000019
 20
-70.1800999999999959
 30
0
 40
0.125
  0
CIRCLE
  5
699
330
1A
100
AcDbEntity
  8
BLACK
100
AcDbCircle
 10
151.4504000000000019
 20
-70.690100000000001
 30
0
 40
0.125
  0
CIRCLE
  5
69A
330
1A
100
AcDbEntity
  8
BLACK
100
AcDbCircle
 10
151.4504000000000019
 20
-71.200099999999992
 30
0
 40
0.125
  0
CIRCLE
  5
69B
330
1A
100
AcDbEntity
  8
BLACK
100
AcDbCircle
 10
151.4504000000000019
 20
-71.7100999999999971
 30
0
 40
0.125
  0
CIRCLE
  5
69C
330
1A
100
AcDbEntity
  8
BLACK
100
AcDbCircle
 10
151.4504000000000019
 20
-72.2201000000000022
 30
0
 40
0.125
  0
CIRCLE
  5
69D
330
1A
100
AcDbEntity
  8
BLACK
100
AcDbCircle
 10
151.4504000000000019
 20
-74.1500999999999948
 30
0
 40
0.125
  0
CIRCLE
  5
69E
330
1A
100
AcDbEntity
  8
BLACK
100
AcDbCircle
 10
151.8703999999999894
 20
-62.9650999999999996
 30
0
 40
0.125
  0
CIRCLE
  5
69F
330
1A
100
AcDbEntity
  8
BLACK
100
AcDbCircle
 10
151.8703999999999894
 20
-63.4750999999999976
 30
0
 40
0.125
  0
CIRCLE
  5
6A0
330
1A
100
AcDbEntity
  8
BLACK
100
AcDbCircle
 10
151.8703999999999894
 20
-66.0250999999999948
 30
0
 40
0.125
  0
CIRCLE
  5
6A1
330
1A
100
AcDbEntity
  8
BLACK
100
AcDbCircle
 10
151.8703999999999894
 20
-66.5350999999999999
 30
0
 40
0.125
  0
CIRCLE
  5
6A2
330
1A
100
AcDbEntity
  8
BLACK
100
AcDbCircle
 10
152.3204000000000065
 20
-63.2200999999999951
 30
0
 40
0.125
  0
CIRCLE
  5
6A3
330
1A
100
AcDbEntity
  8
BLACK
100
AcDbCircle
 10
152.3204000000000065
 20
-66.2800999999999902
 30
0
 40
0.125
  0
CIRCLE
  5
6A4
330
1A
100
AcDbEntity
  8
BLACK
100
AcDbCircle
 10
152.7703999999999951
 20
-62.9650999999999996
 30
0
 40
0.125
  0
CIRCLE
  5
6A5
330
1A
100
AcDbEntity
  8
BLACK
100
AcDbCircle
 10
152.7703999999999951
 20
-66.5350999999999999
 30
0
 40
0.125
  0
CIRCLE
  5
6A6
330
1A
100
AcDbEntity
  8
BLACK
100
AcDbCircle
 10
153.530399999999986
 20
-62.9650999999999996
 30
0
 40
0.125
  0
CIRCLE
  5
6A7
330
1A
100
AcDbEntity
  8
BLACK
100
AcDbCircle
 10
153.530399999999986
 20
-66.5350999999999999
 30
0
 40
0.125
  0
CIRCLE
  5
6A8
330
1A
100
AcDbEntity
  8
BLACK
100
AcDbCircle
 10
153.980400000000003
 20
-63.2200999999999951
 30
0
 40
0.125
  0
CIRCLE
  5
6A9
330
1A
100
AcDbEntity
  8
BLACK
100
AcDbCircle
 10
153.980400000000003
 20
-66.2800999999999902
 30
0
 40
0.125
  0
CIRCLE
  5
6AA
330
1A
100
AcDbEntity
  8
BLACK
100
AcDbCircle
 10
154.4303999999999917
 20
-62.9650999999999996
 30
0
 40
0.125
  0
CIRCLE
  5
6AB
330
1A
100
AcDbEntity
  8
BLACK
100
AcDbCircle
 10
154.4303999999999917
 20
-63.4750999999999976
 30
0
 40
0.125
  0
CIRCLE
  5
6AC
330
1A
100
AcDbEntity
  8
BLACK
100
AcDbCircle
 10
154.4303999999999917
 20
-66.0250999999999948
 30
0
 40
0.125
  0
CIRCLE
  5
6AD
330
1A
100
AcDbEntity
  8
BLACK
100
AcDbCircle
 10
154.4303999999999917
 20
-66.5350999999999999
 30
0
 40
0.125
  0
CIRCLE
  5
6AE
330
1A
100
AcDbEntity
  8
BLACK
100
AcDbCircle
 10
154.8803999999999803
 20
-63.2200999999999951
 30
0
 40
0.125
  0
CIRCLE
  5
6AF
330
1A
100
AcDbEntity
  8
BLACK
100
AcDbCircle
 10
154.8803999999999803
 20
-63.7301000000000002
 30
0
 40
0.125
  0
CIRCLE
  5
6B0
330
1A
100
AcDbEntity
  8
BLACK
100
AcDbCircle
 10
154.8803999999999803
 20
-64.2400999999999982
 30
0
 40
0.125
  0
CIRCLE
  5
6B1
330
1A
100
AcDbEntity
  8
BLACK
100
AcDbCircle
 10
154.8803999999999803
 20
-64.7501000000000033
 30
0
 40
0.125
  0
CIRCLE
  5
6B2
330
1A
100
AcDbEntity
  8
BLACK
100
AcDbCircle
 10
154.8803999999999803
 20
-65.2600999999999942
 30
0
 40
0.125
  0
CIRCLE
  5
6B3
330
1A
100
AcDbEntity
  8
BLACK
100
AcDbCircle
 10
154.8803999999999803
 20
-65.7700999999999993
 30
0
 40
0.125
  0
CIRCLE
  5
6B4
330
1A
100
AcDbEntity
  8
BLACK
100
AcDbCircle
 10
154.8803999999999803
 20
-66.2800999999999902
 30
0
 40
0.125
  0
CIRCLE
  5
6B5
330
1A
100
AcDbEntity
  8
BLACK
100
AcDbCircle
 10
155.3303999999999974
 20
-62.9650999999999996
 30
0
 40
0.125
  0
CIRCLE
  5
6B6
330
1A
100
AcDbEntity
  8
BLACK
100
AcDbCircle
 10
155.3303999999999974
 20
-63.4750999999999976
 30
0
 40
0.125
  0
CIRCLE
  5
6B7
330
1A
100
AcDbEntity
  8
BLACK
100
AcDbCircle
 10
155.3303999999999974
 20
-63.9850999999999956
 30
0
 40
0.125
  0
CIRCLE
  5
6B8
330
1A
100
AcDbEntity
  8
BLACK
100
AcDbCircle
 10
155.3303999999999974
 20
-64.4950999999999937
 30
0
 40
0.125
  0
CIRCLE
  5
6B9
330
1A
100
AcDbEntity
  8
BLACK
100
AcDbCircle
 10
155.3303999999999974
 20
-65.0050999999999988
 30
0
 40
0.125
  0
CIRCLE
  5
6BA
330
1A
100
AcDbEntity
  8
BLACK
100
AcDbCircle
 10
155.3303999999999974
 20
-65.5151000000000039
 30
0
 40
0.125
  0
CIRCLE
  5
6BB
330
1A
100
AcDbEntity
  8
BLACK
100
AcDbCircle
 10
155.3303999999999974
 20
-66.0250999999999948
 30
0
 40
0.125
  0
CIRCLE
  5
6BC
330
1A
100
AcDbEntity
  8
BLACK
100
AcDbCircle
 10
155.3303999999999974
 20
-66.5350999999999999
 30
0
 40
0.125
  0
CIRCLE
  5
6BD
330
1A
100
AcDbEntity
  8
BLACK
100
AcDbCircle
 10
155.780399999999986
 20
-63.2200999999999951
 30
0
 40
0.125
  0
CIRCLE
  5
6BE
330
1A
100
AcDbEntity
  8
BLACK
100
AcDbCircle
 10
155.780399999999986
 20
-63.7301000000000002
 30
0
 40
0.125
  0
CIRCLE
  5
6BF
330
1A
100
AcDbEntity
  8
BLACK
100
AcDbCircle
 10
155.780399999999986
 20
-64.2400999999999982
 30
0
 40
0.125
  0
CIRCLE
  5
6C0
330
1A
100
AcDbEntity
  8
BLACK
100
AcDbCircle
 10
155.780399999999986
 20
-64.7501000000000033
 30
0
 40
0.125
  0
CIRCLE
  5
6C1
330
1A
100
AcDbEntity
  8
BLACK
100
AcDbCircle
 10
155.780399999999986
 20
-65.2600999999999942
 30
0
 40
0.125
  0
CIRCLE
  5
6C2
330
1A
100
AcDbEntity
  8
BLACK
100
AcDbCircle
 10
155.780399999999986
 20
-65.7700999999999993
 30
0
 40
0.125
  0
CIRCLE
  5
6C3
330
1A
100
AcDbEntity
  8
BLACK
100
AcDbCircle
 10
155.780399999999986
 20
-66.2800999999999902
 30
0
 40
0.125
  0
CIRCLE
  5
6C4
330
1A
100
AcDbEntity
  8
BLACK
100
AcDbCircle
 10
157.7203999999999837
 20
-63.2200999999999951
 30
0
 40
0.125
  0
CIRCLE
  5
6C5
330
1A
100
AcDbEntity
  8
BLACK
100
AcDbCircle
 10
157.7203999999999837
 20
-63.7301000000000002
 30
0
 40
0.125
  0
CIRCLE
  5
6C6
330
1A
100
AcDbEntity
  8
BLACK
100
AcDbCircle
 10
157.7203999999999837
 20
-64.2400999999999982
 30
0
 40
0.125
  0
CIRCLE
  5
6C7
330
1A
100
AcDbEntity
  8
BLACK
100
AcDbCircle
 10
157.7203999999999837
 20
-64.7501000000000033
 30
0
 40
0.125
  0
CIRCLE
  5
6C8
330
1A
100
AcDbEntity
  8
BLACK
100
AcDbCircle
 10
157.7203999999999837
 20
-65.2600999999999942
 30
0
 40
0.125
  0
CIRCLE
  5
6C9
330
1A
100
AcDbEntity
  8
BLACK
100
AcDbCircle
 10
157.7203999999999837
 20
-65.7700999999999993
 30
0
 40
0.125
  0
CIRCLE
  5
6CA
330
1A
100
AcDbEntity
  8
BLACK
100
AcDbCircle
 10
157.7203999999999837
 20
-66.2800999999999902
 30
0
 40
0.125
  0
CIRCLE
  5
6CB
330
1A
100
AcDbEntity
  8
BLACK
100
AcDbCircle
 10
158.1704000000000008
 20
-62.9650999999999996
 30
0
 40
0.125
  0
CIRCLE
  5
6CC
330
1A
100
AcDbEntity
  8
BLACK
100
AcDbCircle
 10
158.1704000000000008
 20
-63.4750999999999976
 30
0
 40
0.125
  0
CIRCLE
  5
6CD
330
1A
100
AcDbEntity
  8
BLACK
100
AcDbCircle
 10
158.1704000000000008
 20
-63.9850999999999956
 30
0
 40
0.125
  0
CIRCLE
  5
6CE
330
1A
100
AcDbEntity
  8
BLACK
100
AcDbCircle
 10
158.1704000000000008
 20
-64.4950999999999937
 30
0
 40
0.125
  0
CIRCLE
  5
6CF
330
1A
100
AcDbEntity
  8
BLACK
100
AcDbCircle
 10
158.1704000000000008
 20
-65.0050999999999988
 30
0
 40
0.125
  0
CIRCLE
  5
6D0
330
1A
100
AcDbEntity
  8
BLACK
100
AcDbCircle
 10
158.1704000000000008
 20
-65.5151000000000039
 30
0
 40
0.125
  0
CIRCLE
  5
6D1
330
1A
100
AcDbEntity
  8
BLACK
100
AcDbCircle
 10
158.1704000000000008
 20
-66.0250999999999948
 30
0
 40
0.125
  0
CIRCLE
  5
6D2
330
1A
100
AcDbEntity
  8
BLACK
100
AcDbCircle
 10
158.1704000000000008
 20
-66.5350999999999999
 30
0
 40
0.125
  0
CIRCLE
  5
6D3
330
1A
100
AcDbEntity
  8
BLACK
100
AcDbCircle
 10
158.6203999999999894
 20
-63.2200999999999951
 30
0
 40
0.125
  0
CIRCLE
  5
6D4
330
1A
100
AcDbEntity
  8
BLACK
100
AcDbCircle
 10
158.6203999999999894
 20
-63.7301000000000002
 30
0
 40
0.125
  0
CIRCLE
  5
6D5
330
1A
100
AcDbEntity
  8
BLACK
100
AcDbCircle
 10
158.6203999999999894
 20
-64.2400999999999982
 30
0
 40
0.125
  0
CIRCLE
  5
6D6
330
1A
100
AcDbEntity
  8
BLACK
100
AcDbCircle
 10
158.6203999999999894
 20
-64.7501000000000033
 30
0
 40
0.125
  0
CIRCLE
  5
6D7
330
1A
100
AcDbEntity
  8
BLACK
100
AcDbCircle
 10
158.6203999999999894
 20
-65.2600999999999942
 30
0
 40
0.125
  0
CIRCLE
  5
6D8
330
1A
100
AcDbEntity
  8
BLACK
100
AcDbCircle
 10
158.6203999999999894
 20
-65.7700999999999993
 30
0
 40
0.125
  0
CIRCLE
  5
6D9
330
1A
100
AcDbEntity
  8
BLACK
100
AcDbCircle
 10
158.6203999999999894
 20
-66.2800999999999902
 30
0
 40
0.125
  0
CIRCLE
  5
6DA
330
1A
100
AcDbEntity
  8
BLACK
100
AcDbCircle
 10
159.0704000000000065
 20
-62.9650999999999996
 30
0
 40
0.125
  0
CIRCLE
  5
6DB
330
1A
100
AcDbEntity
  8
BLACK
100
AcDbCircle
 10
159.0704000000000065
 20
-63.4750999999999976
 30
0
 40
0.125
  0
CIRCLE
  5
6DC
330
1A
100
AcDbEntity
  8
BLACK
100
AcDbCircle
 10
159.0704000000000065
 20
-66.0250999999999948
 30
0
 40
0.125
  0
CIRCLE
  5
6DD
330
1A
100
AcDbEntity
  8
BLACK
100
AcDbCircle
 10
159.0704000000000065
 20
-66.5350999999999999
 30
0
 40
0.125
  0
CIRCLE
  5
6DE
330
1A
100
AcDbEntity
  8
BLACK
100
AcDbCircle
 10
159.5203999999999951
 20
-63.2200999999999951
 30
0
 40
0.125
  0
CIRCLE
  5
6DF
330
1A
100
AcDbEntity
  8
BLACK
100
AcDbCircle
 10
159.5203999999999951
 20
-66.2800999999999902
 30
0
 40
0.125
  0
CIRCLE
  5
6E0
330
1A
100
AcDbEntity
  8
BLACK
100
AcDbCircle
 10
159.9703999999999837
 20
-62.9650999999999996
 30
0
 40
0.125
  0
CIRCLE
  5
6E1
330
1A
100
AcDbEntity
  8
BLACK
100
AcDbCircle
 10
159.9703999999999837
 20
-66.5350999999999999
 30
0
 40
0.125
  0
CIRCLE
  5
6E2
330
1A
100
AcDbEntity
  8
BLACK
100
AcDbCircle
 10
160.730400000000003
 20
-62.9650999999999996
 30
0
 40
0.125
  0
CIRCLE
  5
6E3
330
1A
100
AcDbEntity
  8
BLACK
100
AcDbCircle
 10
160.730400000000003
 20
-66.5350999999999999
 30
0
 40
0.125
  0
CIRCLE
  5
6E4
330
1A
100
AcDbEntity
  8
BLACK
100
AcDbCircle
 10
161.1803999999999917
 20
-63.2200999999999951
 30
0
 40
0.125
  0
CIRCLE
  5
6E5
330
1A
100
AcDbEntity
  8
BLACK
100
AcDbCircle
 10
161.1803999999999917
 20
-66.2800999999999902
 30
0
 40
0.125
  0
CIRCLE
  5
6E6
330
1A
100
AcDbEntity
  8
BLACK
100
AcDbCircle
 10
161.6303999999999803
 20
-62.9650999999999996
 30
0
 40
0.125
  0
CIRCLE
  5
6E7
330
1A
100
AcDbEntity
  8
BLACK
100
AcDbCircle
 10
161.6303999999999803
 20
-63.4750999999999976
 30
0
 40
0.125
  0
CIRCLE
  5
6E8
330
1A
100
AcDbEntity
  8
BLACK
100
AcDbCircle
 10
161.6303999999999803
 20
-66.0250999999999948
 30
0
 40
0.125
  0
CIRCLE
  5
6E9
330
1A
100
AcDbEntity
  8
BLACK
100
AcDbCircle
 10
161.6303999999999803
 20
-66.5350999999999999
 30
0
 40
0.125
  0
CIRCLE
  5
6EA
330
1A
100
AcDbEntity
  8
BLACK
100
AcDbCircle
 10
162.0803999999999974
 20
-63.2200999999999951
 30
0
 40
0.125
  0
CIRCLE
  5
6EB
330
1A
100
AcDbEntity
  8
BLACK
100
AcDbCircle
 10
162.0803999999999974
 20
-63.7301000000000002
 30
0
 40
0.125
  0
CIRCLE
  5
6EC
330
1A
100
AcDbEntity
  8
BLACK
100
AcDbCircle
 10
162.0803999999999974
 20
-64.2400999999999982
 30
0
 40
0.125
  0
CIRCLE
  5
6ED
330
1A
100
AcDbEntity
  8
BLACK
100
AcDbCircle
 10
162.0803999999999974
 20
-64.7501000000000033
 30
0
 40
0.125
  0
CIRCLE
  5
6EE
330
1A
100
AcDbEntity
  8
BLACK
100
AcDbCircle
 10
162.0803999999999974
 20
-65.2600999999999942
 30
0
 40
0.125
  0
CIRCLE
  5
6EF
330
1A
100
AcDbEntity
  8
BLACK
100
AcDbCircle
 10
162.0803999999999974
 20
-65.7700999999999993
 30
0
 40
0.125
  0
CIRCLE
  5
6F0
330
1A
100
AcDbEntity
  8
BLACK
100
AcDbCircle
 10
162.0803999999999974
 20
-66.2800999999999902
 30
0
 40
0.125
  0
CIRCLE
  5
6F1
330
1A
100
AcDbEntity
  8
BLACK
100
AcDbCircle
 10
162.530399999999986
 20
-62.9650999999999996
 30
0
 40
0.125
  0
CIRCLE
  5
6F2
330
1A
100
AcDbEntity
  8
BLACK
100
AcDbCircle
 10
162.530399999999986
 20
-63.4750999999999976
 30
0
 40
0.125
  0
CIRCLE
  5
6F3
330
1A
100
AcDbEntity
  8
BLACK
100
AcDbCircle
 10
162.530399999999986
 20
-63.9850999999999956
 30
0
 40
0.125
  0
CIRCLE
  5
6F4
330
1A
100
AcDbEntity
  8
BLACK
100
AcDbCircle
 10
162.530399999999986
 20
-64.4950999999999937
 30
0
 40
0.125
  0
CIRCLE
  5
6F5
330
1A
100
AcDbEntity
  8
BLACK
100
AcDbCircle
 10
162.530399999999986
 20
-65.0050999999999988
 30
0
 40
0.125
  0
CIRCLE
  5
6F6
330
1A
100
AcDbEntity
  8
BLACK
100
AcDbCircle
 10
162.530399999999986
 20
-65.5151000000000039
 30
0
 40
0.125
  0
CIRCLE
  5
6F7
330
1A
100
AcDbEntity
  8
BLACK
100
AcDbCircle
 10
162.530399999999986
 20
-66.0250999999999948
 30
0
 40
0.125
  0
CIRCLE
  5
6F8
330
1A
100
AcDbEntity
  8
BLACK
100
AcDbCircle
 10
162.530399999999986
 20
-66.5350999999999999
 30
0
 40
0.125
  0
CIRCLE
  5
6F9
330
1A
100
AcDbEntity
  8
BLACK
100
AcDbCircle
 10
162.980400000000003
 20
-63.2200999999999951
 30
0
 40
0.125
  0
CIRCLE
  5
6FA
330
1A
100
AcDbEntity
  8
BLACK
100
AcDbCircle
 10
162.980400000000003
 20
-63.7301000000000002
 30
0
 40
0.125
  0
CIRCLE
  5
6FB
330
1A
100
AcDbEntity
  8
BLACK
100
AcDbCircle
 10
162.980400000000003
 20
-64.2400999999999982
 30
0
 40
0.125
  0
CIRCLE
  5
6FC
330
1A
100
AcDbEntity
  8
BLACK
100
AcDbCircle
 10
162.980400000000003
 20
-64.7501000000000033
 30
0
 40
0.125
  0
CIRCLE
  5
6FD
330
1A
100
AcDbEntity
  8
BLACK
100
AcDbCircle
 10
162.980400000000003
 20
-65.2600999999999942
 30
0
 40
0.125
  0
CIRCLE
  5
6FE
330
1A
100
AcDbEntity
  8
BLACK
100
AcDbCircle
 10
162.980400000000003
 20
-65.7700999999999993
 30
0
 40
0.125
  0
CIRCLE
  5
6FF
330
1A
100
AcDbEntity
  8
BLACK
100
AcDbCircle
 10
162.980400000000003
 20
-66.2800999999999902
 30
0
 40
0.125
  0
CIRCLE
  5
700
330
1A
100
AcDbEntity
  8
BLACK
100
AcDbCircle
 10
164.6503999999999905
 20
-68.2501000000000033
 30
0
 40
0.125
  0
CIRCLE
  5
701
330
1A
100
AcDbEntity
  8
BLACK
100
AcDbCircle
 10
164.6503999999999905
 20
-70.1800999999999959
 30
0
 40
0.125
  0
CIRCLE
  5
702
330
1A
100
AcDbEntity
  8
BLACK
100
AcDbCircle
 10
164.6503999999999905
 20
-70.690100000000001
 30
0
 40
0.125
  0
CIRCLE
  5
703
330
1A
100
AcDbEntity
  8
BLACK
100
AcDbCircle
 10
164.6503999999999905
 20
-71.200099999999992
 30
0
 40
0.125
  0
CIRCLE
  5
704
330
1A
100
AcDbEntity
  8
BLACK
100
AcDbCircle
 10
164.6503999999999905
 20
-71.7100999999999971
 30
0
 40
0.125
  0
CIRCLE
  5
705
330
1A
100
AcDbEntity
  8
BLACK
100
AcDbCircle
 10
164.6503999999999905
 20
-72.2201000000000022
 30
0
 40
0.125
  0
CIRCLE
  5
706
330
1A
100
AcDbEntity
  8
BLACK
100
AcDbCircle
 10
164.6503999999999905
 20
-74.1500999999999948
 30
0
 40
0.125
  0
CIRCLE
  5
707
330
1A
100
AcDbEntity
  8
BLACK
100
AcDbCircle
 10
165.1003999999999792
 20
-70.4350999999999914
 30
0
 40
0.125
  0
CIRCLE
  5
708
330
1A
100
AcDbEntity
  8
BLACK
100
AcDbCircle
 10
165.1003999999999792
 20
-70.9450999999999965
 30
0
 40
0.125
  0
CIRCLE
  5
709
330
1A
100
AcDbEntity
  8
BLACK
100
AcDbCircle
 10
165.1003999999999792
 20
-71.4551000000000016
 30
0
 40
0.125
  0
CIRCLE
  5
70A
330
1A
100
AcDbEntity
  8
BLACK
100
AcDbCircle
 10
165.1003999999999792
 20
-71.9650999999999925
 30
0
 40
0.125
  0
CIRCLE
  5
70B
330
1A
100
AcDbEntity
  8
BLACK
100
AcDbCircle
 10
165.5503999999999962
 20
-70.1800999999999959
 30
0
 40
0.125
  0
CIRCLE
  5
70C
330
1A
100
AcDbEntity
  8
BLACK
100
AcDbCircle
 10
165.5503999999999962
 20
-70.690100000000001
 30
0
 40
0.125
  0
CIRCLE
  5
70D
330
1A
100
AcDbEntity
  8
BLACK
100
AcDbCircle
 10
165.5503999999999962
 20
-71.200099999999992
 30
0
 40
0.125
  0
CIRCLE
  5
70E
330
1A
100
AcDbEntity
  8
BLACK
100
AcDbCircle
 10
165.5503999999999962
 20
-71.7100999999999971
 30
0
 40
0.125
  0
CIRCLE
  5
70F
330
1A
100
AcDbEntity
  8
BLACK
100
AcDbCircle
 10
165.5503999999999962
 20
-72.2201000000000022
 30
0
 40
0.125
  0
CIRCLE
  5
710
330
1A
100
AcDbEntity
  8
BLACK
100
AcDbCircle
 10
166.5803999999999974
 20
-68.2501000000000033
 30
0
 40
0.125
  0
CIRCLE
  5
711
330
1A
100
AcDbEntity
  8
BLACK
100
AcDbCircle
 10
166.5803999999999974
 20
-69.1500999999999948
 30
0
 40
0.125
  0
CIRCLE
  5
712
330
1A
100
AcDbEntity
  8
BLACK
100
AcDbCircle
 10
166.5803999999999974
 20
-73.2501000000000033
 30
0
 40
0.125
  0
CIRCLE
  5
713
330
1A
100
AcDbEntity
  8
BLACK
100
AcDbCircle
 10
166.5803999999999974
 20
-74.1500999999999948
 30
0
 40
0.125
  0
CIRCLE
  5
714
330
1A
100
AcDbEntity
  8
BLACK
100
AcDbCircle
 10
166.8353999999999928
 20
-68.700099999999992
 30
0
 40
0.125
  0
CIRCLE
  5
715
330
1A
100
AcDbEntity
  8
BLACK
100
AcDbCircle
 10
166.8353999999999928
 20
-73.700099999999992
 30
0
 40
0.125
  0
CIRCLE
  5
716
330
1A
100
AcDbEntity
  8
BLACK
100
AcDbCircle
 10
167.0903999999999883
 20
-68.2501000000000033
 30
0
 40
0.125
  0
CIRCLE
  5
717
330
1A
100
AcDbEntity
  8
BLACK
100
AcDbCircle
 10
167.0903999999999883
 20
-69.1500999999999948
 30
0
 40
0.125
  0
CIRCLE
  5
718
330
1A
100
AcDbEntity
  8
BLACK
100
AcDbCircle
 10
167.0903999999999883
 20
-73.2501000000000033
 30
0
 40
0.125
  0
CIRCLE
  5
719
330
1A
100
AcDbEntity
  8
BLACK
100
AcDbCircle
 10
167.0903999999999883
 20
-74.1500999999999948
 30
0
 40
0.125
  0
CIRCLE
  5
71A
330
1A
100
AcDbEntity
  8
BLACK
100
AcDbCircle
 10
167.3453999999999837
 20
-68.700099999999992
 30
0
 40
0.125
  0
CIRCLE
  5
71B
330
1A
100
AcDbEntity
  8
BLACK
100
AcDbCircle
 10
167.3453999999999837
 20
-73.700099999999992
 30
0
 40
0.125
  0
CIRCLE
  5
71C
330
1A
100
AcDbEntity
  8
BLACK
100
AcDbCircle
 10
167.6003999999999792
 20
-68.2501000000000033
 30
0
 40
0.125
  0
CIRCLE
  5
71D
330
1A
100
AcDbEntity
  8
BLACK
100
AcDbCircle
 10
167.6003999999999792
 20
-69.1500999999999948
 30
0
 40
0.125
  0
CIRCLE
  5
71E
330
1A
100
AcDbEntity
  8
BLACK
100
AcDbCircle
 10
167.6003999999999792
 20
-73.2501000000000033
 30
0
 40
0.125
  0
CIRCLE
  5
71F
330
1A
100
AcDbEntity
  8
BLACK
100
AcDbCircle
 10
167.6003999999999792
 20
-74.1500999999999948
 30
0
 40
0.125
  0
CIRCLE
  5
720
330
1A
100
AcDbEntity
  8
BLACK
100
AcDbCircle
 10
167.855400000000003
 20
-68.700099999999992
 30
0
 40
0.125
  0
CIRCLE
  5
721
330
1A
100
AcDbEntity
  8
BLACK
100
AcDbCircle
 10
167.855400000000003
 20
-73.700099999999992
 30
0
 40
0.125
  0
CIRCLE
  5
722
330
1A
100
AcDbEntity
  8
BLACK
100
AcDbCircle
 10
168.1103999999999985
 20
-68.2501000000000033
 30
0
 40
0.125
  0
CIRCLE
  5
723
330
1A
100
AcDbEntity
  8
BLACK
100
AcDbCircle
 10
168.1103999999999985
 20
-69.1500999999999948
 30
0
 40
0.125
  0
CIRCLE
  5
724
330
1A
100
AcDbEntity
  8
BLACK
100
AcDbCircle
 10
168.1103999999999985
 20
-73.2501000000000033
 30
0
 40
0.125
  0
CIRCLE
  5
725
330
1A
100
AcDbEntity
  8
BLACK
100
AcDbCircle
 10
168.1103999999999985
 20
-74.1500999999999948
 30
0
 40
0.125
  0
CIRCLE
  5
726
330
1A
100
AcDbEntity
  8
BLACK
100
AcDbCircle
 10
168.365399999999994
 20
-68.700099999999992
 30
0
 40
0.125
  0
CIRCLE
  5
727
330
1A
100
AcDbEntity
  8
BLACK
100
AcDbCircle
 10
168.365399999999994
 20
-73.700099999999992
 30
0
 40
0.125
  0
CIRCLE
  5
728
330
1A
100
AcDbEntity
  8
BLACK
100
AcDbCircle
 10
168.6203999999999894
 20
-68.2501000000000033
 30
0
 40
0.125
  0
CIRCLE
  5
729
330
1A
100
AcDbEntity
  8
BLACK
100
AcDbCircle
 10
168.6203999999999894
 20
-69.1500999999999948
 30
0
 40
0.125
  0
CIRCLE
  5
72A
330
1A
100
AcDbEntity
  8
BLACK
100
AcDbCircle
 10
168.6203999999999894
 20
-73.2501000000000033
 30
0
 40
0.125
  0
CIRCLE
  5
72B
330
1A
100
AcDbEntity
  8
BLACK
100
AcDbCircle
 10
168.6203999999999894
 20
-74.1500999999999948
 30
0
 40
0.125
  0
CIRCLE
  5
72C
330
1A
100
AcDbEntity
  8
BLACK
100
AcDbCircle
 10
169.6503999999999905
 20
-70.1800999999999959
 30
0
 40
0.125
  0
CIRCLE
  5
72D
330
1A
100
AcDbEntity
  8
BLACK
100
AcDbCircle
 10
169.6503999999999905
 20
-70.690100000000001
 30
0
 40
0.125
  0
CIRCLE
  5
72E
330
1A
100
AcDbEntity
  8
BLACK
100
AcDbCircle
 10
169.6503999999999905
 20
-71.200099999999992
 30
0
 40
0.125
  0
CIRCLE
  5
72F
330
1A
100
AcDbEntity
  8
BLACK
100
AcDbCircle
 10
169.6503999999999905
 20
-71.7100999999999971
 30
0
 40
0.125
  0
CIRCLE
  5
730
330
1A
100
AcDbEntity
  8
BLACK
100
AcDbCircle
 10
169.6503999999999905
 20
-72.2201000000000022
 30
0
 40
0.125
  0
CIRCLE
  5
731
330
1A
100
AcDbEntity
  8
BLACK
100
AcDbCircle
 10
170.1003999999999792
 20
-70.4350999999999914
 30
0
 40
0.125
  0
CIRCLE
  5
732
330
1A
100
AcDbEntity
  8
BLACK
100
AcDbCircle
 10
170.1003999999999792
 20
-70.9450999999999965
 30
0
 40
0.125
  0
CIRCLE
  5
733
330
1A
100
AcDbEntity
  8
BLACK
100
AcDbCircle
 10
170.1003999999999792
 20
-71.4551000000000016
 30
0
 40
0.125
  0
CIRCLE
  5
734
330
1A
100
AcDbEntity
  8
BLACK
100
AcDbCircle
 10
170.1003999999999792
 20
-71.9650999999999925
 30
0
 40
0.125
  0
CIRCLE
  5
735
330
1A
100
AcDbEntity
  8
BLACK
100
AcDbCircle
 10
170.3503999999999792
 20
-87.9000999999999948
 30
0
 40
0.125
  0
CIRCLE
  5
736
330
1A
100
AcDbEntity
  8
BLACK
100
AcDbCircle
 10
170.5503999999999962
 20
-68.2501000000000033
 30
0
 40
0.125
  0
CIRCLE
  5
737
330
1A
100
AcDbEntity
  8
BLACK
100
AcDbCircle
 10
170.5503999999999962
 20
-70.1800999999999959
 30
0
 40
0.125
  0
CIRCLE
  5
738
330
1A
100
AcDbEntity
  8
BLACK
100
AcDbCircle
 10
170.5503999999999962
 20
-70.690100000000001
 30
0
 40
0.125
  0
CIRCLE
  5
739
330
1A
100
AcDbEntity
  8
BLACK
100
AcDbCircle
 10
170.5503999999999962
 20
-71.200099999999992
 30
0
 40
0.125
  0
CIRCLE
  5
73A
330
1A
100
AcDbEntity
  8
BLACK
100
AcDbCircle
 10
170.5503999999999962
 20
-71.7100999999999971
 30
0
 40
0.125
  0
CIRCLE
  5
73B
330
1A
100
AcDbEntity
  8
BLACK
100
AcDbCircle
 10
170.5503999999999962
 20
-72.2201000000000022
 30
0
 40
0.125
  0
CIRCLE
  5
73C
330
1A
100
AcDbEntity
  8
BLACK
100
AcDbCircle
 10
170.5503999999999962
 20
-74.1500999999999948
 30
0
 40
0.125
  0
CIRCLE
  5
73D
330
1A
100
AcDbEntity
  8
BLACK
100
AcDbCircle
 10
170.8503999999999792
 20
-87.0000999999999891
 30
0
 40
0.125
  0
CIRCLE
  5
73E
330
1A
100
AcDbEntity
  8
BLACK
100
AcDbCircle
 10
170.8503999999999792
 20
-88.8001000000000005
 30
0
 40
0.125
  0
CIRCLE
  5
73F
330
1A
100
AcDbEntity
  8
BLACK
100
AcDbCircle
 10
171.3503999999999792
 20
-87.9000999999999948
 30
0
 40
0.125
  0
LINE
  5
740
330
1A
100
AcDbEntity
  8
BLACK
  6
CONTINUOUS
100
AcDbLine
 10
114.8166099999999972
 20
-85.4510319999999979
 30
0
 11
114.8166099999999972
 21
-85.751031999999995
 31
0
  0
LINE
  5
741
330
1A
100
AcDbEntity
  8
BLACK
  6
CONTINUOUS
100
AcDbLine
 10
114.6666099999999915
 20
-85.6010319999999894
 30
0
 11
114.9666099999999886
 21
-85.6010319999999894
 31
0
  0
LINE
  5
742
330
1A
100
AcDbEntity
  8
BLACK
  6
CONTINUOUS
100
AcDbLine
 10
115.0437649999999934
 20
-83.9684549999999916
 30
0
 11
115.0437649999999934
 21
-84.268455000000003
 31
0
  0
LINE
  5
743
330
1A
100
AcDbEntity
  8
BLACK
  6
CONTINUOUS
100
AcDbLine
 10
114.8937649999999877
 20
-84.1184549999999973
 30
0
 11
115.1937649999999991
 21
-84.1184549999999973
 31
0
  0
LINE
  5
744
330
1A
100
AcDbEntity
  8
BLACK
  6
CONTINUOUS
100
AcDbLine
 10
115.1239899999999921
 20
-86.6998370000000023
 30
0
 11
115.1239899999999921
 21
-86.9998369999999994
 31
0
  0
LINE
  5
745
330
1A
100
AcDbEntity
  8
BLACK
  6
CONTINUOUS
100
AcDbLine
 10
114.9739900000000006
 20
-86.8498369999999937
 30
0
 11
115.2739899999999977
 21
-86.8498369999999937
 31
0
  0
LINE
  5
746
330
1A
100
AcDbEntity
  8
BLACK
  6
CONTINUOUS
100
AcDbLine
 10
115.3361739999999998
 20
-82.4973559999999964
 30
0
 11
115.3361739999999998
 21
-82.7973559999999935
 31
0
  0
LINE
  5
747
330
1A
100
AcDbEntity
  8
BLACK
  6
CONTINUOUS
100
AcDbLine
 10
115.1861739999999941
 20
-82.647356000000002
 30
0
 11
115.4861739999999912
 21
-82.647356000000002
 31
0
  0
LINE
  5
748
330
1A
100
AcDbEntity
  8
BLACK
  6
CONTINUOUS
100
AcDbLine
 10
115.6932769999999948
 20
-81.0406100000000009
 30
0
 11
115.6932769999999948
 21
-81.3406099999999981
 31
0
  0
LINE
  5
749
330
1A
100
AcDbEntity
  8
BLACK
  6
CONTINUOUS
100
AcDbLine
 10
115.5432769999999891
 20
-81.1906099999999924
 30
0
 11
115.8432770000000005
 21
-81.1906099999999924
 31
0
  0
LINE
  5
74A
330
1A
100
AcDbEntity
  8
BLACK
  6
CONTINUOUS
100
AcDbLine
 10
116.1143699999999939
 20
-79.6010579999999948
 30
0
 11
116.1143699999999939
 21
-79.9010579999999919
 31
0
  0
LINE
  5
74B
330
1A
100
AcDbEntity
  8
BLACK
  6
CONTINUOUS
100
AcDbLine
 10
115.9643699999999882
 20
-79.7510580000000004
 30
0
 11
116.2643699999999995
 21
-79.7510580000000004
 31
0
  0
LINE
  5
74C
330
1A
100
AcDbEntity
  8
BLACK
  6
CONTINUOUS
100
AcDbLine
 10
116.4230249999999955
 20
-87.4498370000000023
 30
0
 11
116.4230249999999955
 21
-87.7498369999999994
 31
0
  0
LINE
  5
74D
330
1A
100
AcDbEntity
  8
BLACK
  6
CONTINUOUS
100
AcDbLine
 10
116.2730249999999899
 20
-87.5998369999999937
 30
0
 11
116.5730250000000012
 21
-87.5998369999999937
 31
0
  0
LINE
  5
74E
330
1A
100
AcDbEntity
  8
BLACK
  6
CONTINUOUS
100
AcDbLine
 10
116.5986429999999956
 20
-78.1815110000000004
 30
0
 11
116.5986429999999956
 21
-78.4815109999999976
 31
0
  0
LINE
  5
74F
330
1A
100
AcDbEntity
  8
BLACK
  6
CONTINUOUS
100
AcDbLine
 10
116.4486429999999899
 20
-78.3315109999999919
 30
0
 11
116.7486430000000013
 21
-78.3315109999999919
 31
0
  0
LINE
  5
750
330
1A
100
AcDbEntity
  8
BLACK
  6
CONTINUOUS
100
AcDbLine
 10
117.1451359999999937
 20
-76.7847369999999927
 30
0
 11
117.1451359999999937
 21
-77.0847369999999898
 31
0
  0
LINE
  5
751
330
1A
100
AcDbEntity
  8
BLACK
  6
CONTINUOUS
100
AcDbLine
 10
116.995135999999988
 20
-76.9347369999999984
 30
0
 11
117.2951359999999994
 21
-76.9347369999999984
 31
0
  0
LINE
  5
752
330
1A
100
AcDbEntity
  8
BLACK
  6
CONTINUOUS
100
AcDbLine
 10
117.7220659999999981
 20
-88.1998370000000023
 30
0
 11
117.7220659999999981
 21
-88.4998369999999994
 31
0
  0
LINE
  5
753
330
1A
100
AcDbEntity
  8
BLACK
  6
CONTINUOUS
100
AcDbLine
 10
117.5720659999999924
 20
-88.3498369999999937
 30
0
 11
117.8720659999999896
 21
-88.3498369999999937
 31
0
  0
LINE
  5
754
330
1A
100
AcDbEntity
  8
BLACK
  6
CONTINUOUS
100
AcDbLine
 10
118.9720609999999965
 20
-89.0186240000000026
 30
0
 11
118.9720609999999965
 21
-89.3186239999999998
 31
0
  0
LINE
  5
755
330
1A
100
AcDbEntity
  8
BLACK
  6
CONTINUOUS
100
AcDbLine
 10
118.8220609999999908
 20
-89.1686239999999941
 30
0
 11
119.122060999999988
 21
-89.1686239999999941
 31
0
  0
LINE
  5
756
330
1A
100
AcDbEntity
  8
BLACK
  6
CONTINUOUS
100
AcDbLine
 10
119.535027999999997
 20
-90.3730460000000022
 30
0
 11
119.535027999999997
 21
-90.6730459999999994
 31
0
  0
LINE
  5
757
330
1A
100
AcDbEntity
  8
BLACK
  6
CONTINUOUS
100
AcDbLine
 10
119.3850279999999913
 20
-90.5230459999999937
 30
0
 11
119.6850279999999884
 21
-90.5230459999999937
 31
0
  0
LINE
  5
758
330
1A
100
AcDbEntity
  8
BLACK
  6
CONTINUOUS
100
AcDbLine
 10
119.6010489999999891
 20
-91.8714269999999971
 30
0
 11
119.6010489999999891
 21
-92.1714269999999942
 31
0
  0
LINE
  5
759
330
1A
100
AcDbEntity
  8
BLACK
  6
CONTINUOUS
100
AcDbLine
 10
119.4510489999999976
 20
-92.0214270000000027
 30
0
 11
119.7510489999999947
 21
-92.0214270000000027
 31
0
  0
LINE
  5
75A
330
1A
100
AcDbEntity
  8
BLACK
  6
CONTINUOUS
100
AcDbLine
 10
119.7444939999999889
 20
-93.3643840000000012
 30
0
 11
119.7444939999999889
 21
-93.6643839999999983
 31
0
  0
LINE
  5
75B
330
1A
100
AcDbEntity
  8
BLACK
  6
CONTINUOUS
100
AcDbLine
 10
119.5944939999999974
 20
-93.5143839999999926
 30
0
 11
119.8944939999999946
 21
-93.5143839999999926
 31
0
  0
LINE
  5
75C
330
1A
100
AcDbEntity
  8
BLACK
  6
CONTINUOUS
100
AcDbLine
 10
119.9650639999999981
 20
-94.8479079999999897
 30
0
 11
119.9650639999999981
 21
-95.147908000000001
 31
0
  0
LINE
  5
75D
330
1A
100
AcDbEntity
  8
BLACK
  6
CONTINUOUS
100
AcDbLine
 10
119.8150639999999925
 20
-94.9979079999999954
 30
0
 11
120.1150639999999896
 21
-94.9979079999999954
 31
0
  0
LINE
  5
75E
330
1A
100
AcDbEntity
  8
BLACK
  6
CONTINUOUS
100
AcDbLine
 10
120.2621679999999884
 20
-96.3180219999999991
 30
0
 11
120.2621679999999884
 21
-96.6180219999999963
 31
0
  0
LINE
  5
75F
330
1A
100
AcDbEntity
  8
BLACK
  6
CONTINUOUS
100
AcDbLine
 10
120.1121679999999969
 20
-96.4680219999999906
 30
0
 11
120.4121679999999941
 21
-96.4680219999999906
 31
0
  0
LINE
  5
760
330
1A
100
AcDbEntity
  8
BLACK
  6
CONTINUOUS
100
AcDbLine
 10
120.6350169999999906
 20
-97.7707709999999963
 30
0
 11
120.6350169999999906
 21
-98.0707709999999935
 31
0
  0
LINE
  5
761
330
1A
100
AcDbEntity
  8
BLACK
  6
CONTINUOUS
100
AcDbLine
 10
120.4850169999999991
 20
-97.920771000000002
 30
0
 11
120.7850169999999963
 21
-97.920771000000002
 31
0
  0
LINE
  5
762
330
1A
100
AcDbEntity
  8
BLACK
  6
CONTINUOUS
100
AcDbLine
 10
121.0825989999999877
 20
-99.202258999999998
 30
0
 11
121.0825989999999877
 21
-99.5022589999999951
 31
0
  0
LINE
  5
763
330
1A
100
AcDbEntity
  8
BLACK
  6
CONTINUOUS
100
AcDbLine
 10
120.9325989999999962
 20
-99.3522589999999894
 30
0
 11
121.2325989999999933
 21
-99.3522589999999894
 31
0
  0
LINE
  5
764
330
1A
100
AcDbEntity
  8
BLACK
  6
CONTINUOUS
100
AcDbLine
 10
121.5278500000000008
 20
-69.2629390000000029
 30
0
 11
121.5278500000000008
 21
-69.5629390000000001
 31
0
  0
LINE
  5
765
330
1A
100
AcDbEntity
  8
BLACK
  6
CONTINUOUS
100
AcDbLine
 10
121.3778499999999951
 20
-69.4129389999999944
 30
0
 11
121.6778499999999923
 21
-69.4129389999999944
 31
0
  0
LINE
  5
766
330
1A
100
AcDbEntity
  8
BLACK
  6
CONTINUOUS
100
AcDbLine
 10
121.6037180000000006
 20
-100.6086489999999998
 30
0
 11
121.6037180000000006
 21
-100.9086489999999969
 31
0
  0
LINE
  5
767
330
1A
100
AcDbEntity
  8
BLACK
  6
CONTINUOUS
100
AcDbLine
 10
121.453717999999995
 20
-100.7586489999999912
 30
0
 11
121.7537179999999921
 21
-100.7586489999999912
 31
0
  0
LINE
  5
768
330
1A
100
AcDbEntity
  8
BLACK
  6
CONTINUOUS
100
AcDbLine
 10
122.1969749999999948
 20
-101.9861590000000007
 30
0
 11
122.1969749999999948
 21
-102.2861589999999978
 31
0
  0
LINE
  5
769
330
1A
100
AcDbEntity
  8
BLACK
  6
CONTINUOUS
100
AcDbLine
 10
122.0469749999999891
 20
-102.1361589999999921
 30
0
 11
122.3469750000000005
 21
-102.1361589999999921
 31
0
  0
LINE
  5
76A
330
1A
100
AcDbEntity
  8
BLACK
  6
CONTINUOUS
100
AcDbLine
 10
122.4642449999999911
 20
-68.0912769999999909
 30
0
 11
122.4642449999999911
 21
-68.3912770000000023
 31
0
  0
LINE
  5
76B
330
1A
100
AcDbEntity
  8
BLACK
  6
CONTINUOUS
100
AcDbLine
 10
122.3142449999999997
 20
-68.2412769999999966
 30
0
 11
122.6142449999999968
 21
-68.2412769999999966
 31
0
  0
LINE
  5
76C
330
1A
100
AcDbEntity
  8
BLACK
  6
CONTINUOUS
100
AcDbLine
 10
122.8607789999999937
 20
-103.3311020000000013
 30
0
 11
122.8607789999999937
 21
-103.6311019999999985
 31
0
  0
LINE
  5
76D
330
1A
100
AcDbEntity
  8
BLACK
  6
CONTINUOUS
100
AcDbLine
 10
122.7107789999999881
 20
-103.4811019999999928
 30
0
 11
123.0107789999999994
 21
-103.4811019999999928
 31
0
  0
LINE
  5
76E
330
1A
100
AcDbEntity
  8
BLACK
  6
CONTINUOUS
100
AcDbLine
 10
123.4514719999999954
 20
-66.9621099999999956
 30
0
 11
123.4514719999999954
 21
-67.2621099999999927
 31
0
  0
LINE
  5
76F
330
1A
100
AcDbEntity
  8
BLACK
  6
CONTINUOUS
100
AcDbLine
 10
123.3014719999999897
 20
-67.1121100000000013
 30
0
 11
123.6014720000000011
 21
-67.1121100000000013
 31
0
  0
LINE
  5
770
330
1A
100
AcDbEntity
  8
BLACK
  6
CONTINUOUS
100
AcDbLine
 10
123.5933449999999993
 20
-104.6398579999999896
 30
0
 11
123.5933449999999993
 21
-104.939858000000001
 31
0
  0
LINE
  5
771
330
1A
100
AcDbEntity
  8
BLACK
  6
CONTINUOUS
100
AcDbLine
 10
123.4433449999999937
 20
-104.7898579999999953
 30
0
 11
123.7433449999999908
 21
-104.7898579999999953
 31
0
  0
LINE
  5
772
330
1A
100
AcDbEntity
  8
BLACK
  6
CONTINUOUS
100
AcDbLine
 10
124.3927099999999939
 20
-105.9089179999999999
 30
0
 11
124.3927099999999939
 21
-106.2089179999999971
 31
0
  0
LINE
  5
773
330
1A
100
AcDbEntity
  8
BLACK
  6
CONTINUOUS
100
AcDbLine
 10
124.2427099999999882
 20
-106.0589179999999914
 30
0
 11
124.5427099999999996
 21
-106.0589179999999914
 31
0
  0
LINE
  5
774
330
1A
100
AcDbEntity
  8
BLACK
  6
CONTINUOUS
100
AcDbLine
 10
124.4876139999999936
 20
-65.8776569999999992
 30
0
 11
124.4876139999999936
 21
-66.1776569999999964
 31
0
  0
LINE
  5
775
330
1A
100
AcDbEntity
  8
BLACK
  6
CONTINUOUS
100
AcDbLine
 10
124.3376139999999879
 20
-66.0276569999999907
 30
0
 11
124.6376139999999992
 21
-66.0276569999999907
 31
0
  0
LINE
  5
776
330
1A
100
AcDbEntity
  8
BLACK
  6
CONTINUOUS
100
AcDbLine
 10
125.2567249999999888
 20
-107.1348769999999888
 30
0
 11
125.2567249999999888
 21
-107.4348770000000002
 31
0
  0
LINE
  5
777
330
1A
100
AcDbEntity
  8
BLACK
  6
CONTINUOUS
100
AcDbLine
 10
125.1067249999999973
 20
-107.2848769999999945
 30
0
 11
125.4067249999999945
 21
-107.2848769999999945
 31
0
  0
LINE
  5
778
330
1A
100
AcDbEntity
  8
BLACK
  6
CONTINUOUS
100
AcDbLine
 10
125.5706429999999898
 20
-64.8400239999999997
 30
0
 11
125.5706429999999898
 21
-65.1400239999999968
 31
0
  0
LINE
  5
779
330
1A
100
AcDbEntity
  8
BLACK
  6
CONTINUOUS
100
AcDbLine
 10
125.4206429999999983
 20
-64.9900239999999911
 30
0
 11
125.7206429999999955
 21
-64.9900239999999911
 31
0
  0
LINE
  5
77A
330
1A
100
AcDbEntity
  8
BLACK
  6
CONTINUOUS
100
AcDbLine
 10
126.1830789999999922
 20
-108.3144419999999997
 30
0
 11
126.1830789999999922
 21
-108.6144419999999968
 31
0
  0
LINE
  5
77B
330
1A
100
AcDbEntity
  8
BLACK
  6
CONTINUOUS
100
AcDbLine
 10
126.0330790000000007
 20
-108.4644419999999911
 30
0
 11
126.3330789999999979
 21
-108.4644419999999911
 31
0
  0
LINE
  5
77C
330
1A
100
AcDbEntity
  8
BLACK
  6
CONTINUOUS
100
AcDbLine
 10
126.6984479999999991
 20
-63.8512409999999946
 30
0
 11
126.6984479999999991
 21
-64.1512409999999988
 31
0
  0
LINE
  5
77D
330
1A
100
AcDbEntity
  8
BLACK
  6
CONTINUOUS
100
AcDbLine
 10
126.5484479999999934
 20
-64.0012409999999932
 30
0
 11
126.8484479999999905
 21
-64.0012409999999932
 31
0
  0
LINE
  5
77E
330
1A
100
AcDbEntity
  8
BLACK
  6
CONTINUOUS
100
AcDbLine
 10
127.1692729999999898
 20
-109.4444419999999951
 30
0
 11
127.1692729999999898
 21
-109.7444419999999923
 31
0
  0
LINE
  5
77F
330
1A
100
AcDbEntity
  8
BLACK
  6
CONTINUOUS
100
AcDbLine
 10
127.0192729999999983
 20
-109.5944420000000008
 30
0
 11
127.3192729999999955
 21
-109.5944420000000008
 31
0
  0
LINE
  5
780
330
1A
100
AcDbEntity
  8
BLACK
  6
CONTINUOUS
100
AcDbLine
 10
127.8688169999999928
 20
-62.9132299999999987
 30
0
 11
127.8688169999999928
 21
-63.2132299999999958
 31
0
  0
LINE
  5
781
330
1A
100
AcDbEntity
  8
BLACK
  6
CONTINUOUS
100
AcDbLine
 10
127.7188169999999872
 20
-63.0632299999999972
 30
0
 11
128.0188169999999843
 21
-63.0632299999999972
 31
0
  0
LINE
  5
782
330
1A
100
AcDbEntity
  8
BLACK
  6
CONTINUOUS
100
AcDbLine
 10
128.2126719999999978
 20
-110.5218579999999946
 30
0
 11
128.2126719999999978
 21
-110.8218579999999918
 31
0
  0
LINE
  5
783
330
1A
100
AcDbEntity
  8
BLACK
  6
CONTINUOUS
100
AcDbLine
 10
128.0626719999999921
 20
-110.6718580000000003
 30
0
 11
128.3626720000000034
 21
-110.6718580000000003
 31
0
  0
LINE
  5
784
330
1A
100
AcDbEntity
  8
BLACK
  6
CONTINUOUS
100
AcDbLine
 10
128.9830029999999965
 20
-62.0940379999999976
 30
0
 11
128.9830029999999965
 21
-62.3940379999999948
 31
0
  0
LINE
  5
785
330
1A
100
AcDbEntity
  8
BLACK
  6
CONTINUOUS
100
AcDbLine
 10
128.8330029999999908
 20
-62.2440379999999962
 30
0
 11
129.1330030000000022
 21
-62.2440379999999962
 31
0
  0
LINE
  5
786
330
1A
100
AcDbEntity
  8
BLACK
  6
CONTINUOUS
100
AcDbLine
 10
129.3104699999999809
 20
-111.5437869999999947
 30
0
 11
129.3104699999999809
 21
-111.8437869999999918
 31
0
  0
LINE
  5
787
330
1A
100
AcDbEntity
  8
BLACK
  6
CONTINUOUS
100
AcDbLine
 10
129.1604700000000037
 20
-111.6937870000000004
 30
0
 11
129.4604699999999866
 21
-111.6937870000000004
 31
0
  0
LINE
  5
788
330
1A
100
AcDbEntity
  8
BLACK
  6
CONTINUOUS
100
AcDbLine
 10
130.2288409999999885
 20
-61.2588599999999985
 30
0
 11
130.2288409999999885
 21
-61.5588599999999957
 31
0
  0
LINE
  5
789
330
1A
100
AcDbEntity
  8
BLACK
  6
CONTINUOUS
100
AcDbLine
 10
130.0788409999999828
 20
-61.4088599999999971
 30
0
 11
130.3788409999999942
 21
-61.4088599999999971
 31
0
  0
LINE
  5
78A
330
1A
100
AcDbEntity
  8
BLACK
  6
CONTINUOUS
100
AcDbLine
 10
130.4597169999999835
 20
-112.50748999999999
 30
0
 11
130.4597169999999835
 21
-112.8074900000000014
 31
0
  0
LINE
  5
78B
330
1A
100
AcDbEntity
  8
BLACK
  6
CONTINUOUS
100
AcDbLine
 10
130.3097170000000062
 20
-112.6574899999999957
 30
0
 11
130.6097169999999892
 21
-112.6574899999999957
 31
0
  0
LINE
  5
78C
330
1A
100
AcDbEntity
  8
BLACK
  6
CONTINUOUS
100
AcDbLine
 10
131.5103550000000041
 20
-60.479531999999999
 30
0
 11
131.5103550000000041
 21
-60.7795319999999961
 31
0
  0
LINE
  5
78D
330
1A
100
AcDbEntity
  8
BLACK
  6
CONTINUOUS
100
AcDbLine
 10
131.3603549999999984
 20
-60.6295319999999975
 30
0
 11
131.6603549999999814
 21
-60.6295319999999975
 31
0
  0
LINE
  5
78E
330
1A
100
AcDbEntity
  8
BLACK
  6
CONTINUOUS
100
AcDbLine
 10
131.6573339999999916
 20
-113.4103799999999893
 30
0
 11
131.6573339999999916
 21
-113.7103800000000007
 31
0
  0
LINE
  5
78F
330
1A
100
AcDbEntity
  8
BLACK
  6
CONTINUOUS
100
AcDbLine
 10
131.507333999999986
 20
-113.560379999999995
 30
0
 11
131.8073339999999973
 21
-113.560379999999995
 31
0
  0
LINE
  5
790
330
1A
100
AcDbEntity
  8
BLACK
  6
CONTINUOUS
100
AcDbLine
 10
132.8250390000000039
 20
-59.757563999999995
 30
0
 11
132.8250390000000039
 21
-60.0575639999999993
 31
0
  0
LINE
  5
791
330
1A
100
AcDbEntity
  8
BLACK
  6
CONTINUOUS
100
AcDbLine
 10
132.6750389999999982
 20
-59.9075640000000007
 30
0
 11
132.9750389999999811
 21
-59.9075640000000007
 31
0
  0
LINE
  5
792
330
1A
100
AcDbEntity
  8
BLACK
  6
CONTINUOUS
100
AcDbLine
 10
132.9001049999999964
 20
-114.2500339999999994
 30
0
 11
132.9001049999999964
 21
-114.5500339999999966
 31
0
  0
LINE
  5
793
330
1A
100
AcDbEntity
  8
BLACK
  6
CONTINUOUS
100
AcDbLine
 10
132.7501049999999907
 20
-114.4000339999999909
 30
0
 11
133.0501050000000021
 21
-114.4000339999999909
 31
0
  0
LINE
  5
794
330
1A
100
AcDbEntity
  8
BLACK
  6
CONTINUOUS
100
AcDbLine
 10
133.4000000000000057
 20
-48.8999999999999986
 30
0
 11
133.4000000000000057
 21
-49.1999999999999957
 31
0
  0
LINE
  5
795
330
1A
100
AcDbEntity
  8
BLACK
  6
CONTINUOUS
100
AcDbLine
 10
133.25
 20
-49.0499999999999972
 30
0
 11
133.5499999999999829
 21
-49.0499999999999972
 31
0
  0
LINE
  5
796
330
1A
100
AcDbEntity
  8
BLACK
  6
CONTINUOUS
100
AcDbLine
 10
133.4000000000000057
 20
-50.3999999999999986
 30
0
 11
133.4000000000000057
 21
-50.6999999999999957
 31
0
  0
LINE
  5
797
330
1A
100
AcDbEntity
  8
BLACK
  6
CONTINUOUS
100
AcDbLine
 10
133.25
 20
-50.5499999999999972
 30
0
 11
133.5499999999999829
 21
-50.5499999999999972
 31
0
  0
LINE
  5
798
330
1A
100
AcDbEntity
  8
BLACK
  6
CONTINUOUS
100
AcDbLine
 10
133.4000000000000057
 20
-51.8999999999999986
 30
0
 11
133.4000000000000057
 21
-52.1999999999999957
 31
0
  0
LINE
  5
799
330
1A
100
AcDbEntity
  8
BLACK
  6
CONTINUOUS
100
AcDbLine
 10
133.25
 20
-52.0499999999999972
 30
0
 11
133.5499999999999829
 21
-52.0499999999999972
 31
0
  0
LINE
  5
79A
330
1A
100
AcDbEntity
  8
BLACK
  6
CONTINUOUS
100
AcDbLine
 10
133.4000000000000057
 20
-53.3999999999999986
 30
0
 11
133.4000000000000057
 21
-53.6999999999999957
 31
0
  0
LINE
  5
79B
330
1A
100
AcDbEntity
  8
BLACK
  6
CONTINUOUS
100
AcDbLine
 10
133.25
 20
-53.5499999999999972
 30
0
 11
133.5499999999999829
 21
-53.5499999999999972
 31
0
  0
LINE
  5
79C
330
1A
100
AcDbEntity
  8
BLACK
  6
CONTINUOUS
100
AcDbLine
 10
133.4000000000000057
 20
-54.8999999999999986
 30
0
 11
133.4000000000000057
 21
-55.1999999999999957
 31
0
  0
LINE
  5
79D
330
1A
100
AcDbEntity
  8
BLACK
  6
CONTINUOUS
100
AcDbLine
 10
133.25
 20
-55.0499999999999972
 30
0
 11
133.5499999999999829
 21
-55.0499999999999972
 31
0
  0
LINE
  5
79E
330
1A
100
AcDbEntity
  8
BLACK
  6
CONTINUOUS
100
AcDbLine
 10
133.4000000000000057
 20
-56.3999999999999986
 30
0
 11
133.4000000000000057
 21
-56.6999999999999957
 31
0
  0
LINE
  5
79F
330
1A
100
AcDbEntity
  8
BLACK
  6
CONTINUOUS
100
AcDbLine
 10
133.25
 20
-56.5499999999999972
 30
0
 11
133.5499999999999829
 21
-56.5499999999999972
 31
0
  0
LINE
  5
7A0
330
1A
100
AcDbEntity
  8
BLACK
  6
CONTINUOUS
100
AcDbLine
 10
134.0958139999999901
 20
-115.1398149999999987
 30
0
 11
134.0958139999999901
 21
-115.4398149999999958
 31
0
  0
LINE
  5
7A1
330
1A
100
AcDbEntity
  8
BLACK
  6
CONTINUOUS
100
AcDbLine
 10
133.9458139999999844
 20
-115.2898149999999902
 30
0
 11
134.2458139999999958
 21
-115.2898149999999902
 31
0
  0
LINE
  5
7A2
330
1A
100
AcDbEntity
  8
BLACK
  6
CONTINUOUS
100
AcDbLine
 10
134.530399999999986
 20
-116.5423049999999989
 30
0
 11
134.530399999999986
 21
-116.8423049999999961
 31
0
  0
LINE
  5
7A3
330
1A
100
AcDbEntity
  8
BLACK
  6
CONTINUOUS
100
AcDbLine
 10
134.3803999999999803
 20
-116.6923049999999904
 30
0
 11
134.6803999999999917
 21
-116.6923049999999904
 31
0
  0
LINE
  5
7A4
330
1A
100
AcDbEntity
  8
BLACK
  6
CONTINUOUS
100
AcDbLine
 10
134.530399999999986
 20
-118.0423069999999939
 30
0
 11
134.530399999999986
 21
-118.342306999999991
 31
0
  0
LINE
  5
7A5
330
1A
100
AcDbEntity
  8
BLACK
  6
CONTINUOUS
100
AcDbLine
 10
134.3803999999999803
 20
-118.1923069999999996
 30
0
 11
134.6803999999999917
 21
-118.1923069999999996
 31
0
  0
LINE
  5
7A6
330
1A
100
AcDbEntity
  8
BLACK
  6
CONTINUOUS
100
AcDbLine
 10
134.530399999999986
 20
-119.5423089999999888
 30
0
 11
134.530399999999986
 21
-119.8423090000000002
 31
0
  0
LINE
  5
7A7
330
1A
100
AcDbEntity
  8
BLACK
  6
CONTINUOUS
100
AcDbLine
 10
134.3803999999999803
 20
-119.6923089999999945
 30
0
 11
134.6803999999999917
 21
-119.6923089999999945
 31
0
  0
LINE
  5
7A8
330
1A
100
AcDbEntity
  8
BLACK
  6
CONTINUOUS
100
AcDbLine
 10
134.7501309999999819
 20
-120.8997699999999895
 30
0
 11
134.7501309999999819
 21
-121.1997700000000009
 31
0
  0
LINE
  5
7A9
330
1A
100
AcDbEntity
  8
BLACK
  6
CONTINUOUS
100
AcDbLine
 10
134.6001310000000046
 20
-121.0497699999999952
 30
0
 11
134.9001309999999876
 21
-121.0497699999999952
 31
0
  0
LINE
  5
7AA
330
1A
100
AcDbEntity
  8
BLACK
  6
CONTINUOUS
100
AcDbLine
 10
136.1349409999999978
 20
-121.4759109999999964
 30
0
 11
136.1349409999999978
 21
-121.7759109999999936
 31
0
  0
LINE
  5
7AB
330
1A
100
AcDbEntity
  8
BLACK
  6
CONTINUOUS
100
AcDbLine
 10
135.9849409999999921
 20
-121.6259109999999879
 30
0
 11
136.2849410000000034
 21
-121.6259109999999879
 31
0
  0
LINE
  5
7AC
330
1A
100
AcDbEntity
  8
BLACK
  6
CONTINUOUS
100
AcDbLine
 10
137.5438419999999837
 20
-121.9903219999999919
 30
0
 11
137.5438419999999837
 21
-122.2903219999999891
 31
0
  0
LINE
  5
7AD
330
1A
100
AcDbEntity
  8
BLACK
  6
CONTINUOUS
100
AcDbLine
 10
137.3938420000000065
 20
-122.1403219999999976
 30
0
 11
137.6938419999999894
 21
-122.1403219999999976
 31
0
  0
LINE
  5
7AE
330
1A
100
AcDbEntity
  8
BLACK
  6
CONTINUOUS
100
AcDbLine
 10
138.9740929999999821
 20
-122.4420069999999896
 30
0
 11
138.9740929999999821
 21
-122.742007000000001
 31
0
  0
LINE
  5
7AF
330
1A
100
AcDbEntity
  8
BLACK
  6
CONTINUOUS
100
AcDbLine
 10
138.8240930000000048
 20
-122.5920069999999953
 30
0
 11
139.1240929999999878
 21
-122.5920069999999953
 31
0
  0
LINE
  5
7B0
330
1A
100
AcDbEntity
  8
BLACK
  6
CONTINUOUS
100
AcDbLine
 10
140.4229019999999934
 20
-122.8300769999999886
 30
0
 11
140.4229019999999934
 21
-123.130077
 31
0
  0
LINE
  5
7B1
330
1A
100
AcDbEntity
  8
BLACK
  6
CONTINUOUS
100
AcDbLine
 10
140.2729019999999878
 20
-122.9800769999999943
 30
0
 11
140.5729019999999991
 21
-122.9800769999999943
 31
0
  0
LINE
  5
7B2
330
1A
100
AcDbEntity
  8
BLACK
  6
CONTINUOUS
100
AcDbLine
 10
141.8874319999999898
 20
-123.1537779999999884
 30
0
 11
141.8874319999999898
 21
-123.4537779999999998
 31
0
  0
LINE
  5
7B3
330
1A
100
AcDbEntity
  8
BLACK
  6
CONTINUOUS
100
AcDbLine
 10
141.7374319999999841
 20
-123.3037779999999941
 30
0
 11
142.0374319999999955
 21
-123.3037779999999941
 31
0
  0
LINE
  5
7B4
330
1A
100
AcDbEntity
  8
BLACK
  6
CONTINUOUS
100
AcDbLine
 10
143.3648299999999836
 20
-123.412477999999993
 30
0
 11
143.3648299999999836
 21
-123.7124779999999902
 31
0
  0
LINE
  5
7B5
330
1A
100
AcDbEntity
  8
BLACK
  6
CONTINUOUS
100
AcDbLine
 10
143.2148300000000063
 20
-123.5624779999999987
 30
0
 11
143.5148299999999892
 21
-123.5624779999999987
 31
0
  0
LINE
  5
7B6
330
1A
100
AcDbEntity
  8
BLACK
  6
CONTINUOUS
100
AcDbLine
 10
144.8522140000000036
 20
-123.605671000000001
 30
0
 11
144.8522140000000036
 21
-123.9056709999999981
 31
0
  0
LINE
  5
7B7
330
1A
100
AcDbEntity
  8
BLACK
  6
CONTINUOUS
100
AcDbLine
 10
144.7022139999999979
 20
-123.7556709999999924
 30
0
 11
145.0022139999999808
 21
-123.7556709999999924
 31
0
  0
LINE
  5
7B8
330
1A
100
AcDbEntity
  8
BLACK
  6
CONTINUOUS
100
AcDbLine
 10
152.1085999999999956
 20
-123.6056999999999988
 30
0
 11
152.1085999999999956
 21
-123.905699999999996
 31
0
  0
LINE
  5
7B9
330
1A
100
AcDbEntity
  8
BLACK
  6
CONTINUOUS
100
AcDbLine
 10
151.9585999999999899
 20
-123.7556999999999903
 30
0
 11
152.2586000000000013
 21
-123.7556999999999903
 31
0
  0
LINE
  5
7BA
330
1A
100
AcDbEntity
  8
BLACK
  6
CONTINUOUS
100
AcDbLine
 10
153.5959839999999872
 20
-123.4125069999999909
 30
0
 11
153.5959839999999872
 21
-123.712506999999988
 31
0
  0
LINE
  5
7BB
330
1A
100
AcDbEntity
  8
BLACK
  6
CONTINUOUS
100
AcDbLine
 10
153.4459839999999815
 20
-123.5625069999999965
 30
0
 11
153.7459839999999929
 21
-123.5625069999999965
 31
0
  0
LINE
  5
7BC
330
1A
100
AcDbEntity
  8
BLACK
  6
CONTINUOUS
100
AcDbLine
 10
155.073381999999981
 20
-123.1538070000000005
 30
0
 11
155.073381999999981
 21
-123.4538069999999976
 31
0
  0
LINE
  5
7BD
330
1A
100
AcDbEntity
  8
BLACK
  6
CONTINUOUS
100
AcDbLine
 10
154.9233820000000037
 20
-123.3038069999999919
 30
0
 11
155.2233819999999866
 21
-123.3038069999999919
 31
0
  0
LINE
  5
7BE
330
1A
100
AcDbEntity
  8
BLACK
  6
CONTINUOUS
100
AcDbLine
 10
156.5379120000000057
 20
-122.8301060000000007
 30
0
 11
156.5379120000000057
 21
-123.1301059999999978
 31
0
  0
LINE
  5
7BF
330
1A
100
AcDbEntity
  8
BLACK
  6
CONTINUOUS
100
AcDbLine
 10
156.387912
 20
-122.9801059999999922
 30
0
 11
156.687911999999983
 21
-122.9801059999999922
 31
0
  0
LINE
  5
7C0
330
1A
100
AcDbEntity
  8
BLACK
  6
CONTINUOUS
100
AcDbLine
 10
157.9867209999999886
 20
-122.4420359999999874
 30
0
 11
157.9867209999999886
 21
-122.7420359999999988
 31
0
  0
LINE
  5
7C1
330
1A
100
AcDbEntity
  8
BLACK
  6
CONTINUOUS
100
AcDbLine
 10
157.836720999999983
 20
-122.5920359999999931
 30
0
 11
158.1367209999999943
 21
-122.5920359999999931
 31
0
  0
LINE
  5
7C2
330
1A
100
AcDbEntity
  8
BLACK
  6
CONTINUOUS
100
AcDbLine
 10
159.416971999999987
 20
-121.9903509999999898
 30
0
 11
159.416971999999987
 21
-122.2903510000000011
 31
0
  0
LINE
  5
7C3
330
1A
100
AcDbEntity
  8
BLACK
  6
CONTINUOUS
100
AcDbLine
 10
159.2669719999999813
 20
-122.1403509999999955
 30
0
 11
159.5669719999999927
 21
-122.1403509999999955
 31
0
  0
LINE
  5
7C4
330
1A
100
AcDbEntity
  8
BLACK
  6
CONTINUOUS
100
AcDbLine
 10
160.8258730000000014
 20
-121.4759399999999943
 30
0
 11
160.8258730000000014
 21
-121.7759399999999914
 31
0
  0
LINE
  5
7C5
330
1A
100
AcDbEntity
  8
BLACK
  6
CONTINUOUS
100
AcDbLine
 10
160.6758729999999957
 20
-121.6259399999999999
 30
0
 11
160.9758729999999787
 21
-121.6259399999999999
 31
0
  0
LINE
  5
7C6
330
1A
100
AcDbEntity
  8
BLACK
  6
CONTINUOUS
100
AcDbLine
 10
162.2106829999999889
 20
-120.8997990000000016
 30
0
 11
162.2106829999999889
 21
-121.1997989999999987
 31
0
  0
LINE
  5
7C7
330
1A
100
AcDbEntity
  8
BLACK
  6
CONTINUOUS
100
AcDbLine
 10
162.0606829999999832
 20
-121.049798999999993
 30
0
 11
162.3606829999999945
 21
-121.049798999999993
 31
0
  0
LINE
  5
7C8
330
1A
100
AcDbEntity
  8
BLACK
  6
CONTINUOUS
100
AcDbLine
 10
162.4304139999999848
 20
-116.5423339999999968
 30
0
 11
162.4304139999999848
 21
-116.8423339999999939
 31
0
  0
LINE
  5
7C9
330
1A
100
AcDbEntity
  8
BLACK
  6
CONTINUOUS
100
AcDbLine
 10
162.2804139999999791
 20
-116.6923339999999882
 30
0
 11
162.5804139999999904
 21
-116.6923339999999882
 31
0
  0
LINE
  5
7CA
330
1A
100
AcDbEntity
  8
BLACK
  6
CONTINUOUS
100
AcDbLine
 10
162.4304139999999848
 20
-118.0423359999999917
 30
0
 11
162.4304139999999848
 21
-118.3423359999999889
 31
0
  0
LINE
  5
7CB
330
1A
100
AcDbEntity
  8
BLACK
  6
CONTINUOUS
100
AcDbLine
 10
162.2804139999999791
 20
-118.1923359999999974
 30
0
 11
162.5804139999999904
 21
-118.1923359999999974
 31
0
  0
LINE
  5
7CC
330
1A
100
AcDbEntity
  8
BLACK
  6
CONTINUOUS
100
AcDbLine
 10
162.4304139999999848
 20
-119.5423380000000009
 30
0
 11
162.4304139999999848
 21
-119.842337999999998
 31
0
  0
LINE
  5
7CD
330
1A
100
AcDbEntity
  8
BLACK
  6
CONTINUOUS
100
AcDbLine
 10
162.2804139999999791
 20
-119.6923379999999923
 30
0
 11
162.5804139999999904
 21
-119.6923379999999923
 31
0
  0
LINE
  5
7CE
330
1A
100
AcDbEntity
  8
BLACK
  6
CONTINUOUS
100
AcDbLine
 10
162.8649999999999807
 20
-115.1398439999999965
 30
0
 11
162.8649999999999807
 21
-115.4398439999999937
 31
0
  0
LINE
  5
7CF
330
1A
100
AcDbEntity
  8
BLACK
  6
CONTINUOUS
100
AcDbLine
 10
162.7150000000000034
 20
-115.289843999999988
 30
0
 11
163.0149999999999864
 21
-115.289843999999988
 31
0
  0
LINE
  5
7D0
330
1A
100
AcDbEntity
  8
BLACK
  6
CONTINUOUS
100
AcDbLine
 10
163.5999999999999943
 20
-48.8999999999999986
 30
0
 11
163.5999999999999943
 21
-49.1999999999999957
 31
0
  0
LINE
  5
7D1
330
1A
100
AcDbEntity
  8
BLACK
  6
CONTINUOUS
100
AcDbLine
 10
163.4499999999999886
 20
-49.0499999999999972
 30
0
 11
163.75
 21
-49.0499999999999972
 31
0
  0
LINE
  5
7D2
330
1A
100
AcDbEntity
  8
BLACK
  6
CONTINUOUS
100
AcDbLine
 10
163.5999999999999943
 20
-50.3999999999999986
 30
0
 11
163.5999999999999943
 21
-50.6999999999999957
 31
0
  0
LINE
  5
7D3
330
1A
100
AcDbEntity
  8
BLACK
  6
CONTINUOUS
100
AcDbLine
 10
163.4499999999999886
 20
-50.5499999999999972
 30
0
 11
163.75
 21
-50.5499999999999972
 31
0
  0
LINE
  5
7D4
330
1A
100
AcDbEntity
  8
BLACK
  6
CONTINUOUS
100
AcDbLine
 10
163.5999999999999943
 20
-51.8999999999999986
 30
0
 11
163.5999999999999943
 21
-52.1999999999999957
 31
0
  0
LINE
  5
7D5
330
1A
100
AcDbEntity
  8
BLACK
  6
CONTINUOUS
100
AcDbLine
 10
163.4499999999999886
 20
-52.0499999999999972
 30
0
 11
163.75
 21
-52.0499999999999972
 31
0
  0
LINE
  5
7D6
330
1A
100
AcDbEntity
  8
BLACK
  6
CONTINUOUS
100
AcDbLine
 10
163.5999999999999943
 20
-53.3999999999999986
 30
0
 11
163.5999999999999943
 21
-53.6999999999999957
 31
0
  0
LINE
  5
7D7
330
1A
100
AcDbEntity
  8
BLACK
  6
CONTINUOUS
100
AcDbLine
 10
163.4499999999999886
 20
-53.5499999999999972
 30
0
 11
163.75
 21
-53.5499999999999972
 31
0
  0
LINE
  5
7D8
330
1A
100
AcDbEntity
  8
BLACK
  6
CONTINUOUS
100
AcDbLine
 10
163.5999999999999943
 20
-54.8999999999999986
 30
0
 11
163.5999999999999943
 21
-55.1999999999999957
 31
0
  0
LINE
  5
7D9
330
1A
100
AcDbEntity
  8
BLACK
  6
CONTINUOUS
100
AcDbLine
 10
163.4499999999999886
 20
-55.0499999999999972
 30
0
 11
163.75
 21
-55.0499999999999972
 31
0
  0
LINE
  5
7DA
330
1A
100
AcDbEntity
  8
BLACK
  6
CONTINUOUS
100
AcDbLine
 10
163.5999999999999943
 20
-56.3999999999999986
 30
0
 11
163.5999999999999943
 21
-56.6999999999999957
 31
0
  0
LINE
  5
7DB
330
1A
100
AcDbEntity
  8
BLACK
  6
CONTINUOUS
100
AcDbLine
 10
163.4499999999999886
 20
-56.5499999999999972
 30
0
 11
163.75
 21
-56.5499999999999972
 31
0
  0
LINE
  5
7DC
330
1A
100
AcDbEntity
  8
BLACK
  6
CONTINUOUS
100
AcDbLine
 10
164.0607090000000028
 20
-114.2500629999999973
 30
0
 11
164.0607090000000028
 21
-114.5500629999999944
 31
0
  0
LINE
  5
7DD
330
1A
100
AcDbEntity
  8
BLACK
  6
CONTINUOUS
100
AcDbLine
 10
163.9107089999999971
 20
-114.4000629999999887
 30
0
 11
164.2107089999999801
 21
-114.4000629999999887
 31
0
  0
LINE
  5
7DE
330
1A
100
AcDbEntity
  8
BLACK
  6
CONTINUOUS
100
AcDbLine
 10
164.1757609999999943
 20
-59.757563999999995
 30
0
 11
164.1757609999999943
 21
-60.0575639999999993
 31
0
  0
LINE
  5
7DF
330
1A
100
AcDbEntity
  8
BLACK
  6
CONTINUOUS
100
AcDbLine
 10
164.0257609999999886
 20
-59.9075640000000007
 30
0
 11
164.325761
 21
-59.9075640000000007
 31
0
  0
LINE
  5
7E0
330
1A
100
AcDbEntity
  8
BLACK
  6
CONTINUOUS
100
AcDbLine
 10
165.3034799999999791
 20
-113.4104090000000014
 30
0
 11
165.3034799999999791
 21
-113.7104089999999985
 31
0
  0
LINE
  5
7E1
330
1A
100
AcDbEntity
  8
BLACK
  6
CONTINUOUS
100
AcDbLine
 10
165.1534800000000018
 20
-113.5604089999999928
 30
0
 11
165.4534799999999848
 21
-113.5604089999999928
 31
0
  0
LINE
  5
7E2
330
1A
100
AcDbEntity
  8
BLACK
  6
CONTINUOUS
100
AcDbLine
 10
165.490444999999994
 20
-60.479531999999999
 30
0
 11
165.490444999999994
 21
-60.7795319999999961
 31
0
  0
LINE
  5
7E3
330
1A
100
AcDbEntity
  8
BLACK
  6
CONTINUOUS
100
AcDbLine
 10
165.3404449999999883
 20
-60.6295319999999975
 30
0
 11
165.6404449999999997
 21
-60.6295319999999975
 31
0
  0
LINE
  5
7E4
330
1A
100
AcDbEntity
  8
BLACK
  6
CONTINUOUS
100
AcDbLine
 10
166.5010969999999872
 20
-112.5075189999999878
 30
0
 11
166.5010969999999872
 21
-112.8075189999999992
 31
0
  0
LINE
  5
7E5
330
1A
100
AcDbEntity
  8
BLACK
  6
CONTINUOUS
100
AcDbLine
 10
166.3510969999999816
 20
-112.6575189999999935
 30
0
 11
166.6510969999999929
 21
-112.6575189999999935
 31
0
  0
LINE
  5
7E6
330
1A
100
AcDbEntity
  8
BLACK
  6
CONTINUOUS
100
AcDbLine
 10
166.7719589999999812
 20
-61.2588599999999985
 30
0
 11
166.7719589999999812
 21
-61.5588599999999957
 31
0
  0
LINE
  5
7E7
330
1A
100
AcDbEntity
  8
BLACK
  6
CONTINUOUS
100
AcDbLine
 10
166.6219590000000039
 20
-61.4088599999999971
 30
0
 11
166.9219589999999869
 21
-61.4088599999999971
 31
0
  0
LINE
  5
7E8
330
1A
100
AcDbEntity
  8
BLACK
  6
CONTINUOUS
100
AcDbLine
 10
167.6503439999999898
 20
-111.5438159999999925
 30
0
 11
167.6503439999999898
 21
-111.8438159999999897
 31
0
  0
LINE
  5
7E9
330
1A
100
AcDbEntity
  8
BLACK
  6
CONTINUOUS
100
AcDbLine
 10
167.5003439999999841
 20
-111.6938159999999982
 30
0
 11
167.8003439999999955
 21
-111.6938159999999982
 31
0
  0
LINE
  5
7EA
330
1A
100
AcDbEntity
  8
BLACK
  6
CONTINUOUS
100
AcDbLine
 10
168.0177970000000016
 20
-62.0940379999999976
 30
0
 11
168.0177970000000016
 21
-62.3940379999999948
 31
0
  0
LINE
  5
7EB
330
1A
100
AcDbEntity
  8
BLACK
  6
CONTINUOUS
100
AcDbLine
 10
167.8677969999999959
 20
-62.2440379999999962
 30
0
 11
168.1677969999999789
 21
-62.2440379999999962
 31
0
  0
LINE
  5
7EC
330
1A
100
AcDbEntity
  8
BLACK
  6
CONTINUOUS
100
AcDbLine
 10
168.7481420000000014
 20
-110.5218869999999924
 30
0
 11
168.7481420000000014
 21
-110.8218869999999896
 31
0
  0
LINE
  5
7ED
330
1A
100
AcDbEntity
  8
BLACK
  6
CONTINUOUS
100
AcDbLine
 10
168.5981419999999957
 20
-110.6718869999999981
 30
0
 11
168.8981419999999787
 21
-110.6718869999999981
 31
0
  0
LINE
  5
7EE
330
1A
100
AcDbEntity
  8
BLACK
  6
CONTINUOUS
100
AcDbLine
 10
169.1319829999999911
 20
-62.9132299999999987
 30
0
 11
169.1319829999999911
 21
-63.2132299999999958
 31
0
  0
LINE
  5
7EF
330
1A
100
AcDbEntity
  8
BLACK
  6
CONTINUOUS
100
AcDbLine
 10
168.9819829999999854
 20
-63.0632299999999972
 30
0
 11
169.2819829999999968
 21
-63.0632299999999972
 31
0
  0
LINE
  5
7F0
330
1A
100
AcDbEntity
  8
BLACK
  6
CONTINUOUS
100
AcDbLine
 10
169.7915409999999952
 20
-109.444470999999993
 30
0
 11
169.7915409999999952
 21
-109.7444709999999901
 31
0
  0
LINE
  5
7F1
330
1A
100
AcDbEntity
  8
BLACK
  6
CONTINUOUS
100
AcDbLine
 10
169.6415409999999895
 20
-109.5944709999999986
 30
0
 11
169.9415410000000008
 21
-109.5944709999999986
 31
0
  0
LINE
  5
7F2
330
1A
100
AcDbEntity
  8
BLACK
  6
CONTINUOUS
100
AcDbLine
 10
170.3023519999999849
 20
-63.8512409999999946
 30
0
 11
170.3023519999999849
 21
-64.1512409999999988
 31
0
  0
LINE
  5
7F3
330
1A
100
AcDbEntity
  8
BLACK
  6
CONTINUOUS
100
AcDbLine
 10
170.1523519999999792
 20
-64.0012409999999932
 30
0
 11
170.4523519999999905
 21
-64.0012409999999932
 31
0
  0
LINE
  5
7F4
330
1A
100
AcDbEntity
  8
BLACK
  6
CONTINUOUS
100
AcDbLine
 10
170.7777349999999785
 20
-108.3144709999999975
 30
0
 11
170.7777349999999785
 21
-108.6144709999999947
 31
0
  0
LINE
  5
7F5
330
1A
100
AcDbEntity
  8
BLACK
  6
CONTINUOUS
100
AcDbLine
 10
170.6277350000000013
 20
-108.464470999999989
 30
0
 11
170.9277349999999842
 21
-108.464470999999989
 31
0
  0
LINE
  5
7F6
330
1A
100
AcDbEntity
  8
BLACK
  6
CONTINUOUS
100
AcDbLine
 10
171.4301569999999799
 20
-64.8400239999999997
 30
0
 11
171.4301569999999799
 21
-65.1400239999999968
 31
0
  0
LINE
  5
7F7
330
1A
100
AcDbEntity
  8
BLACK
  6
CONTINUOUS
100
AcDbLine
 10
171.2801570000000027
 20
-64.9900239999999911
 30
0
 11
171.5801569999999856
 21
-64.9900239999999911
 31
0
  0
LINE
  5
7F8
330
1A
100
AcDbEntity
  8
BLACK
  6
CONTINUOUS
100
AcDbLine
 10
171.704088999999982
 20
-107.1349060000000009
 30
0
 11
171.704088999999982
 21
-107.434905999999998
 31
0
  0
LINE
  5
7F9
330
1A
100
AcDbEntity
  8
BLACK
  6
CONTINUOUS
100
AcDbLine
 10
171.5540890000000047
 20
-107.2849059999999923
 30
0
 11
171.8540889999999877
 21
-107.2849059999999923
 31
0
  0
LINE
  5
7FA
330
1A
100
AcDbEntity
  8
BLACK
  6
CONTINUOUS
100
AcDbLine
 10
172.5131859999999904
 20
-65.8776569999999992
 30
0
 11
172.5131859999999904
 21
-66.1776569999999964
 31
0
  0
LINE
  5
7FB
330
1A
100
AcDbEntity
  8
BLACK
  6
CONTINUOUS
100
AcDbLine
 10
172.3631859999999847
 20
-66.0276569999999907
 30
0
 11
172.6631859999999961
 21
-66.0276569999999907
 31
0
  0
LINE
  5
7FC
330
1A
100
AcDbEntity
  8
BLACK
  6
CONTINUOUS
100
AcDbLine
 10
172.5681040000000053
 20
-105.9089469999999977
 30
0
 11
172.5681040000000053
 21
-106.2089469999999949
 31
0
  0
LINE
  5
7FD
330
1A
100
AcDbEntity
  8
BLACK
  6
CONTINUOUS
100
AcDbLine
 10
172.4181039999999996
 20
-106.0589469999999892
 30
0
 11
172.7181039999999825
 21
-106.0589469999999892
 31
0
  0
LINE
  5
7FE
330
1A
100
AcDbEntity
  8
BLACK
  6
CONTINUOUS
100
AcDbLine
 10
173.3674689999999998
 20
-104.6398870000000016
 30
0
 11
173.3674689999999998
 21
-104.9398869999999988
 31
0
  0
LINE
  5
7FF
330
1A
100
AcDbEntity
  8
BLACK
  6
CONTINUOUS
100
AcDbLine
 10
173.2174689999999941
 20
-104.7898869999999931
 30
0
 11
173.5174690000000055
 21
-104.7898869999999931
 31
0
  0
LINE
  5
800
330
1A
100
AcDbEntity
  8
BLACK
  6
CONTINUOUS
100
AcDbLine
 10
173.5493280000000027
 20
-66.9621099999999956
 30
0
 11
173.5493280000000027
 21
-67.2621099999999927
 31
0
  0
LINE
  5
801
330
1A
100
AcDbEntity
  8
BLACK
  6
CONTINUOUS
100
AcDbLine
 10
173.399327999999997
 20
-67.1121100000000013
 30
0
 11
173.69932799999998
 21
-67.1121100000000013
 31
0
  0
LINE
  5
802
330
1A
100
AcDbEntity
  8
BLACK
  6
CONTINUOUS
100
AcDbLine
 10
174.1000349999999912
 20
-103.3311309999999992
 30
0
 11
174.1000349999999912
 21
-103.6311309999999963
 31
0
  0
LINE
  5
803
330
1A
100
AcDbEntity
  8
BLACK
  6
CONTINUOUS
100
AcDbLine
 10
173.9500349999999855
 20
-103.4811309999999906
 30
0
 11
174.2500349999999969
 21
-103.4811309999999906
 31
0
  0
LINE
  5
804
330
1A
100
AcDbEntity
  8
BLACK
  6
CONTINUOUS
100
AcDbLine
 10
174.5365549999999928
 20
-68.0912769999999909
 30
0
 11
174.5365549999999928
 21
-68.3912770000000023
 31
0
  0
LINE
  5
805
330
1A
100
AcDbEntity
  8
BLACK
  6
CONTINUOUS
100
AcDbLine
 10
174.3865549999999871
 20
-68.2412769999999966
 30
0
 11
174.6865549999999985
 21
-68.2412769999999966
 31
0
  0
LINE
  5
806
330
1A
100
AcDbEntity
  8
BLACK
  6
CONTINUOUS
100
AcDbLine
 10
174.7638389999999902
 20
-101.9861879999999985
 30
0
 11
174.7638389999999902
 21
-102.2861879999999957
 31
0
  0
LINE
  5
807
330
1A
100
AcDbEntity
  8
BLACK
  6
CONTINUOUS
100
AcDbLine
 10
174.6138389999999845
 20
-102.13618799999999
 30
0
 11
174.9138389999999958
 21
-102.13618799999999
 31
0
  0
LINE
  5
808
330
1A
100
AcDbEntity
  8
BLACK
  6
CONTINUOUS
100
AcDbLine
 10
175.3570959999999843
 20
-100.6086779999999976
 30
0
 11
175.3570959999999843
 21
-100.9086779999999948
 31
0
  0
LINE
  5
809
330
1A
100
AcDbEntity
  8
BLACK
  6
CONTINUOUS
100
AcDbLine
 10
175.2070959999999786
 20
-100.7586779999999891
 30
0
 11
175.50709599999999
 21
-100.7586779999999891
 31
0
  0
LINE
  5
80A
330
1A
100
AcDbEntity
  8
BLACK
  6
CONTINUOUS
100
AcDbLine
 10
175.4729499999999973
 20
-69.2629390000000029
 30
0
 11
175.4729499999999973
 21
-69.5629390000000001
 31
0
  0
LINE
  5
80B
330
1A
100
AcDbEntity
  8
BLACK
  6
CONTINUOUS
100
AcDbLine
 10
175.3229499999999916
 20
-69.4129389999999944
 30
0
 11
175.622950000000003
 21
-69.4129389999999944
 31
0
  0
LINE
  5
80C
330
1A
100
AcDbEntity
  8
BLACK
  6
CONTINUOUS
100
AcDbLine
 10
175.8782149999999831
 20
-99.2022879999999958
 30
0
 11
175.8782149999999831
 21
-99.502287999999993
 31
0
  0
LINE
  5
80D
330
1A
100
AcDbEntity
  8
BLACK
  6
CONTINUOUS
100
AcDbLine
 10
175.7282150000000058
 20
-99.3522880000000015
 30
0
 11
176.0282149999999888
 21
-99.3522880000000015
 31
0
  0
LINE
  5
80E
330
1A
100
AcDbEntity
  8
BLACK
  6
CONTINUOUS
100
AcDbLine
 10
176.3257969999999943
 20
-97.7707999999999942
 30
0
 11
176.3257969999999943
 21
-98.0707999999999913
 31
0
  0
LINE
  5
80F
330
1A
100
AcDbEntity
  8
BLACK
  6
CONTINUOUS
100
AcDbLine
 10
176.1757969999999887
 20
-97.9207999999999998
 30
0
 11
176.475797
 21
-97.9207999999999998
 31
0
  0
LINE
  5
810
330
1A
100
AcDbEntity
  8
BLACK
  6
CONTINUOUS
100
AcDbLine
 10
176.6986459999999965
 20
-96.318050999999997
 30
0
 11
176.6986459999999965
 21
-96.6180509999999941
 31
0
  0
LINE
  5
811
330
1A
100
AcDbEntity
  8
BLACK
  6
CONTINUOUS
100
AcDbLine
 10
176.5486459999999909
 20
-96.4680510000000027
 30
0
 11
176.8486460000000022
 21
-96.4680510000000027
 31
0
  0
LINE
  5
812
330
1A
100
AcDbEntity
  8
BLACK
  6
CONTINUOUS
100
AcDbLine
 10
176.9957499999999868
 20
-94.8479370000000017
 30
0
 11
176.9957499999999868
 21
-95.1479369999999989
 31
0
  0
LINE
  5
813
330
1A
100
AcDbEntity
  8
BLACK
  6
CONTINUOUS
100
AcDbLine
 10
176.8457499999999811
 20
-94.9979369999999932
 30
0
 11
177.1457499999999925
 21
-94.9979369999999932
 31
0
  0
LINE
  5
814
330
1A
100
AcDbEntity
  8
BLACK
  6
CONTINUOUS
100
AcDbLine
 10
177.2163199999999961
 20
-93.364412999999999
 30
0
 11
177.2163199999999961
 21
-93.6644129999999961
 31
0
  0
LINE
  5
815
330
1A
100
AcDbEntity
  8
BLACK
  6
CONTINUOUS
100
AcDbLine
 10
177.0663199999999904
 20
-93.5144129999999905
 30
0
 11
177.3663200000000018
 21
-93.5144129999999905
 31
0
  0
LINE
  5
816
330
1A
100
AcDbEntity
  8
BLACK
  6
CONTINUOUS
100
AcDbLine
 10
177.3597649999999817
 20
-91.8714559999999949
 30
0
 11
177.3597649999999817
 21
-92.1714559999999921
 31
0
  0
LINE
  5
817
330
1A
100
AcDbEntity
  8
BLACK
  6
CONTINUOUS
100
AcDbLine
 10
177.2097650000000044
 20
-92.0214560000000006
 30
0
 11
177.5097649999999874
 21
-92.0214560000000006
 31
0
  0
LINE
  5
818
330
1A
100
AcDbEntity
  8
BLACK
  6
CONTINUOUS
100
AcDbLine
 10
177.425785999999988
 20
-90.373075
 30
0
 11
177.425785999999988
 21
-90.6730749999999972
 31
0
  0
LINE
  5
819
330
1A
100
AcDbEntity
  8
BLACK
  6
CONTINUOUS
100
AcDbLine
 10
177.2757859999999823
 20
-90.5230749999999915
 30
0
 11
177.5757859999999937
 21
-90.5230749999999915
 31
0
  0
LINE
  5
81A
330
1A
100
AcDbEntity
  8
BLACK
  6
CONTINUOUS
100
AcDbLine
 10
177.9887530000000027
 20
-89.0186530000000005
 30
0
 11
177.9887530000000027
 21
-89.3186529999999976
 31
0
  0
LINE
  5
81B
330
1A
100
AcDbEntity
  8
BLACK
  6
CONTINUOUS
100
AcDbLine
 10
177.838752999999997
 20
-89.1686529999999919
 30
0
 11
178.1387529999999799
 21
-89.1686529999999919
 31
0
  0
LINE
  5
81C
330
1A
100
AcDbEntity
  8
BLACK
  6
CONTINUOUS
100
AcDbLine
 10
179.2387479999999869
 20
-88.1998660000000001
 30
0
 11
179.2387479999999869
 21
-88.4998659999999973
 31
0
  0
LINE
  5
81D
330
1A
100
AcDbEntity
  8
BLACK
  6
CONTINUOUS
100
AcDbLine
 10
179.0887479999999812
 20
-88.3498659999999916
 30
0
 11
179.3887479999999925
 21
-88.3498659999999916
 31
0
  0
LINE
  5
81E
330
1A
100
AcDbEntity
  8
BLACK
  6
CONTINUOUS
100
AcDbLine
 10
179.8156779999999912
 20
-76.7847659999999905
 30
0
 11
179.8156779999999912
 21
-77.0847660000000019
 31
0
  0
LINE
  5
81F
330
1A
100
AcDbEntity
  8
BLACK
  6
CONTINUOUS
100
AcDbLine
 10
179.6656779999999856
 20
-76.9347659999999962
 30
0
 11
179.9656779999999969
 21
-76.9347659999999962
 31
0
  0
LINE
  5
820
330
1A
100
AcDbEntity
  8
BLACK
  6
CONTINUOUS
100
AcDbLine
 10
180.3621709999999894
 20
-78.1815399999999983
 30
0
 11
180.3621709999999894
 21
-78.4815399999999954
 31
0
  0
LINE
  5
821
330
1A
100
AcDbEntity
  8
BLACK
  6
CONTINUOUS
100
AcDbLine
 10
180.2121709999999837
 20
-78.3315399999999897
 30
0
 11
180.512170999999995
 21
-78.3315399999999897
 31
0
  0
LINE
  5
822
330
1A
100
AcDbEntity
  8
BLACK
  6
CONTINUOUS
100
AcDbLine
 10
180.5377890000000036
 20
-87.4498660000000001
 30
0
 11
180.5377890000000036
 21
-87.7498659999999973
 31
0
  0
LINE
  5
823
330
1A
100
AcDbEntity
  8
BLACK
  6
CONTINUOUS
100
AcDbLine
 10
180.3877889999999979
 20
-87.5998659999999916
 30
0
 11
180.6877889999999809
 21
-87.5998659999999916
 31
0
  0
LINE
  5
824
330
1A
100
AcDbEntity
  8
BLACK
  6
CONTINUOUS
100
AcDbLine
 10
180.8464439999999911
 20
-79.6010869999999926
 30
0
 11
180.8464439999999911
 21
-79.9010869999999898
 31
0
  0
LINE
  5
825
330
1A
100
AcDbEntity
  8
BLACK
  6
CONTINUOUS
100
AcDbLine
 10
180.6964439999999854
 20
-79.7510869999999983
 30
0
 11
180.9964439999999968
 21
-79.7510869999999983
 31
0
  0
LINE
  5
826
330
1A
100
AcDbEntity
  8
BLACK
  6
CONTINUOUS
100
AcDbLine
 10
181.2675370000000044
 20
-81.0406389999999988
 30
0
 11
181.2675370000000044
 21
-81.3406389999999959
 31
0
  0
LINE
  5
827
330
1A
100
AcDbEntity
  8
BLACK
  6
CONTINUOUS
100
AcDbLine
 10
181.1175369999999987
 20
-81.1906389999999902
 30
0
 11
181.4175369999999816
 21
-81.1906389999999902
 31
0
  0
LINE
  5
828
330
1A
100
AcDbEntity
  8
BLACK
  6
CONTINUOUS
100
AcDbLine
 10
181.6246399999999994
 20
-82.4973849999999942
 30
0
 11
181.6246399999999994
 21
-82.7973849999999914
 31
0
  0
LINE
  5
829
330
1A
100
AcDbEntity
  8
BLACK
  6
CONTINUOUS
100
AcDbLine
 10
181.4746399999999937
 20
-82.6473849999999999
 30
0
 11
181.7746400000000051
 21
-82.6473849999999999
 31
0
  0
LINE
  5
82A
330
1A
100
AcDbEntity
  8
BLACK
  6
CONTINUOUS
100
AcDbLine
 10
181.8368239999999787
 20
-86.6998660000000001
 30
0
 11
181.8368239999999787
 21
-86.9998659999999973
 31
0
  0
LINE
  5
82B
330
1A
100
AcDbEntity
  8
BLACK
  6
CONTINUOUS
100
AcDbLine
 10
181.6868240000000014
 20
-86.8498659999999916
 30
0
 11
181.9868239999999844
 21
-86.8498659999999916
 31
0
  0
LINE
  5
82C
330
1A
100
AcDbEntity
  8
BLACK
  6
CONTINUOUS
100
AcDbLine
 10
181.9170489999999916
 20
-83.9684839999999895
 30
0
 11
181.9170489999999916
 21
-84.2684840000000008
 31
0
  0
LINE
  5
82D
330
1A
100
AcDbEntity
  8
BLACK
  6
CONTINUOUS
100
AcDbLine
 10
181.7670489999999859
 20
-84.1184839999999951
 30
0
 11
182.0670489999999972
 21
-84.1184839999999951
 31
0
  0
LINE
  5
82E
330
1A
100
AcDbEntity
  8
BLACK
  6
CONTINUOUS
100
AcDbLine
 10
182.144204000000002
 20
-85.4510609999999957
 30
0
 11
182.144204000000002
 21
-85.7510609999999929
 31
0
  0
LINE
  5
82F
330
1A
100
AcDbEntity
  8
BLACK
  6
CONTINUOUS
100
AcDbLine
 10
181.9942039999999963
 20
-85.6010610000000014
 30
0
 11
182.2942039999999793
 21
-85.6010610000000014
 31
0
  0
LINE
  5
830
330
1A
100
AcDbEntity
  8
BLACK
  6
CONTINUOUS
100
AcDbLine
 10
118.6461439999999925
 20
-74.7980429999999927
 30
0
 11
118.6461439999999925
 21
-74.4444869999999952
 31
0
  0
LINE
  5
831
330
1A
100
AcDbEntity
  8
BLACK
  6
CONTINUOUS
100
AcDbLine
 10
118.6461439999999925
 20
-74.4444869999999952
 30
0
 11
118.292587999999995
 21
-74.4444869999999952
 31
0
  0
LINE
  5
832
330
1A
100
AcDbEntity
  8
BLACK
  6
CONTINUOUS
100
AcDbLine
 10
118.292587999999995
 20
-74.4444869999999952
 30
0
 11
118.292587999999995
 21
-74.7980429999999927
 31
0
  0
LINE
  5
833
330
1A
100
AcDbEntity
  8
BLACK
  6
CONTINUOUS
100
AcDbLine
 10
118.292587999999995
 20
-74.7980429999999927
 30
0
 11
118.6461439999999925
 21
-74.7980429999999927
 31
0
  0
LINE
  5
834
330
1A
100
AcDbEntity
  8
BLACK
  6
CONTINUOUS
100
AcDbLine
 10
119.7643659999999954
 20
-76.2553379999999947
 30
0
 11
119.7643659999999954
 21
-75.9017819999999972
 31
0
  0
LINE
  5
835
330
1A
100
AcDbEntity
  8
BLACK
  6
CONTINUOUS
100
AcDbLine
 10
119.7643659999999954
 20
-75.9017819999999972
 30
0
 11
119.4108099999999979
 21
-75.9017819999999972
 31
0
  0
LINE
  5
836
330
1A
100
AcDbEntity
  8
BLACK
  6
CONTINUOUS
100
AcDbLine
 10
119.4108099999999979
 20
-75.9017819999999972
 30
0
 11
119.4108099999999979
 21
-76.2553379999999947
 31
0
  0
LINE
  5
837
330
1A
100
AcDbEntity
  8
BLACK
  6
CONTINUOUS
100
AcDbLine
 10
119.4108099999999979
 20
-76.2553379999999947
 30
0
 11
119.7643659999999954
 21
-76.2553379999999947
 31
0
  0
LINE
  5
838
330
1A
100
AcDbEntity
  8
BLACK
  6
CONTINUOUS
100
AcDbLine
 10
120.343199999999996
 20
-71.8586549999999988
 30
0
 11
120.343199999999996
 21
-71.5050990000000013
 31
0
  0
LINE
  5
839
330
1A
100
AcDbEntity
  8
BLACK
  6
CONTINUOUS
100
AcDbLine
 10
120.343199999999996
 20
-71.5050990000000013
 30
0
 11
119.9896439999999984
 21
-71.5050990000000013
 31
0
  0
LINE
  5
83A
330
1A
100
AcDbEntity
  8
BLACK
  6
CONTINUOUS
100
AcDbLine
 10
119.9896439999999984
 20
-71.5050990000000013
 30
0
 11
119.9896439999999984
 21
-71.8586549999999988
 31
0
  0
LINE
  5
83B
330
1A
100
AcDbEntity
  8
BLACK
  6
CONTINUOUS
100
AcDbLine
 10
119.9896439999999984
 20
-71.8586549999999988
 30
0
 11
120.343199999999996
 21
-71.8586549999999988
 31
0
  0
LINE
  5
83C
330
1A
100
AcDbEntity
  8
BLACK
  6
CONTINUOUS
100
AcDbLine
 10
121.5855320000000006
 20
-76.4950989999999962
 30
0
 11
121.5855320000000006
 21
-76.1415429999999986
 31
0
  0
LINE
  5
83D
330
1A
100
AcDbEntity
  8
BLACK
  6
CONTINUOUS
100
AcDbLine
 10
121.5855320000000006
 20
-76.1415429999999986
 30
0
 11
121.2319759999999889
 21
-76.1415429999999986
 31
0
  0
LINE
  5
83E
330
1A
100
AcDbEntity
  8
BLACK
  6
CONTINUOUS
100
AcDbLine
 10
121.2319759999999889
 20
-76.1415429999999986
 30
0
 11
121.2319759999999889
 21
-76.4950989999999962
 31
0
  0
LINE
  5
83F
330
1A
100
AcDbEntity
  8
BLACK
  6
CONTINUOUS
100
AcDbLine
 10
121.2319759999999889
 20
-76.4950989999999962
 30
0
 11
121.5855320000000006
 21
-76.4950989999999962
 31
0
  0
LINE
  5
840
330
1A
100
AcDbEntity
  8
BLACK
  6
CONTINUOUS
100
AcDbLine
 10
122.1643660000000011
 20
-72.0984160000000003
 30
0
 11
122.1643660000000011
 21
-71.7448600000000027
 31
0
  0
LINE
  5
841
330
1A
100
AcDbEntity
  8
BLACK
  6
CONTINUOUS
100
AcDbLine
 10
122.1643660000000011
 20
-71.7448600000000027
 30
0
 11
121.8108099999999894
 21
-71.7448600000000027
 31
0
  0
LINE
  5
842
330
1A
100
AcDbEntity
  8
BLACK
  6
CONTINUOUS
100
AcDbLine
 10
121.8108099999999894
 20
-71.7448600000000027
 30
0
 11
121.8108099999999894
 21
-72.0984160000000003
 31
0
  0
LINE
  5
843
330
1A
100
AcDbEntity
  8
BLACK
  6
CONTINUOUS
100
AcDbLine
 10
121.8108099999999894
 20
-72.0984160000000003
 30
0
 11
122.1643660000000011
 21
-72.0984160000000003
 31
0
  0
LINE
  5
844
330
1A
100
AcDbEntity
  8
BLACK
  6
CONTINUOUS
100
AcDbLine
 10
123.0428269999999884
 20
-75.3768769999999932
 30
0
 11
123.0428269999999884
 21
-75.0233209999999957
 31
0
  0
LINE
  5
845
330
1A
100
AcDbEntity
  8
BLACK
  6
CONTINUOUS
100
AcDbLine
 10
123.0428269999999884
 20
-75.0233209999999957
 30
0
 11
122.6892709999999909
 21
-75.0233209999999957
 31
0
  0
LINE
  5
846
330
1A
100
AcDbEntity
  8
BLACK
  6
CONTINUOUS
100
AcDbLine
 10
122.6892709999999909
 20
-75.0233209999999957
 30
0
 11
122.6892709999999909
 21
-75.3768769999999932
 31
0
  0
LINE
  5
847
330
1A
100
AcDbEntity
  8
BLACK
  6
CONTINUOUS
100
AcDbLine
 10
122.6892709999999909
 20
-75.3768769999999932
 30
0
 11
123.0428269999999884
 21
-75.3768769999999932
 31
0
  0
LINE
  5
848
330
1A
100
AcDbEntity
  8
BLACK
  6
CONTINUOUS
100
AcDbLine
 10
123.2825879999999898
 20
-73.5557110000000023
 30
0
 11
123.2825879999999898
 21
-73.2021549999999905
 31
0
  0
LINE
  5
849
330
1A
100
AcDbEntity
  8
BLACK
  6
CONTINUOUS
100
AcDbLine
 10
123.2825879999999898
 20
-73.2021549999999905
 30
0
 11
122.9290319999999923
 21
-73.2021549999999905
 31
0
  0
LINE
  5
84A
330
1A
100
AcDbEntity
  8
BLACK
  6
CONTINUOUS
100
AcDbLine
 10
122.9290319999999923
 20
-73.2021549999999905
 30
0
 11
122.9290319999999923
 21
-73.5557110000000023
 31
0
  0
LINE
  5
84B
330
1A
100
AcDbEntity
  8
BLACK
  6
CONTINUOUS
100
AcDbLine
 10
122.9290319999999923
 20
-73.5557110000000023
 30
0
 11
123.2825879999999898
 21
-73.5557110000000023
 31
0
  0
LINE
  5
84C
330
1A
100
AcDbEntity
  8
BLACK
  6
CONTINUOUS
100
AcDbLine
 10
146.2771779999999922
 20
-122.1768779999999879
 30
0
 11
146.2771779999999922
 21
-121.8233219999999903
 31
0
  0
LINE
  5
84D
330
1A
100
AcDbEntity
  8
BLACK
  6
CONTINUOUS
100
AcDbLine
 10
146.2771779999999922
 20
-121.8233219999999903
 30
0
 11
145.9236219999999946
 21
-121.8233219999999903
 31
0
  0
LINE
  5
84E
330
1A
100
AcDbEntity
  8
BLACK
  6
CONTINUOUS
100
AcDbLine
 10
145.9236219999999946
 20
-121.8233219999999903
 30
0
 11
145.9236219999999946
 21
-122.1768779999999879
 31
0
  0
LINE
  5
84F
330
1A
100
AcDbEntity
  8
BLACK
  6
CONTINUOUS
100
AcDbLine
 10
145.9236219999999946
 20
-122.1768779999999879
 30
0
 11
146.2771779999999922
 21
-122.1768779999999879
 31
0
  0
LINE
  5
850
330
1A
100
AcDbEntity
  8
BLACK
  6
CONTINUOUS
100
AcDbLine
 10
146.9801219999999944
 20
-120.4798219999999986
 30
0
 11
146.9801219999999944
 21
-120.1262660000000011
 31
0
  0
LINE
  5
851
330
1A
100
AcDbEntity
  8
BLACK
  6
CONTINUOUS
100
AcDbLine
 10
146.9801219999999944
 20
-120.1262660000000011
 30
0
 11
146.6265659999999968
 21
-120.1262660000000011
 31
0
  0
LINE
  5
852
330
1A
100
AcDbEntity
  8
BLACK
  6
CONTINUOUS
100
AcDbLine
 10
146.6265659999999968
 20
-120.1262660000000011
 30
0
 11
146.6265659999999968
 21
-120.4798219999999986
 31
0
  0
LINE
  5
853
330
1A
100
AcDbEntity
  8
BLACK
  6
CONTINUOUS
100
AcDbLine
 10
146.6265659999999968
 20
-120.4798219999999986
 30
0
 11
146.9801219999999944
 21
-120.4798219999999986
 31
0
  0
LINE
  5
854
330
1A
100
AcDbEntity
  8
BLACK
  6
CONTINUOUS
100
AcDbLine
 10
146.9801219999999944
 20
-123.8739339999999913
 30
0
 11
146.9801219999999944
 21
-123.5203779999999938
 31
0
  0
LINE
  5
855
330
1A
100
AcDbEntity
  8
BLACK
  6
CONTINUOUS
100
AcDbLine
 10
146.9801219999999944
 20
-123.5203779999999938
 30
0
 11
146.6265659999999968
 21
-123.5203779999999938
 31
0
  0
LINE
  5
856
330
1A
100
AcDbEntity
  8
BLACK
  6
CONTINUOUS
100
AcDbLine
 10
146.6265659999999968
 20
-123.5203779999999938
 30
0
 11
146.6265659999999968
 21
-123.8739339999999913
 31
0
  0
LINE
  5
857
330
1A
100
AcDbEntity
  8
BLACK
  6
CONTINUOUS
100
AcDbLine
 10
146.6265659999999968
 20
-123.8739339999999913
 30
0
 11
146.9801219999999944
 21
-123.8739339999999913
 31
0
  0
LINE
  5
858
330
1A
100
AcDbEntity
  8
BLACK
  6
CONTINUOUS
100
AcDbLine
 10
148.6771779999999978
 20
-119.7768779999999964
 30
0
 11
148.6771779999999978
 21
-119.4233219999999989
 31
0
  0
LINE
  5
859
330
1A
100
AcDbEntity
  8
BLACK
  6
CONTINUOUS
100
AcDbLine
 10
148.6771779999999978
 20
-119.4233219999999989
 30
0
 11
148.3236220000000003
 21
-119.4233219999999989
 31
0
  0
LINE
  5
85A
330
1A
100
AcDbEntity
  8
BLACK
  6
CONTINUOUS
100
AcDbLine
 10
148.3236220000000003
 20
-119.4233219999999989
 30
0
 11
148.3236220000000003
 21
-119.7768779999999964
 31
0
  0
LINE
  5
85B
330
1A
100
AcDbEntity
  8
BLACK
  6
CONTINUOUS
100
AcDbLine
 10
148.3236220000000003
 20
-119.7768779999999964
 30
0
 11
148.6771779999999978
 21
-119.7768779999999964
 31
0
  0
LINE
  5
85C
330
1A
100
AcDbEntity
  8
BLACK
  6
CONTINUOUS
100
AcDbLine
 10
150.3742340000000013
 20
-120.4798219999999986
 30
0
 11
150.3742340000000013
 21
-120.1262660000000011
 31
0
  0
LINE
  5
85D
330
1A
100
AcDbEntity
  8
BLACK
  6
CONTINUOUS
100
AcDbLine
 10
150.3742340000000013
 20
-120.1262660000000011
 30
0
 11
150.0206780000000037
 21
-120.1262660000000011
 31
0
  0
LINE
  5
85E
330
1A
100
AcDbEntity
  8
BLACK
  6
CONTINUOUS
100
AcDbLine
 10
150.0206780000000037
 20
-120.1262660000000011
 30
0
 11
150.0206780000000037
 21
-120.4798219999999986
 31
0
  0
LINE
  5
85F
330
1A
100
AcDbEntity
  8
BLACK
  6
CONTINUOUS
100
AcDbLine
 10
150.0206780000000037
 20
-120.4798219999999986
 30
0
 11
150.3742340000000013
 21
-120.4798219999999986
 31
0
  0
LINE
  5
860
330
1A
100
AcDbEntity
  8
BLACK
  6
CONTINUOUS
100
AcDbLine
 10
150.3742340000000013
 20
-123.8739339999999913
 30
0
 11
150.3742340000000013
 21
-123.5203779999999938
 31
0
  0
LINE
  5
861
330
1A
100
AcDbEntity
  8
BLACK
  6
CONTINUOUS
100
AcDbLine
 10
150.3742340000000013
 20
-123.5203779999999938
 30
0
 11
150.0206780000000037
 21
-123.5203779999999938
 31
0
  0
LINE
  5
862
330
1A
100
AcDbEntity
  8
BLACK
  6
CONTINUOUS
100
AcDbLine
 10
150.0206780000000037
 20
-123.5203779999999938
 30
0
 11
150.0206780000000037
 21
-123.8739339999999913
 31
0
  0
LINE
  5
863
330
1A
100
AcDbEntity
  8
BLACK
  6
CONTINUOUS
100
AcDbLine
 10
150.0206780000000037
 20
-123.8739339999999913
 30
0
 11
150.3742340000000013
 21
-123.8739339999999913
 31
0
  0
LINE
  5
864
330
1A
100
AcDbEntity
  8
BLACK
  6
CONTINUOUS
100
AcDbLine
 10
151.0771780000000035
 20
-122.1768779999999879
 30
0
 11
151.0771780000000035
 21
-121.8233219999999903
 31
0
  0
LINE
  5
865
330
1A
100
AcDbEntity
  8
BLACK
  6
CONTINUOUS
100
AcDbLine
 10
151.0771780000000035
 20
-121.8233219999999903
 30
0
 11
150.723622000000006
 21
-121.8233219999999903
 31
0
  0
LINE
  5
866
330
1A
100
AcDbEntity
  8
BLACK
  6
CONTINUOUS
100
AcDbLine
 10
150.723622000000006
 20
-121.8233219999999903
 30
0
 11
150.723622000000006
 21
-122.1768779999999879
 31
0
  0
LINE
  5
867
330
1A
100
AcDbEntity
  8
BLACK
  6
CONTINUOUS
100
AcDbLine
 10
150.723622000000006
 20
-122.1768779999999879
 30
0
 11
151.0771780000000035
 21
-122.1768779999999879
 31
0
  0
LINE
  5
868
330
1A
100
AcDbEntity
  8
BLACK
  6
CONTINUOUS
100
AcDbLine
 10
174.0717669999999941
 20
-73.5557119999999998
 30
0
 11
174.0717669999999941
 21
-73.2021560000000022
 31
0
  0
LINE
  5
869
330
1A
100
AcDbEntity
  8
BLACK
  6
CONTINUOUS
100
AcDbLine
 10
174.0717669999999941
 20
-73.2021560000000022
 30
0
 11
173.7182109999999966
 21
-73.2021560000000022
 31
0
  0
LINE
  5
86A
330
1A
100
AcDbEntity
  8
BLACK
  6
CONTINUOUS
100
AcDbLine
 10
173.7182109999999966
 20
-73.2021560000000022
 30
0
 11
173.7182109999999966
 21
-73.5557119999999998
 31
0
  0
LINE
  5
86B
330
1A
100
AcDbEntity
  8
BLACK
  6
CONTINUOUS
100
AcDbLine
 10
173.7182109999999966
 20
-73.5557119999999998
 30
0
 11
174.0717669999999941
 21
-73.5557119999999998
 31
0
  0
LINE
  5
86C
330
1A
100
AcDbEntity
  8
BLACK
  6
CONTINUOUS
100
AcDbLine
 10
174.3115279999999814
 20
-75.3768779999999907
 30
0
 11
174.3115279999999814
 21
-75.0233219999999932
 31
0
  0
LINE
  5
86D
330
1A
100
AcDbEntity
  8
BLACK
  6
CONTINUOUS
100
AcDbLine
 10
174.3115279999999814
 20
-75.0233219999999932
 30
0
 11
173.9579719999999838
 21
-75.0233219999999932
 31
0
  0
LINE
  5
86E
330
1A
100
AcDbEntity
  8
BLACK
  6
CONTINUOUS
100
AcDbLine
 10
173.9579719999999838
 20
-75.0233219999999932
 30
0
 11
173.9579719999999838
 21
-75.3768779999999907
 31
0
  0
LINE
  5
86F
330
1A
100
AcDbEntity
  8
BLACK
  6
CONTINUOUS
100
AcDbLine
 10
173.9579719999999838
 20
-75.3768779999999907
 30
0
 11
174.3115279999999814
 21
-75.3768779999999907
 31
0
  0
LINE
  5
870
330
1A
100
AcDbEntity
  8
BLACK
  6
CONTINUOUS
100
AcDbLine
 10
175.1899889999999971
 20
-72.0984169999999978
 30
0
 11
175.1899889999999971
 21
-71.7448610000000002
 31
0
  0
LINE
  5
871
330
1A
100
AcDbEntity
  8
BLACK
  6
CONTINUOUS
100
AcDbLine
 10
175.1899889999999971
 20
-71.7448610000000002
 30
0
 11
174.8364329999999995
 21
-71.7448610000000002
 31
0
  0
LINE
  5
872
330
1A
100
AcDbEntity
  8
BLACK
  6
CONTINUOUS
100
AcDbLine
 10
174.8364329999999995
 20
-71.7448610000000002
 30
0
 11
174.8364329999999995
 21
-72.0984169999999978
 31
0
  0
LINE
  5
873
330
1A
100
AcDbEntity
  8
BLACK
  6
CONTINUOUS
100
AcDbLine
 10
174.8364329999999995
 20
-72.0984169999999978
 30
0
 11
175.1899889999999971
 21
-72.0984169999999978
 31
0
  0
LINE
  5
874
330
1A
100
AcDbEntity
  8
BLACK
  6
CONTINUOUS
100
AcDbLine
 10
175.7688229999999976
 20
-76.4950999999999937
 30
0
 11
175.7688229999999976
 21
-76.1415439999999961
 31
0
  0
LINE
  5
875
330
1A
100
AcDbEntity
  8
BLACK
  6
CONTINUOUS
100
AcDbLine
 10
175.7688229999999976
 20
-76.1415439999999961
 30
0
 11
175.4152670000000001
 21
-76.1415439999999961
 31
0
  0
LINE
  5
876
330
1A
100
AcDbEntity
  8
BLACK
  6
CONTINUOUS
100
AcDbLine
 10
175.4152670000000001
 20
-76.1415439999999961
 30
0
 11
175.4152670000000001
 21
-76.4950999999999937
 31
0
  0
LINE
  5
877
330
1A
100
AcDbEntity
  8
BLACK
  6
CONTINUOUS
100
AcDbLine
 10
175.4152670000000001
 20
-76.4950999999999937
 30
0
 11
175.7688229999999976
 21
-76.4950999999999937
 31
0
  0
LINE
  5
878
330
1A
100
AcDbEntity
  8
BLACK
  6
CONTINUOUS
100
AcDbLine
 10
177.0111550000000022
 20
-71.8586559999999963
 30
0
 11
177.0111550000000022
 21
-71.5050999999999988
 31
0
  0
LINE
  5
879
330
1A
100
AcDbEntity
  8
BLACK
  6
CONTINUOUS
100
AcDbLine
 10
177.0111550000000022
 20
-71.5050999999999988
 30
0
 11
176.6575990000000047
 21
-71.5050999999999988
 31
0
  0
LINE
  5
87A
330
1A
100
AcDbEntity
  8
BLACK
  6
CONTINUOUS
100
AcDbLine
 10
176.6575990000000047
 20
-71.5050999999999988
 30
0
 11
176.6575990000000047
 21
-71.8586559999999963
 31
0
  0
LINE
  5
87B
330
1A
100
AcDbEntity
  8
BLACK
  6
CONTINUOUS
100
AcDbLine
 10
176.6575990000000047
 20
-71.8586559999999963
 30
0
 11
177.0111550000000022
 21
-71.8586559999999963
 31
0
  0
LINE
  5
87C
330
1A
100
AcDbEntity
  8
BLACK
  6
CONTINUOUS
100
AcDbLine
 10
177.5899890000000028
 20
-76.2553389999999922
 30
0
 11
177.5899890000000028
 21
-75.9017829999999947
 31
0
  0
LINE
  5
87D
330
1A
100
AcDbEntity
  8
BLACK
  6
CONTINUOUS
100
AcDbLine
 10
177.5899890000000028
 20
-75.9017829999999947
 30
0
 11
177.2364330000000052
 21
-75.9017829999999947
 31
0
  0
LINE
  5
87E
330
1A
100
AcDbEntity
  8
BLACK
  6
CONTINUOUS
100
AcDbLine
 10
177.2364330000000052
 20
-75.9017829999999947
 30
0
 11
177.2364330000000052
 21
-76.2553389999999922
 31
0
  0
LINE
  5
87F
330
1A
100
AcDbEntity
  8
BLACK
  6
CONTINUOUS
100
AcDbLine
 10
177.2364330000000052
 20
-76.2553389999999922
 30
0
 11
177.5899890000000028
 21
-76.2553389999999922
 31
0
  0
LINE
  5
880
330
1A
100
AcDbEntity
  8
BLACK
  6
CONTINUOUS
100
AcDbLine
 10
178.7082110000000057
 20
-74.7980439999999902
 30
0
 11
178.7082110000000057
 21
-74.4444879999999927
 31
0
  0
LINE
  5
881
330
1A
100
AcDbEntity
  8
BLACK
  6
CONTINUOUS
100
AcDbLine
 10
178.7082110000000057
 20
-74.4444879999999927
 30
0
 11
178.3546549999999797
 21
-74.4444879999999927
 31
0
  0
LINE
  5
882
330
1A
100
AcDbEntity
  8
BLACK
  6
CONTINUOUS
100
AcDbLine
 10
178.3546549999999797
 20
-74.4444879999999927
 30
0
 11
178.3546549999999797
 21
-74.7980439999999902
 31
0
  0
LINE
  5
883
330
1A
100
AcDbEntity
  8
BLACK
  6
CONTINUOUS
100
AcDbLine
 10
178.3546549999999797
 20
-74.7980439999999902
 30
0
 11
178.7082110000000057
 21
-74.7980439999999902
 31
0
  0
LINE
  5
884
330
1A
100
AcDbEntity
  8
BLACK
  6
CONTINUOUS
100
AcDbLine
 10
133.5003999999999849
 20
-59.0501000000000005
 30
0
 11
133.8003999999999962
 21
-58.7500999999999962
 31
0
  0
LINE
  5
885
330
1A
100
AcDbEntity
  8
BLACK
  6
CONTINUOUS
100
AcDbLine
 10
133.8003999999999962
 20
-58.7500999999999962
 30
0
 11
133.5003999999999849
 21
-58.4500999999999991
 31
0
  0
LINE
  5
886
330
1A
100
AcDbEntity
  8
BLACK
  6
CONTINUOUS
100
AcDbLine
 10
133.5003999999999849
 20
-58.4500999999999991
 30
0
 11
133.2004000000000019
 21
-58.7500999999999962
 31
0
  0
LINE
  5
887
330
1A
100
AcDbEntity
  8
BLACK
  6
CONTINUOUS
100
AcDbLine
 10
133.2004000000000019
 20
-58.7500999999999962
 30
0
 11
133.5003999999999849
 21
-59.0501000000000005
 31
0
  0
LINE
  5
888
330
1A
100
AcDbEntity
  8
BLACK
  6
CONTINUOUS
100
AcDbLine
 10
133.8003999999999962
 20
-59.3001000000000005
 30
0
 11
133.8003999999999962
 21
-58.2000999999999991
 31
0
  0
ARC
  5
889
330
1A
100
AcDbEntity
  8
BLACK
100
AcDbCircle
 10
133.5003999999999849
 20
-58.2000999999999991
 30
0
 40
0.3
100
AcDbArc
 50
0.00000000
 51
180.00000000
  0
LINE
  5
88A
330
1A
100
AcDbEntity
  8
BLACK
  6
CONTINUOUS
100
AcDbLine
 10
133.2004000000000019
 20
-58.2000999999999991
 30
0
 11
133.2004000000000019
 21
-59.3001000000000005
 31
0
  0
ARC
  5
88B
330
1A
100
AcDbEntity
  8
BLACK
100
AcDbCircle
 10
133.5003999999999849
 20
-59.3001000000000005
 30
0
 40
0.3
100
AcDbArc
 50
180.00000000
 51
360.00000000
  0
LINE
  5
88C
330
1A
100
AcDbEntity
  8
BLACK
  6
CONTINUOUS
100
AcDbLine
 10
147.0003999999999849
 20
-59.0501000000000005
 30
0
 11
147.3003999999999962
 21
-58.7500999999999962
 31
0
  0
LINE
  5
88D
330
1A
100
AcDbEntity
  8
BLACK
  6
CONTINUOUS
100
AcDbLine
 10
147.3003999999999962
 20
-58.7500999999999962
 30
0
 11
147.0003999999999849
 21
-58.4500999999999991
 31
0
  0
LINE
  5
88E
330
1A
100
AcDbEntity
  8
BLACK
  6
CONTINUOUS
100
AcDbLine
 10
147.0003999999999849
 20
-58.4500999999999991
 30
0
 11
146.7004000000000019
 21
-58.7500999999999962
 31
0
  0
LINE
  5
88F
330
1A
100
AcDbEntity
  8
BLACK
  6
CONTINUOUS
100
AcDbLine
 10
146.7004000000000019
 20
-58.7500999999999962
 30
0
 11
147.0003999999999849
 21
-59.0501000000000005
 31
0
  0
LINE
  5
890
330
1A
100
AcDbEntity
  8
BLACK
  6
CONTINUOUS
100
AcDbLine
 10
147.3003999999999962
 20
-59.3001000000000005
 30
0
 11
147.3003999999999962
 21
-58.2000999999999991
 31
0
  0
ARC
  5
891
330
1A
100
AcDbEntity
  8
BLACK
100
AcDbCircle
 10
147.0003999999999849
 20
-58.2000999999999991
 30
0
 40
0.3
100
AcDbArc
 50
0.00000000
 51
180.00000000
  0
LINE
  5
892
330
1A
100
AcDbEntity
  8
BLACK
  6
CONTINUOUS
100
AcDbLine
 10
146.7004000000000019
 20
-58.2000999999999991
 30
0
 11
146.7004000000000019
 21
-59.3001000000000005
 31
0
  0
ARC
  5
893
330
1A
100
AcDbEntity
  8
BLACK
100
AcDbCircle
 10
147.0003999999999849
 20
-59.3001000000000005
 30
0
 40
0.3
100
AcDbArc
 50
180.00000000
 51
360.00000000
  0
LINE
  5
894
330
1A
100
AcDbEntity
  8
BLACK
  6
CONTINUOUS
100
AcDbLine
 10
150.0003999999999849
 20
-59.0501000000000005
 30
0
 11
150.3003999999999962
 21
-58.7500999999999962
 31
0
  0
LINE
  5
895
330
1A
100
AcDbEntity
  8
BLACK
  6
CONTINUOUS
100
AcDbLine
 10
150.3003999999999962
 20
-58.7500999999999962
 30
0
 11
150.0003999999999849
 21
-58.4500999999999991
 31
0
  0
LINE
  5
896
330
1A
100
AcDbEntity
  8
BLACK
  6
CONTINUOUS
100
AcDbLine
 10
150.0003999999999849
 20
-58.4500999999999991
 30
0
 11
149.7004000000000019
 21
-58.7500999999999962
 31
0
  0
LINE
  5
897
330
1A
100
AcDbEntity
  8
BLACK
  6
CONTINUOUS
100
AcDbLine
 10
149.7004000000000019
 20
-58.7500999999999962
 30
0
 11
150.0003999999999849
 21
-59.0501000000000005
 31
0
  0
LINE
  5
898
330
1A
100
AcDbEntity
  8
BLACK
  6
CONTINUOUS
100
AcDbLine
 10
150.3003999999999962
 20
-59.3001000000000005
 30
0
 11
150.3003999999999962
 21
-58.2000999999999991
 31
0
  0
ARC
  5
899
330
1A
100
AcDbEntity
  8
BLACK
100
AcDbCircle
 10
150.0003999999999849
 20
-58.2000999999999991
 30
0
 40
0.3
100
AcDbArc
 50
0.00000000
 51
180.00000000
  0
LINE
  5
89A
330
1A
100
AcDbEntity
  8
BLACK
  6
CONTINUOUS
100
AcDbLine
 10
149.7004000000000019
 20
-58.2000999999999991
 30
0
 11
149.7004000000000019
 21
-59.3001000000000005
 31
0
  0
ARC
  5
89B
330
1A
100
AcDbEntity
  8
BLACK
100
AcDbCircle
 10
150.0003999999999849
 20
-59.3001000000000005
 30
0
 40
0.3
100
AcDbArc
 50
180.00000000
 51
360.00000000
  0
LINE
  5
89C
330
1A
100
AcDbEntity
  8
BLACK
  6
CONTINUOUS
100
AcDbLine
 10
163.5003999999999849
 20
-59.0501000000000005
 30
0
 11
163.8003999999999962
 21
-58.7500999999999962
 31
0
  0
LINE
  5
89D
330
1A
100
AcDbEntity
  8
BLACK
  6
CONTINUOUS
100
AcDbLine
 10
163.8003999999999962
 20
-58.7500999999999962
 30
0
 11
163.5003999999999849
 21
-58.4500999999999991
 31
0
  0
LINE
  5
89E
330
1A
100
AcDbEntity
  8
BLACK
  6
CONTINUOUS
100
AcDbLine
 10
163.5003999999999849
 20
-58.4500999999999991
 30
0
 11
163.2004000000000019
 21
-58.7500999999999962
 31
0
  0
LINE
  5
89F
330
1A
100
AcDbEntity
  8
BLACK
  6
CONTINUOUS
100
AcDbLine
 10
163.2004000000000019
 20
-58.7500999999999962
 30
0
 11
163.5003999999999849
 21
-59.0501000000000005
 31
0
  0
LINE
  5
8A0
330
1A
100
AcDbEntity
  8
BLACK
  6
CONTINUOUS
100
AcDbLine
 10
163.8003999999999962
 20
-59.3001000000000005
 30
0
 11
163.8003999999999962
 21
-58.2000999999999991
 31
0
  0
ARC
  5
8A1
330
1A
100
AcDbEntity
  8
BLACK
100
AcDbCircle
 10
163.5003999999999849
 20
-58.2000999999999991
 30
0
 40
0.3
100
AcDbArc
 50
0.00000000
 51
180.00000000
  0
LINE
  5
8A2
330
1A
100
AcDbEntity
  8
BLACK
  6
CONTINUOUS
100
AcDbLine
 10
163.2004000000000019
 20
-58.2000999999999991
 30
0
 11
163.2004000000000019
 21
-59.3001000000000005
 31
0
  0
ARC
  5
8A3
330
1A
100
AcDbEntity
  8
BLACK
100
AcDbCircle
 10
163.5003999999999849
 20
-59.3001000000000005
 30
0
 40
0.3
100
AcDbArc
 50
180.00000000
 51
360.00000000
  0
LINE
  5
8A4
330
1A
100
AcDbEntity
  8
BLACK
  6
CONTINUOUS
100
AcDbLine
 10
148.0003999999999849
 20
-59.6350999999999942
 30
0
 11
149.0003999999999849
 21
-60.6350999999999942
 31
0
  0
LINE
  5
8A5
330
1A
100
AcDbEntity
  8
BLACK
  6
CONTINUOUS
100
AcDbLine
 10
149.0003999999999849
 20
-59.6350999999999942
 30
0
 11
148.0003999999999849
 21
-60.6350999999999942
 31
0
  0
CIRCLE
  5
8A6
330
1A
100
AcDbEntity
  8
BLACK
100
AcDbCircle
 10
148.5003999999999849
 20
-60.1350999999999942
 30
0
 40
0.5
  0
LINE
  5
8A7
330
1A
100
AcDbEntity
  8
BLACK
  6
CONTINUOUS
100
AcDbLine
 10
148.0003999999999849
 20
-62.1751000000000005
 30
0
 11
149.0003999999999849
 21
-63.1751000000000005
 31
0
  0
LINE
  5
8A8
330
1A
100
AcDbEntity
  8
BLACK
  6
CONTINUOUS
100
AcDbLine
 10
149.0003999999999849
 20
-62.1751000000000005
 30
0
 11
148.0003999999999849
 21
-63.1751000000000005
 31
0
  0
CIRCLE
  5
8A9
330
1A
100
AcDbEntity
  8
BLACK
100
AcDbCircle
 10
148.5003999999999849
 20
-62.6751000000000005
 30
0
 40
0.5
  0
LINE
  5
8AA
330
1A
100
AcDbEntity
  8
BLACK
  6
CONTINUOUS
100
AcDbLine
 10
148.0003999999999849
 20
-64.7150999999999925
 30
0
 11
149.0003999999999849
 21
-65.7150999999999925
 31
0
  0
LINE
  5
8AB
330
1A
100
AcDbEntity
  8
BLACK
  6
CONTINUOUS
100
AcDbLine
 10
149.0003999999999849
 20
-64.7150999999999925
 30
0
 11
148.0003999999999849
 21
-65.7150999999999925
 31
0
  0
CIRCLE
  5
8AC
330
1A
100
AcDbEntity
  8
BLACK
100
AcDbCircle
 10
148.5003999999999849
 20
-65.2150999999999925
 30
0
 40
0.5
  0
LINE
  5
8AD
330
1A
100
AcDbEntity
  8
BLACK
  6
CONTINUOUS
100
AcDbLine
 10
126.5003999999999991
 20
-68.3001000000000005
 30
0
 11
128.0003999999999849
 21
-69.8001000000000005
 31
0
  0
LINE
  5
8AE
330
1A
100
AcDbEntity
  8
BLACK
  6
CONTINUOUS
100
AcDbLine
 10
128.0003999999999849
 20
-68.3001000000000005
 30
0
 11
126.5003999999999991
 21
-69.8001000000000005
 31
0
  0
LINE
  5
8AF
330
1A
100
AcDbEntity
  8
BLACK
  6
CONTINUOUS
100
AcDbLine
 10
127.2503999999999991
 20
-68.3001000000000005
 30
0
 11
127.2503999999999991
 21
-69.8001000000000005
 31
0
  0
LINE
  5
8B0
330
1A
100
AcDbEntity
  8
BLACK
  6
CONTINUOUS
100
AcDbLine
 10
126.5003999999999991
 20
-69.0501000000000005
 30
0
 11
128.0003999999999849
 21
-69.0501000000000005
 31
0
  0
LINE
  5
8B1
330
1A
100
AcDbEntity
  8
BLACK
  6
CONTINUOUS
100
AcDbLine
 10
126.5003999999999991
 20
-72.6000999999999976
 30
0
 11
128.0003999999999849
 21
-74.1000999999999976
 31
0
  0
LINE
  5
8B2
330
1A
100
AcDbEntity
  8
BLACK
  6
CONTINUOUS
100
AcDbLine
 10
128.0003999999999849
 20
-72.6000999999999976
 30
0
 11
126.5003999999999991
 21
-74.1000999999999976
 31
0
  0
LINE
  5
8B3
330
1A
100
AcDbEntity
  8
BLACK
  6
CONTINUOUS
100
AcDbLine
 10
127.2503999999999991
 20
-72.6000999999999976
 30
0
 11
127.2503999999999991
 21
-74.1000999999999976
 31
0
  0
LINE
  5
8B4
330
1A
100
AcDbEntity
  8
BLACK
  6
CONTINUOUS
100
AcDbLine
 10
126.5003999999999991
 20
-73.3500999999999976
 30
0
 11
128.0003999999999849
 21
-73.3500999999999976
 31
0
  0
LINE
  5
8B5
330
1A
100
AcDbEntity
  8
BLACK
  6
CONTINUOUS
100
AcDbLine
 10
130.8003999999999962
 20
-68.3001000000000005
 30
0
 11
132.3003999999999962
 21
-69.8001000000000005
 31
0
  0
LINE
  5
8B6
330
1A
100
AcDbEntity
  8
BLACK
  6
CONTINUOUS
100
AcDbLine
 10
132.3003999999999962
 20
-68.3001000000000005
 30
0
 11
130.8003999999999962
 21
-69.8001000000000005
 31
0
  0
LINE
  5
8B7
330
1A
100
AcDbEntity
  8
BLACK
  6
CONTINUOUS
100
AcDbLine
 10
131.5503999999999962
 20
-68.3001000000000005
 30
0
 11
131.5503999999999962
 21
-69.8001000000000005
 31
0
  0
LINE
  5
8B8
330
1A
100
AcDbEntity
  8
BLACK
  6
CONTINUOUS
100
AcDbLine
 10
130.8003999999999962
 20
-69.0501000000000005
 30
0
 11
132.3003999999999962
 21
-69.0501000000000005
 31
0
  0
LINE
  5
8B9
330
1A
100
AcDbEntity
  8
BLACK
  6
CONTINUOUS
100
AcDbLine
 10
130.8003999999999962
 20
-72.6000999999999976
 30
0
 11
132.3003999999999962
 21
-74.1000999999999976
 31
0
  0
LINE
  5
8BA
330
1A
100
AcDbEntity
  8
BLACK
  6
CONTINUOUS
100
AcDbLine
 10
132.3003999999999962
 20
-72.6000999999999976
 30
0
 11
130.8003999999999962
 21
-74.1000999999999976
 31
0
  0
LINE
  5
8BB
330
1A
100
AcDbEntity
  8
BLACK
  6
CONTINUOUS
100
AcDbLine
 10
131.5503999999999962
 20
-72.6000999999999976
 30
0
 11
131.5503999999999962
 21
-74.1000999999999976
 31
0
  0
LINE
  5
8BC
330
1A
100
AcDbEntity
  8
BLACK
  6
CONTINUOUS
100
AcDbLine
 10
130.8003999999999962
 20
-73.3500999999999976
 30
0
 11
132.3003999999999962
 21
-73.3500999999999976
 31
0
  0
LINE
  5
8BD
330
1A
100
AcDbEntity
  8
BLACK
  6
CONTINUOUS
100
AcDbLine
 10
145.6004000000000076
 20
-68.3001000000000005
 30
0
 11
147.1003999999999792
 21
-69.8001000000000005
 31
0
  0
LINE
  5
8BE
330
1A
100
AcDbEntity
  8
BLACK
  6
CONTINUOUS
100
AcDbLine
 10
147.1003999999999792
 20
-68.3001000000000005
 30
0
 11
145.6004000000000076
 21
-69.8001000000000005
 31
0
  0
LINE
  5
8BF
330
1A
100
AcDbEntity
  8
BLACK
  6
CONTINUOUS
100
AcDbLine
 10
146.3503999999999792
 20
-68.3001000000000005
 30
0
 11
146.3503999999999792
 21
-69.8001000000000005
 31
0
  0
LINE
  5
8C0
330
1A
100
AcDbEntity
  8
BLACK
  6
CONTINUOUS
100
AcDbLine
 10
145.6004000000000076
 20
-69.0501000000000005
 30
0
 11
147.1003999999999792
 21
-69.0501000000000005
 31
0
  0
LINE
  5
8C1
330
1A
100
AcDbEntity
  8
BLACK
  6
CONTINUOUS
100
AcDbLine
 10
145.6004000000000076
 20
-72.6000999999999976
 30
0
 11
147.1003999999999792
 21
-74.1000999999999976
 31
0
  0
LINE
  5
8C2
330
1A
100
AcDbEntity
  8
BLACK
  6
CONTINUOUS
100
AcDbLine
 10
147.1003999999999792
 20
-72.6000999999999976
 30
0
 11
145.6004000000000076
 21
-74.1000999999999976
 31
0
  0
LINE
  5
8C3
330
1A
100
AcDbEntity
  8
BLACK
  6
CONTINUOUS
100
AcDbLine
 10
146.3503999999999792
 20
-72.6000999999999976
 30
0
 11
146.3503999999999792
 21
-74.1000999999999976
 31
0
  0
LINE
  5
8C4
330
1A
100
AcDbEntity
  8
BLACK
  6
CONTINUOUS
100
AcDbLine
 10
145.6004000000000076
 20
-73.3500999999999976
 30
0
 11
147.1003999999999792
 21
-73.3500999999999976
 31
0
  0
LINE
  5
8C5
330
1A
100
AcDbEntity
  8
BLACK
  6
CONTINUOUS
100
AcDbLine
 10
149.9003999999999905
 20
-68.3001000000000005
 30
0
 11
151.4003999999999905
 21
-69.8001000000000005
 31
0
  0
LINE
  5
8C6
330
1A
100
AcDbEntity
  8
BLACK
  6
CONTINUOUS
100
AcDbLine
 10
151.4003999999999905
 20
-68.3001000000000005
 30
0
 11
149.9003999999999905
 21
-69.8001000000000005
 31
0
  0
LINE
  5
8C7
330
1A
100
AcDbEntity
  8
BLACK
  6
CONTINUOUS
100
AcDbLine
 10
150.6503999999999905
 20
-68.3001000000000005
 30
0
 11
150.6503999999999905
 21
-69.8001000000000005
 31
0
  0
LINE
  5
8C8
330
1A
100
AcDbEntity
  8
BLACK
  6
CONTINUOUS
100
AcDbLine
 10
149.9003999999999905
 20
-69.0501000000000005
 30
0
 11
151.4003999999999905
 21
-69.0501000000000005
 31
0
  0
LINE
  5
8C9
330
1A
100
AcDbEntity
  8
BLACK
  6
CONTINUOUS
100
AcDbLine
 10
149.9003999999999905
 20
-72.6000999999999976
 30
0
 11
151.4003999999999905
 21
-74.1000999999999976
 31
0
  0
LINE
  5
8CA
330
1A
100
AcDbEntity
  8
BLACK
  6
CONTINUOUS
100
AcDbLine
 10
151.4003999999999905
 20
-72.6000999999999976
 30
0
 11
149.9003999999999905
 21
-74.1000999999999976
 31
0
  0
LINE
  5
8CB
330
1A
100
AcDbEntity
  8
BLACK
  6
CONTINUOUS
100
AcDbLine
 10
150.6503999999999905
 20
-72.6000999999999976
 30
0
 11
150.6503999999999905
 21
-74.1000999999999976
 31
0
  0
LINE
  5
8CC
330
1A
100
AcDbEntity
  8
BLACK
  6
CONTINUOUS
100
AcDbLine
 10
149.9003999999999905
 20
-73.3500999999999976
 30
0
 11
151.4003999999999905
 21
-73.3500999999999976
 31
0
  0
LINE
  5
8CD
330
1A
100
AcDbEntity
  8
BLACK
  6
CONTINUOUS
100
AcDbLine
 10
164.7004000000000019
 20
-68.3001000000000005
 30
0
 11
166.2004000000000019
 21
-69.8001000000000005
 31
0
  0
LINE
  5
8CE
330
1A
100
AcDbEntity
  8
BLACK
  6
CONTINUOUS
100
AcDbLine
 10
166.2004000000000019
 20
-68.3001000000000005
 30
0
 11
164.7004000000000019
 21
-69.8001000000000005
 31
0
  0
LINE
  5
8CF
330
1A
100
AcDbEntity
  8
BLACK
  6
CONTINUOUS
100
AcDbLine
 10
165.4504000000000019
 20
-68.3001000000000005
 30
0
 11
165.4504000000000019
 21
-69.8001000000000005
 31
0
  0
LINE
  5
8D0
330
1A
100
AcDbEntity
  8
BLACK
  6
CONTINUOUS
100
AcDbLine
 10
164.7004000000000019
 20
-69.0501000000000005
 30
0
 11
166.2004000000000019
 21
-69.0501000000000005
 31
0
  0
LINE
  5
8D1
330
1A
100
AcDbEntity
  8
BLACK
  6
CONTINUOUS
100
AcDbLine
 10
164.7004000000000019
 20
-72.6000999999999976
 30
0
 11
166.2004000000000019
 21
-74.1000999999999976
 31
0
  0
LINE
  5
8D2
330
1A
100
AcDbEntity
  8
BLACK
  6
CONTINUOUS
100
AcDbLine
 10
166.2004000000000019
 20
-72.6000999999999976
 30
0
 11
164.7004000000000019
 21
-74.1000999999999976
 31
0
  0
LINE
  5
8D3
330
1A
100
AcDbEntity
  8
BLACK
  6
CONTINUOUS
100
AcDbLine
 10
165.4504000000000019
 20
-72.6000999999999976
 30
0
 11
165.4504000000000019
 21
-74.1000999999999976
 31
0
  0
LINE
  5
8D4
330
1A
100
AcDbEntity
  8
BLACK
  6
CONTINUOUS
100
AcDbLine
 10
164.7004000000000019
 20
-73.3500999999999976
 30
0
 11
166.2004000000000019
 21
-73.3500999999999976
 31
0
  0
LINE
  5
8D5
330
1A
100
AcDbEntity
  8
BLACK
  6
CONTINUOUS
100
AcDbLine
 10
169.0003999999999849
 20
-68.3001000000000005
 30
0
 11
170.5003999999999849
 21
-69.8001000000000005
 31
0
  0
LINE
  5
8D6
330
1A
100
AcDbEntity
  8
BLACK
  6
CONTINUOUS
100
AcDbLine
 10
170.5003999999999849
 20
-68.3001000000000005
 30
0
 11
169.0003999999999849
 21
-69.8001000000000005
 31
0
  0
LINE
  5
8D7
330
1A
100
AcDbEntity
  8
BLACK
  6
CONTINUOUS
100
AcDbLine
 10
169.7503999999999849
 20
-68.3001000000000005
 30
0
 11
169.7503999999999849
 21
-69.8001000000000005
 31
0
  0
LINE
  5
8D8
330
1A
100
AcDbEntity
  8
BLACK
  6
CONTINUOUS
100
AcDbLine
 10
169.0003999999999849
 20
-69.0501000000000005
 30
0
 11
170.5003999999999849
 21
-69.0501000000000005
 31
0
  0
LINE
  5
8D9
330
1A
100
AcDbEntity
  8
BLACK
  6
CONTINUOUS
100
AcDbLine
 10
169.0003999999999849
 20
-72.6000999999999976
 30
0
 11
170.5003999999999849
 21
-74.1000999999999976
 31
0
  0
LINE
  5
8DA
330
1A
100
AcDbEntity
  8
BLACK
  6
CONTINUOUS
100
AcDbLine
 10
170.5003999999999849
 20
-72.6000999999999976
 30
0
 11
169.0003999999999849
 21
-74.1000999999999976
 31
0
  0
LINE
  5
8DB
330
1A
100
AcDbEntity
  8
BLACK
  6
CONTINUOUS
100
AcDbLine
 10
169.7503999999999849
 20
-72.6000999999999976
 30
0
 11
169.7503999999999849
 21
-74.1000999999999976
 31
0
  0
LINE
  5
8DC
330
1A
100
AcDbEntity
  8
BLACK
  6
CONTINUOUS
100
AcDbLine
 10
169.0003999999999849
 20
-73.3500999999999976
 30
0
 11
170.5003999999999849
 21
-73.3500999999999976
 31
0
  0
LINE
  5
8DD
330
1A
100
AcDbEntity
  8
BLACK
  6
CONTINUOUS
100
AcDbLine
 10
135.3003999999999962
 20
-63.4000999999999948
 30
0
 11
138.0003999999999849
 21
-66.1000999999999976
 31
0
  0
LINE
  5
8DE
330
1A
100
AcDbEntity
  8
BLACK
  6
CONTINUOUS
100
AcDbLine
 10
138.0003999999999849
 20
-63.4000999999999948
 30
0
 11
135.3003999999999962
 21
-66.1000999999999976
 31
0
  0
LINE
  5
8DF
330
1A
100
AcDbEntity
  8
BLACK
  6
CONTINUOUS
100
AcDbLine
 10
137.6050029999999822
 20
-65.704702999999995
 30
0
 11
137.6050029999999822
 21
-63.7954969999999975
 31
0
  0
LINE
  5
8E0
330
1A
100
AcDbEntity
  8
BLACK
  6
CONTINUOUS
100
AcDbLine
 10
137.6050029999999822
 20
-63.7954969999999975
 30
0
 11
135.6957969999999989
 21
-63.7954969999999975
 31
0
  0
LINE
  5
8E1
330
1A
100
AcDbEntity
  8
BLACK
  6
CONTINUOUS
100
AcDbLine
 10
135.6957969999999989
 20
-63.7954969999999975
 30
0
 11
135.6957969999999989
 21
-65.704702999999995
 31
0
  0
LINE
  5
8E2
330
1A
100
AcDbEntity
  8
BLACK
  6
CONTINUOUS
100
AcDbLine
 10
135.6957969999999989
 20
-65.704702999999995
 30
0
 11
137.6050029999999822
 21
-65.704702999999995
 31
0
  0
LINE
  5
8E3
330
1A
100
AcDbEntity
  8
BLACK
  6
CONTINUOUS
100
AcDbLine
 10
142.5003999999999849
 20
-63.4000999999999948
 30
0
 11
145.2004000000000019
 21
-66.1000999999999976
 31
0
  0
LINE
  5
8E4
330
1A
100
AcDbEntity
  8
BLACK
  6
CONTINUOUS
100
AcDbLine
 10
145.2004000000000019
 20
-63.4000999999999948
 30
0
 11
142.5003999999999849
 21
-66.1000999999999976
 31
0
  0
LINE
  5
8E5
330
1A
100
AcDbEntity
  8
BLACK
  6
CONTINUOUS
100
AcDbLine
 10
144.8050029999999992
 20
-65.704702999999995
 30
0
 11
144.8050029999999992
 21
-63.7954969999999975
 31
0
  0
LINE
  5
8E6
330
1A
100
AcDbEntity
  8
BLACK
  6
CONTINUOUS
100
AcDbLine
 10
144.8050029999999992
 20
-63.7954969999999975
 30
0
 11
142.8957969999999875
 21
-63.7954969999999975
 31
0
  0
LINE
  5
8E7
330
1A
100
AcDbEntity
  8
BLACK
  6
CONTINUOUS
100
AcDbLine
 10
142.8957969999999875
 20
-63.7954969999999975
 30
0
 11
142.8957969999999875
 21
-65.704702999999995
 31
0
  0
LINE
  5
8E8
330
1A
100
AcDbEntity
  8
BLACK
  6
CONTINUOUS
100
AcDbLine
 10
142.8957969999999875
 20
-65.704702999999995
 30
0
 11
144.8050029999999992
 21
-65.704702999999995
 31
0
  0
LINE
  5
8E9
330
1A
100
AcDbEntity
  8
BLACK
  6
CONTINUOUS
100
AcDbLine
 10
151.8003999999999962
 20
-63.4000999999999948
 30
0
 11
154.5003999999999849
 21
-66.1000999999999976
 31
0
  0
LINE
  5
8EA
330
1A
100
AcDbEntity
  8
BLACK
  6
CONTINUOUS
100
AcDbLine
 10
154.5003999999999849
 20
-63.4000999999999948
 30
0
 11
151.8003999999999962
 21
-66.1000999999999976
 31
0
  0
LINE
  5
8EB
330
1A
100
AcDbEntity
  8
BLACK
  6
CONTINUOUS
100
AcDbLine
 10
154.1050029999999822
 20
-65.704702999999995
 30
0
 11
154.1050029999999822
 21
-63.7954969999999975
 31
0
  0
LINE
  5
8EC
330
1A
100
AcDbEntity
  8
BLACK
  6
CONTINUOUS
100
AcDbLine
 10
154.1050029999999822
 20
-63.7954969999999975
 30
0
 11
152.1957969999999989
 21
-63.7954969999999975
 31
0
  0
LINE
  5
8ED
330
1A
100
AcDbEntity
  8
BLACK
  6
CONTINUOUS
100
AcDbLine
 10
152.1957969999999989
 20
-63.7954969999999975
 30
0
 11
152.1957969999999989
 21
-65.704702999999995
 31
0
  0
LINE
  5
8EE
330
1A
100
AcDbEntity
  8
BLACK
  6
CONTINUOUS
100
AcDbLine
 10
152.1957969999999989
 20
-65.704702999999995
 30
0
 11
154.1050029999999822
 21
-65.704702999999995
 31
0
  0
LINE
  5
8EF
330
1A
100
AcDbEntity
  8
BLACK
  6
CONTINUOUS
100
AcDbLine
 10
159.0003999999999849
 20
-63.4000999999999948
 30
0
 11
161.7004000000000019
 21
-66.1000999999999976
 31
0
  0
LINE
  5
8F0
330
1A
100
AcDbEntity
  8
BLACK
  6
CONTINUOUS
100
AcDbLine
 10
161.7004000000000019
 20
-63.4000999999999948
 30
0
 11
159.0003999999999849
 21
-66.1000999999999976
 31
0
  0
LINE
  5
8F1
330
1A
100
AcDbEntity
  8
BLACK
  6
CONTINUOUS
100
AcDbLine
 10
161.3050029999999992
 20
-65.704702999999995
 30
0
 11
161.3050029999999992
 21
-63.7954969999999975
 31
0
  0
LINE
  5
8F2
330
1A
100
AcDbEntity
  8
BLACK
  6
CONTINUOUS
100
AcDbLine
 10
161.3050029999999992
 20
-63.7954969999999975
 30
0
 11
159.3957969999999875
 21
-63.7954969999999975
 31
0
  0
LINE
  5
8F3
330
1A
100
AcDbEntity
  8
BLACK
  6
CONTINUOUS
100
AcDbLine
 10
159.3957969999999875
 20
-63.7954969999999975
 30
0
 11
159.3957969999999875
 21
-65.704702999999995
 31
0
  0
LINE
  5
8F4
330
1A
100
AcDbEntity
  8
BLACK
  6
CONTINUOUS
100
AcDbLine
 10
159.3957969999999875
 20
-65.704702999999995
 30
0
 11
161.3050029999999992
 21
-65.704702999999995
 31
0
  0
LINE
  5
8F5
330
1A
100
AcDbEntity
  8
BLACK
  6
CONTINUOUS
100
AcDbLine
 10
119.187587999999991
 20
-72.4000989999999973
 30
0
 11
122.3875879999999938
 21
-75.6000990000000002
 31
0
  0
LINE
  5
8F6
330
1A
100
AcDbEntity
  8
BLACK
  6
CONTINUOUS
100
AcDbLine
 10
122.3875879999999938
 20
-72.4000989999999973
 30
0
 11
119.187587999999991
 21
-75.6000990000000002
 31
0
  0
LINE
  5
8F7
330
1A
100
AcDbEntity
  8
BLACK
  6
CONTINUOUS
100
AcDbLine
 10
120.7875879999999995
 20
-75.6000990000000002
 30
0
 11
122.3875879999999938
 21
-74.0000989999999916
 31
0
  0
LINE
  5
8F8
330
1A
100
AcDbEntity
  8
BLACK
  6
CONTINUOUS
100
AcDbLine
 10
122.3875879999999938
 20
-74.0000989999999916
 30
0
 11
120.7875879999999995
 21
-72.4000989999999973
 31
0
  0
LINE
  5
8F9
330
1A
100
AcDbEntity
  8
BLACK
  6
CONTINUOUS
100
AcDbLine
 10
120.7875879999999995
 20
-72.4000989999999973
 30
0
 11
119.187587999999991
 21
-74.0000989999999916
 31
0
  0
LINE
  5
8FA
330
1A
100
AcDbEntity
  8
BLACK
  6
CONTINUOUS
100
AcDbLine
 10
119.187587999999991
 20
-74.0000989999999916
 30
0
 11
120.7875879999999995
 21
-75.6000990000000002
 31
0
  0
LINE
  5
8FB
330
1A
100
AcDbEntity
  8
BLACK
  6
CONTINUOUS
100
AcDbLine
 10
127.8003999999999962
 20
-69.6000999999999976
 30
0
 11
131.0003999999999849
 21
-72.8001000000000005
 31
0
  0
LINE
  5
8FC
330
1A
100
AcDbEntity
  8
BLACK
  6
CONTINUOUS
100
AcDbLine
 10
131.0003999999999849
 20
-69.6000999999999976
 30
0
 11
127.8003999999999962
 21
-72.8001000000000005
 31
0
  0
LINE
  5
8FD
330
1A
100
AcDbEntity
  8
BLACK
  6
CONTINUOUS
100
AcDbLine
 10
129.4003999999999905
 20
-72.8001000000000005
 30
0
 11
131.0003999999999849
 21
-71.200099999999992
 31
0
  0
LINE
  5
8FE
330
1A
100
AcDbEntity
  8
BLACK
  6
CONTINUOUS
100
AcDbLine
 10
131.0003999999999849
 20
-71.200099999999992
 30
0
 11
129.4003999999999905
 21
-69.6000999999999976
 31
0
  0
LINE
  5
8FF
330
1A
100
AcDbEntity
  8
BLACK
  6
CONTINUOUS
100
AcDbLine
 10
129.4003999999999905
 20
-69.6000999999999976
 30
0
 11
127.8003999999999962
 21
-71.200099999999992
 31
0
  0
LINE
  5
900
330
1A
100
AcDbEntity
  8
BLACK
  6
CONTINUOUS
100
AcDbLine
 10
127.8003999999999962
 20
-71.200099999999992
 30
0
 11
129.4003999999999905
 21
-72.8001000000000005
 31
0
  0
LINE
  5
901
330
1A
100
AcDbEntity
  8
BLACK
  6
CONTINUOUS
100
AcDbLine
 10
146.9003999999999905
 20
-69.6000999999999976
 30
0
 11
150.1003999999999792
 21
-72.8001000000000005
 31
0
  0
LINE
  5
902
330
1A
100
AcDbEntity
  8
BLACK
  6
CONTINUOUS
100
AcDbLine
 10
150.1003999999999792
 20
-69.6000999999999976
 30
0
 11
146.9003999999999905
 21
-72.8001000000000005
 31
0
  0
LINE
  5
903
330
1A
100
AcDbEntity
  8
BLACK
  6
CONTINUOUS
100
AcDbLine
 10
148.5003999999999849
 20
-72.8001000000000005
 30
0
 11
150.1003999999999792
 21
-71.200099999999992
 31
0
  0
LINE
  5
904
330
1A
100
AcDbEntity
  8
BLACK
  6
CONTINUOUS
100
AcDbLine
 10
150.1003999999999792
 20
-71.200099999999992
 30
0
 11
148.5003999999999849
 21
-69.6000999999999976
 31
0
  0
LINE
  5
905
330
1A
100
AcDbEntity
  8
BLACK
  6
CONTINUOUS
100
AcDbLine
 10
148.5003999999999849
 20
-69.6000999999999976
 30
0
 11
146.9003999999999905
 21
-71.200099999999992
 31
0
  0
LINE
  5
906
330
1A
100
AcDbEntity
  8
BLACK
  6
CONTINUOUS
100
AcDbLine
 10
146.9003999999999905
 20
-71.200099999999992
 30
0
 11
148.5003999999999849
 21
-72.8001000000000005
 31
0
  0
LINE
  5
907
330
1A
100
AcDbEntity
  8
BLACK
  6
CONTINUOUS
100
AcDbLine
 10
146.9003999999999905
 20
-120.4000999999999948
 30
0
 11
150.1003999999999792
 21
-123.6000999999999976
 31
0
  0
LINE
  5
908
330
1A
100
AcDbEntity
  8
BLACK
  6
CONTINUOUS
100
AcDbLine
 10
150.1003999999999792
 20
-120.4000999999999948
 30
0
 11
146.9003999999999905
 21
-123.6000999999999976
 31
0
  0
LINE
  5
909
330
1A
100
AcDbEntity
  8
BLACK
  6
CONTINUOUS
100
AcDbLine
 10
148.5003999999999849
 20
-123.6000999999999976
 30
0
 11
150.1003999999999792
 21
-122.0000999999999891
 31
0
  0
LINE
  5
90A
330
1A
100
AcDbEntity
  8
BLACK
  6
CONTINUOUS
100
AcDbLine
 10
150.1003999999999792
 20
-122.0000999999999891
 30
0
 11
148.5003999999999849
 21
-120.4000999999999948
 31
0
  0
LINE
  5
90B
330
1A
100
AcDbEntity
  8
BLACK
  6
CONTINUOUS
100
AcDbLine
 10
148.5003999999999849
 20
-120.4000999999999948
 30
0
 11
146.9003999999999905
 21
-122.0000999999999891
 31
0
  0
LINE
  5
90C
330
1A
100
AcDbEntity
  8
BLACK
  6
CONTINUOUS
100
AcDbLine
 10
146.9003999999999905
 20
-122.0000999999999891
 30
0
 11
148.5003999999999849
 21
-123.6000999999999976
 31
0
  0
LINE
  5
90D
330
1A
100
AcDbEntity
  8
BLACK
  6
CONTINUOUS
100
AcDbLine
 10
166.0003999999999849
 20
-69.6000999999999976
 30
0
 11
169.2004000000000019
 21
-72.8001000000000005
 31
0
  0
LINE
  5
90E
330
1A
100
AcDbEntity
  8
BLACK
  6
CONTINUOUS
100
AcDbLine
 10
169.2004000000000019
 20
-69.6000999999999976
 30
0
 11
166.0003999999999849
 21
-72.8001000000000005
 31
0
  0
LINE
  5
90F
330
1A
100
AcDbEntity
  8
BLACK
  6
CONTINUOUS
100
AcDbLine
 10
167.6003999999999792
 20
-72.8001000000000005
 30
0
 11
169.2004000000000019
 21
-71.200099999999992
 31
0
  0
LINE
  5
910
330
1A
100
AcDbEntity
  8
BLACK
  6
CONTINUOUS
100
AcDbLine
 10
169.2004000000000019
 20
-71.200099999999992
 30
0
 11
167.6003999999999792
 21
-69.6000999999999976
 31
0
  0
LINE
  5
911
330
1A
100
AcDbEntity
  8
BLACK
  6
CONTINUOUS
100
AcDbLine
 10
167.6003999999999792
 20
-69.6000999999999976
 30
0
 11
166.0003999999999849
 21
-71.200099999999992
 31
0
  0
LINE
  5
912
330
1A
100
AcDbEntity
  8
BLACK
  6
CONTINUOUS
100
AcDbLine
 10
166.0003999999999849
 20
-71.200099999999992
 30
0
 11
167.6003999999999792
 21
-72.8001000000000005
 31
0
  0
LINE
  5
913
330
1A
100
AcDbEntity
  8
BLACK
  6
CONTINUOUS
100
AcDbLine
 10
174.6132109999999784
 20
-72.4000999999999948
 30
0
 11
177.8132109999999955
 21
-75.6000999999999976
 31
0
  0
LINE
  5
914
330
1A
100
AcDbEntity
  8
BLACK
  6
CONTINUOUS
100
AcDbLine
 10
177.8132109999999955
 20
-72.4000999999999948
 30
0
 11
174.6132109999999784
 21
-75.6000999999999976
 31
0
  0
LINE
  5
915
330
1A
100
AcDbEntity
  8
BLACK
  6
CONTINUOUS
100
AcDbLine
 10
176.2132110000000011
 20
-75.6000999999999976
 30
0
 11
177.8132109999999955
 21
-74.0001000000000033
 31
0
  0
LINE
  5
916
330
1A
100
AcDbEntity
  8
BLACK
  6
CONTINUOUS
100
AcDbLine
 10
177.8132109999999955
 20
-74.0001000000000033
 30
0
 11
176.2132110000000011
 21
-72.4000999999999948
 31
0
  0
LINE
  5
917
330
1A
100
AcDbEntity
  8
BLACK
  6
CONTINUOUS
100
AcDbLine
 10
176.2132110000000011
 20
-72.4000999999999948
 30
0
 11
174.6132109999999784
 21
-74.0001000000000033
 31
0
  0
LINE
  5
918
330
1A
100
AcDbEntity
  8
BLACK
  6
CONTINUOUS
100
AcDbLine
 10
174.6132109999999784
 20
-74.0001000000000033
 30
0
 11
176.2132110000000011
 21
-75.6000999999999976
 31
0
  0
LINE
  5
919
330
1A
100
AcDbEntity
  8
BLACK
  6
CONTINUOUS
100
AcDbLine
 10
116.1753360000000015
 20
-128.2149399999999844
 30
0
 11
116.1753360000000015
 21
-126.2149399999999986
 31
0
  0
LINE
  5
91A
330
1A
100
AcDbEntity
  8
BLACK
  6
CONTINUOUS
100
AcDbLine
 10
116.1753360000000015
 20
-126.2149399999999986
 30
0
 11
116.6515259999999898
 21
-126.2149399999999986
 31
0
  0
LINE
  5
91B
330
1A
100
AcDbEntity
  8
BLACK
  6
CONTINUOUS
100
AcDbLine
 10
116.6515259999999898
 20
-126.2149399999999986
 30
0
 11
116.9372410000000002
 21
-126.3101779999999934
 31
0
  0
LINE
  5
91C
330
1A
100
AcDbEntity
  8
BLACK
  6
CONTINUOUS
100
AcDbLine
 10
116.9372410000000002
 20
-126.3101779999999934
 30
0
 11
117.1277169999999899
 21
-126.5006539999999973
 31
0
  0
LINE
  5
91D
330
1A
100
AcDbEntity
  8
BLACK
  6
CONTINUOUS
100
AcDbLine
 10
117.1277169999999899
 20
-126.5006539999999973
 30
0
 11
117.2229549999999989
 21
-126.6911300000000011
 31
0
  0
LINE
  5
91E
330
1A
100
AcDbEntity
  8
BLACK
  6
CONTINUOUS
100
AcDbLine
 10
117.2229549999999989
 20
-126.6911300000000011
 30
0
 11
117.3181929999999937
 21
-127.0720819999999947
 31
0
  0
LINE
  5
91F
330
1A
100
AcDbEntity
  8
BLACK
  6
CONTINUOUS
100
AcDbLine
 10
117.3181929999999937
 20
-127.0720819999999947
 30
0
 11
117.3181929999999937
 21
-127.3577969999999908
 31
0
  0
LINE
  5
920
330
1A
100
AcDbEntity
  8
BLACK
  6
CONTINUOUS
100
AcDbLine
 10
117.3181929999999937
 20
-127.3577969999999908
 30
0
 11
117.2229549999999989
 21
-127.7387489999999985
 31
0
  0
LINE
  5
921
330
1A
100
AcDbEntity
  8
BLACK
  6
CONTINUOUS
100
AcDbLine
 10
117.2229549999999989
 20
-127.7387489999999985
 30
0
 11
117.1277169999999899
 21
-127.9292249999999882
 31
0
  0
LINE
  5
922
330
1A
100
AcDbEntity
  8
BLACK
  6
CONTINUOUS
100
AcDbLine
 10
117.1277169999999899
 20
-127.9292249999999882
 30
0
 11
116.9372410000000002
 21
-128.1197019999999895
 31
0
  0
LINE
  5
923
330
1A
100
AcDbEntity
  8
BLACK
  6
CONTINUOUS
100
AcDbLine
 10
116.9372410000000002
 20
-128.1197019999999895
 30
0
 11
116.6515259999999898
 21
-128.2149399999999844
 31
0
  0
LINE
  5
924
330
1A
100
AcDbEntity
  8
BLACK
  6
CONTINUOUS
100
AcDbLine
 10
116.6515259999999898
 20
-128.2149399999999844
 30
0
 11
116.1753360000000015
 21
-128.2149399999999844
 31
0
  0
LINE
  5
925
330
1A
100
AcDbEntity
  8
BLACK
  6
CONTINUOUS
100
AcDbLine
 10
118.1753360000000015
 20
-128.2149399999999844
 30
0
 11
118.1753360000000015
 21
-126.8816059999999908
 31
0
  0
LINE
  5
926
330
1A
100
AcDbEntity
  8
BLACK
  6
CONTINUOUS
100
AcDbLine
 10
118.1753360000000015
 20
-127.262558999999996
 30
0
 11
118.2705739999999963
 21
-127.0720819999999947
 31
0
  0
LINE
  5
927
330
1A
100
AcDbEntity
  8
BLACK
  6
CONTINUOUS
100
AcDbLine
 10
118.2705739999999963
 20
-127.0720819999999947
 30
0
 11
118.3658119999999911
 21
-126.9768439999999998
 31
0
  0
LINE
  5
928
330
1A
100
AcDbEntity
  8
BLACK
  6
CONTINUOUS
100
AcDbLine
 10
118.3658119999999911
 20
-126.9768439999999998
 30
0
 11
118.556287999999995
 21
-126.8816059999999908
 31
0
  0
LINE
  5
929
330
1A
100
AcDbEntity
  8
BLACK
  6
CONTINUOUS
100
AcDbLine
 10
118.556287999999995
 20
-126.8816059999999908
 30
0
 11
118.7467649999999963
 21
-126.8816059999999908
 31
0
  0
LINE
  5
92A
330
1A
100
AcDbEntity
  8
BLACK
  6
CONTINUOUS
100
AcDbLine
 10
119.4134309999999886
 20
-128.2149399999999844
 30
0
 11
119.4134309999999886
 21
-126.8816059999999908
 31
0
  0
LINE
  5
92B
330
1A
100
AcDbEntity
  8
BLACK
  6
CONTINUOUS
100
AcDbLine
 10
119.4134309999999886
 20
-126.2149399999999986
 30
0
 11
119.3181929999999937
 21
-126.3101779999999934
 31
0
  0
LINE
  5
92C
330
1A
100
AcDbEntity
  8
BLACK
  6
CONTINUOUS
100
AcDbLine
 10
119.3181929999999937
 20
-126.3101779999999934
 30
0
 11
119.4134309999999886
 21
-126.4054159999999882
 31
0
  0
LINE
  5
92D
330
1A
100
AcDbEntity
  8
BLACK
  6
CONTINUOUS
100
AcDbLine
 10
119.4134309999999886
 20
-126.4054159999999882
 30
0
 11
119.5086689999999976
 21
-126.3101779999999934
 31
0
  0
LINE
  5
92E
330
1A
100
AcDbEntity
  8
BLACK
  6
CONTINUOUS
100
AcDbLine
 10
119.5086689999999976
 20
-126.3101779999999934
 30
0
 11
119.4134309999999886
 21
-126.2149399999999986
 31
0
  0
LINE
  5
92F
330
1A
100
AcDbEntity
  8
BLACK
  6
CONTINUOUS
100
AcDbLine
 10
119.4134309999999886
 20
-126.2149399999999986
 30
0
 11
119.4134309999999886
 21
-126.4054159999999882
 31
0
  0
LINE
  5
930
330
1A
100
AcDbEntity
  8
BLACK
  6
CONTINUOUS
100
AcDbLine
 10
120.6515259999999898
 20
-128.2149399999999844
 30
0
 11
120.4610500000000002
 21
-128.1197019999999895
 31
0
  0
LINE
  5
931
330
1A
100
AcDbEntity
  8
BLACK
  6
CONTINUOUS
100
AcDbLine
 10
120.4610500000000002
 20
-128.1197019999999895
 30
0
 11
120.3658119999999911
 21
-127.9292249999999882
 31
0
  0
LINE
  5
932
330
1A
100
AcDbEntity
  8
BLACK
  6
CONTINUOUS
100
AcDbLine
 10
120.3658119999999911
 20
-127.9292249999999882
 30
0
 11
120.3658119999999911
 21
-126.2149399999999986
 31
0
  0
LINE
  5
933
330
1A
100
AcDbEntity
  8
BLACK
  6
CONTINUOUS
100
AcDbLine
 10
121.6991450000000015
 20
-128.2149399999999844
 30
0
 11
121.5086689999999976
 21
-128.1197019999999895
 31
0
  0
LINE
  5
934
330
1A
100
AcDbEntity
  8
BLACK
  6
CONTINUOUS
100
AcDbLine
 10
121.5086689999999976
 20
-128.1197019999999895
 30
0
 11
121.4134309999999886
 21
-127.9292249999999882
 31
0
  0
LINE
  5
935
330
1A
100
AcDbEntity
  8
BLACK
  6
CONTINUOUS
100
AcDbLine
 10
121.4134309999999886
 20
-127.9292249999999882
 30
0
 11
121.4134309999999886
 21
-126.2149399999999986
 31
0
  0
LINE
  5
936
330
1A
100
AcDbEntity
  8
BLACK
  6
CONTINUOUS
100
AcDbLine
 10
123.9848599999999976
 20
-128.2149399999999844
 30
0
 11
123.9848599999999976
 21
-126.2149399999999986
 31
0
  0
LINE
  5
937
330
1A
100
AcDbEntity
  8
BLACK
  6
CONTINUOUS
100
AcDbLine
 10
123.9848599999999976
 20
-126.2149399999999986
 30
0
 11
124.6515269999999873
 21
-127.6435109999999895
 31
0
  0
LINE
  5
938
330
1A
100
AcDbEntity
  8
BLACK
  6
CONTINUOUS
100
AcDbLine
 10
124.6515269999999873
 20
-127.6435109999999895
 30
0
 11
125.3181929999999937
 21
-126.2149399999999986
 31
0
  0
LINE
  5
939
330
1A
100
AcDbEntity
  8
BLACK
  6
CONTINUOUS
100
AcDbLine
 10
125.3181929999999937
 20
-126.2149399999999986
 30
0
 11
125.3181929999999937
 21
-128.2149399999999844
 31
0
  0
LINE
  5
93A
330
1A
100
AcDbEntity
  8
BLACK
  6
CONTINUOUS
100
AcDbLine
 10
127.1277169999999899
 20
-128.2149399999999844
 30
0
 11
127.1277169999999899
 21
-127.1673210000000012
 31
0
  0
LINE
  5
93B
330
1A
100
AcDbEntity
  8
BLACK
  6
CONTINUOUS
100
AcDbLine
 10
127.1277169999999899
 20
-127.1673210000000012
 30
0
 11
127.032478999999995
 21
-126.9768439999999998
 31
0
  0
LINE
  5
93C
330
1A
100
AcDbEntity
  8
BLACK
  6
CONTINUOUS
100
AcDbLine
 10
127.032478999999995
 20
-126.9768439999999998
 30
0
 11
126.8420029999999912
 21
-126.8816059999999908
 31
0
  0
LINE
  5
93D
330
1A
100
AcDbEntity
  8
BLACK
  6
CONTINUOUS
100
AcDbLine
 10
126.8420029999999912
 20
-126.8816059999999908
 30
0
 11
126.4610500000000002
 21
-126.8816059999999908
 31
0
  0
LINE
  5
93E
330
1A
100
AcDbEntity
  8
BLACK
  6
CONTINUOUS
100
AcDbLine
 10
126.4610500000000002
 20
-126.8816059999999908
 30
0
 11
126.2705739999999963
 21
-126.9768439999999998
 31
0
  0
LINE
  5
93F
330
1A
100
AcDbEntity
  8
BLACK
  6
CONTINUOUS
100
AcDbLine
 10
127.1277169999999899
 20
-128.1197019999999895
 30
0
 11
126.9372410000000002
 21
-128.2149399999999844
 31
0
  0
LINE
  5
940
330
1A
100
AcDbEntity
  8
BLACK
  6
CONTINUOUS
100
AcDbLine
 10
126.9372410000000002
 20
-128.2149399999999844
 30
0
 11
126.4610500000000002
 21
-128.2149399999999844
 31
0
  0
LINE
  5
941
330
1A
100
AcDbEntity
  8
BLACK
  6
CONTINUOUS
100
AcDbLine
 10
126.4610500000000002
 20
-128.2149399999999844
 30
0
 11
126.2705739999999963
 21
-128.1197019999999895
 31
0
  0
LINE
  5
942
330
1A
100
AcDbEntity
  8
BLACK
  6
CONTINUOUS
100
AcDbLine
 10
126.2705739999999963
 20
-128.1197019999999895
 30
0
 11
126.1753359999999873
 21
-127.9292249999999882
 31
0
  0
LINE
  5
943
330
1A
100
AcDbEntity
  8
BLACK
  6
CONTINUOUS
100
AcDbLine
 10
126.1753359999999873
 20
-127.9292249999999882
 30
0
 11
126.1753359999999873
 21
-127.7387489999999985
 31
0
  0
LINE
  5
944
330
1A
100
AcDbEntity
  8
BLACK
  6
CONTINUOUS
100
AcDbLine
 10
126.1753359999999873
 20
-127.7387489999999985
 30
0
 11
126.2705739999999963
 21
-127.5482729999999947
 31
0
  0
LINE
  5
945
330
1A
100
AcDbEntity
  8
BLACK
  6
CONTINUOUS
100
AcDbLine
 10
126.2705739999999963
 20
-127.5482729999999947
 30
0
 11
126.4610500000000002
 21
-127.4530349999999999
 31
0
  0
LINE
  5
946
330
1A
100
AcDbEntity
  8
BLACK
  6
CONTINUOUS
100
AcDbLine
 10
126.4610500000000002
 20
-127.4530349999999999
 30
0
 11
126.9372410000000002
 21
-127.4530349999999999
 31
0
  0
LINE
  5
947
330
1A
100
AcDbEntity
  8
BLACK
  6
CONTINUOUS
100
AcDbLine
 10
126.9372410000000002
 20
-127.4530349999999999
 30
0
 11
127.1277169999999899
 21
-127.3577969999999908
 31
0
  0
LINE
  5
948
330
1A
100
AcDbEntity
  8
BLACK
  6
CONTINUOUS
100
AcDbLine
 10
128.0800979999999925
 20
-126.8816059999999908
 30
0
 11
128.0800979999999925
 21
-128.881606000000005
 31
0
  0
LINE
  5
949
330
1A
100
AcDbEntity
  8
BLACK
  6
CONTINUOUS
100
AcDbLine
 10
128.0800979999999925
 20
-126.9768439999999998
 30
0
 11
128.2705739999999821
 21
-126.8816059999999908
 31
0
  0
LINE
  5
94A
330
1A
100
AcDbEntity
  8
BLACK
  6
CONTINUOUS
100
AcDbLine
 10
128.2705739999999821
 20
-126.8816059999999908
 30
0
 11
128.6515269999999873
 21
-126.8816059999999908
 31
0
  0
LINE
  5
94B
330
1A
100
AcDbEntity
  8
BLACK
  6
CONTINUOUS
100
AcDbLine
 10
128.6515269999999873
 20
-126.8816059999999908
 30
0
 11
128.8420030000000054
 21
-126.9768439999999998
 31
0
  0
LINE
  5
94C
330
1A
100
AcDbEntity
  8
BLACK
  6
CONTINUOUS
100
AcDbLine
 10
128.8420030000000054
 20
-126.9768439999999998
 30
0
 11
128.9372410000000002
 21
-127.0720819999999947
 31
0
  0
LINE
  5
94D
330
1A
100
AcDbEntity
  8
BLACK
  6
CONTINUOUS
100
AcDbLine
 10
128.9372410000000002
 20
-127.0720819999999947
 30
0
 11
129.032478999999995
 21
-127.262558999999996
 31
0
  0
LINE
  5
94E
330
1A
100
AcDbEntity
  8
BLACK
  6
CONTINUOUS
100
AcDbLine
 10
129.032478999999995
 20
-127.262558999999996
 30
0
 11
129.032478999999995
 21
-127.8339869999999934
 31
0
  0
LINE
  5
94F
330
1A
100
AcDbEntity
  8
BLACK
  6
CONTINUOUS
100
AcDbLine
 10
129.032478999999995
 20
-127.8339869999999934
 30
0
 11
128.9372410000000002
 21
-128.0244629999999972
 31
0
  0
LINE
  5
950
330
1A
100
AcDbEntity
  8
BLACK
  6
CONTINUOUS
100
AcDbLine
 10
128.9372410000000002
 20
-128.0244629999999972
 30
0
 11
128.8420030000000054
 21
-128.1197019999999895
 31
0
  0
LINE
  5
951
330
1A
100
AcDbEntity
  8
BLACK
  6
CONTINUOUS
100
AcDbLine
 10
128.8420030000000054
 20
-128.1197019999999895
 30
0
 11
128.6515269999999873
 21
-128.2149399999999844
 31
0
  0
LINE
  5
952
330
1A
100
AcDbEntity
  8
BLACK
  6
CONTINUOUS
100
AcDbLine
 10
128.6515269999999873
 20
-128.2149399999999844
 30
0
 11
128.2705739999999821
 21
-128.2149399999999844
 31
0
  0
LINE
  5
953
330
1A
100
AcDbEntity
  8
BLACK
  6
CONTINUOUS
100
AcDbLine
 10
128.2705739999999821
 20
-128.2149399999999844
 30
0
 11
128.0800979999999925
 21
-128.1197019999999895
 31
0
  0
LINE
  5
954
330
1A
100
AcDbEntity
  8
BLACK
  6
CONTINUOUS
100
AcDbLine
 10
129.8896220000000028
 20
-128.0244629999999972
 30
0
 11
129.9848599999999976
 21
-128.1197019999999895
 31
0
  0
LINE
  5
955
330
1A
100
AcDbEntity
  8
BLACK
  6
CONTINUOUS
100
AcDbLine
 10
129.9848599999999976
 20
-128.1197019999999895
 30
0
 11
129.8896220000000028
 21
-128.2149399999999844
 31
0
  0
LINE
  5
956
330
1A
100
AcDbEntity
  8
BLACK
  6
CONTINUOUS
100
AcDbLine
 10
129.8896220000000028
 20
-128.2149399999999844
 30
0
 11
129.794384000000008
 21
-128.1197019999999895
 31
0
  0
LINE
  5
957
330
1A
100
AcDbEntity
  8
BLACK
  6
CONTINUOUS
100
AcDbLine
 10
129.794384000000008
 20
-128.1197019999999895
 30
0
 11
129.8896220000000028
 21
-128.0244629999999972
 31
0
  0
LINE
  5
958
330
1A
100
AcDbEntity
  8
BLACK
  6
CONTINUOUS
100
AcDbLine
 10
129.8896220000000028
 20
-128.0244629999999972
 30
0
 11
129.8896220000000028
 21
-128.2149399999999844
 31
0
  0
LINE
  5
959
330
1A
100
AcDbEntity
  8
BLACK
  6
CONTINUOUS
100
AcDbLine
 10
129.8896220000000028
 20
-126.9768439999999998
 30
0
 11
129.9848599999999976
 21
-127.0720819999999947
 31
0
  0
LINE
  5
95A
330
1A
100
AcDbEntity
  8
BLACK
  6
CONTINUOUS
100
AcDbLine
 10
129.9848599999999976
 20
-127.0720819999999947
 30
0
 11
129.8896220000000028
 21
-127.1673210000000012
 31
0
  0
LINE
  5
95B
330
1A
100
AcDbEntity
  8
BLACK
  6
CONTINUOUS
100
AcDbLine
 10
129.8896220000000028
 20
-127.1673210000000012
 30
0
 11
129.794384000000008
 21
-127.0720819999999947
 31
0
  0
LINE
  5
95C
330
1A
100
AcDbEntity
  8
BLACK
  6
CONTINUOUS
100
AcDbLine
 10
129.794384000000008
 20
-127.0720819999999947
 30
0
 11
129.8896220000000028
 21
-126.9768439999999998
 31
0
  0
LINE
  5
95D
330
1A
100
AcDbEntity
  8
BLACK
  6
CONTINUOUS
100
AcDbLine
 10
129.8896220000000028
 20
-126.9768439999999998
 30
0
 11
129.8896220000000028
 21
-127.1673210000000012
 31
0
  0
LINE
  5
95E
330
1A
100
AcDbEntity
  8
BLACK
  6
CONTINUOUS
100
AcDbLine
 10
113.3175679999999943
 20
-131.3751019999999983
 30
0
 11
113.5675679999999943
 21
-131.6251019999999983
 31
0
  0
LINE
  5
95F
330
1A
100
AcDbEntity
  8
BLACK
  6
CONTINUOUS
100
AcDbLine
 10
113.5675679999999943
 20
-131.3751019999999983
 30
0
 11
113.3175679999999943
 21
-131.6251019999999983
 31
0
  0
LINE
  5
960
330
1A
100
AcDbEntity
  8
BLACK
  6
CONTINUOUS
100
AcDbLine
 10
116.556287999999995
 20
-130.4149400000000014
 30
0
 11
116.7467649999999963
 21
-130.4149400000000014
 31
0
  0
LINE
  5
961
330
1A
100
AcDbEntity
  8
BLACK
  6
CONTINUOUS
100
AcDbLine
 10
116.7467649999999963
 20
-130.4149400000000014
 30
0
 11
116.9372410000000002
 21
-130.5101779999999962
 31
0
  0
LINE
  5
962
330
1A
100
AcDbEntity
  8
BLACK
  6
CONTINUOUS
100
AcDbLine
 10
116.9372410000000002
 20
-130.5101779999999962
 30
0
 11
117.032478999999995
 21
-130.6054159999999911
 31
0
  0
LINE
  5
963
330
1A
100
AcDbEntity
  8
BLACK
  6
CONTINUOUS
100
AcDbLine
 10
117.032478999999995
 20
-130.6054159999999911
 30
0
 11
117.1277169999999899
 21
-130.7958919999999807
 31
0
  0
LINE
  5
964
330
1A
100
AcDbEntity
  8
BLACK
  6
CONTINUOUS
100
AcDbLine
 10
117.1277169999999899
 20
-130.7958919999999807
 30
0
 11
117.2229549999999989
 21
-131.1768439999999885
 31
0
  0
LINE
  5
965
330
1A
100
AcDbEntity
  8
BLACK
  6
CONTINUOUS
100
AcDbLine
 10
117.2229549999999989
 20
-131.1768439999999885
 30
0
 11
117.2229549999999989
 21
-131.6530349999999885
 31
0
  0
LINE
  5
966
330
1A
100
AcDbEntity
  8
BLACK
  6
CONTINUOUS
100
AcDbLine
 10
117.2229549999999989
 20
-131.6530349999999885
 30
0
 11
117.1277169999999899
 21
-132.0339869999999962
 31
0
  0
LINE
  5
967
330
1A
100
AcDbEntity
  8
BLACK
  6
CONTINUOUS
100
AcDbLine
 10
117.1277169999999899
 20
-132.0339869999999962
 30
0
 11
117.032478999999995
 21
-132.2244629999999859
 31
0
  0
LINE
  5
968
330
1A
100
AcDbEntity
  8
BLACK
  6
CONTINUOUS
100
AcDbLine
 10
117.032478999999995
 20
-132.2244629999999859
 30
0
 11
116.9372410000000002
 21
-132.3197020000000066
 31
0
  0
LINE
  5
969
330
1A
100
AcDbEntity
  8
BLACK
  6
CONTINUOUS
100
AcDbLine
 10
116.9372410000000002
 20
-132.3197020000000066
 30
0
 11
116.7467649999999963
 21
-132.4149400000000014
 31
0
  0
LINE
  5
96A
330
1A
100
AcDbEntity
  8
BLACK
  6
CONTINUOUS
100
AcDbLine
 10
116.7467649999999963
 20
-132.4149400000000014
 30
0
 11
116.556287999999995
 21
-132.4149400000000014
 31
0
  0
LINE
  5
96B
330
1A
100
AcDbEntity
  8
BLACK
  6
CONTINUOUS
100
AcDbLine
 10
116.556287999999995
 20
-132.4149400000000014
 30
0
 11
116.3658119999999911
 21
-132.3197020000000066
 31
0
  0
LINE
  5
96C
330
1A
100
AcDbEntity
  8
BLACK
  6
CONTINUOUS
100
AcDbLine
 10
116.3658119999999911
 20
-132.3197020000000066
 30
0
 11
116.2705739999999963
 21
-132.2244629999999859
 31
0
  0
LINE
  5
96D
330
1A
100
AcDbEntity
  8
BLACK
  6
CONTINUOUS
100
AcDbLine
 10
116.2705739999999963
 20
-132.2244629999999859
 30
0
 11
116.1753360000000015
 21
-132.0339869999999962
 31
0
  0
LINE
  5
96E
330
1A
100
AcDbEntity
  8
BLACK
  6
CONTINUOUS
100
AcDbLine
 10
116.1753360000000015
 20
-132.0339869999999962
 30
0
 11
116.0800979999999925
 21
-131.6530349999999885
 31
0
  0
LINE
  5
96F
330
1A
100
AcDbEntity
  8
BLACK
  6
CONTINUOUS
100
AcDbLine
 10
116.0800979999999925
 20
-131.6530349999999885
 30
0
 11
116.0800979999999925
 21
-131.1768439999999885
 31
0
  0
LINE
  5
970
330
1A
100
AcDbEntity
  8
BLACK
  6
CONTINUOUS
100
AcDbLine
 10
116.0800979999999925
 20
-131.1768439999999885
 30
0
 11
116.1753360000000015
 21
-130.7958919999999807
 31
0
  0
LINE
  5
971
330
1A
100
AcDbEntity
  8
BLACK
  6
CONTINUOUS
100
AcDbLine
 10
116.1753360000000015
 20
-130.7958919999999807
 30
0
 11
116.2705739999999963
 21
-130.6054159999999911
 31
0
  0
LINE
  5
972
330
1A
100
AcDbEntity
  8
BLACK
  6
CONTINUOUS
100
AcDbLine
 10
116.2705739999999963
 20
-130.6054159999999911
 30
0
 11
116.3658119999999911
 21
-130.5101779999999962
 31
0
  0
LINE
  5
973
330
1A
100
AcDbEntity
  8
BLACK
  6
CONTINUOUS
100
AcDbLine
 10
116.3658119999999911
 20
-130.5101779999999962
 30
0
 11
116.556287999999995
 21
-130.4149400000000014
 31
0
  0
LINE
  5
974
330
1A
100
AcDbEntity
  8
BLACK
  6
CONTINUOUS
100
AcDbLine
 10
118.0800979999999925
 20
-132.2244629999999859
 30
0
 11
118.1753360000000015
 21
-132.3197020000000066
 31
0
  0
LINE
  5
975
330
1A
100
AcDbEntity
  8
BLACK
  6
CONTINUOUS
100
AcDbLine
 10
118.1753360000000015
 20
-132.3197020000000066
 30
0
 11
118.0800979999999925
 21
-132.4149400000000014
 31
0
  0
LINE
  5
976
330
1A
100
AcDbEntity
  8
BLACK
  6
CONTINUOUS
100
AcDbLine
 10
118.0800979999999925
 20
-132.4149400000000014
 30
0
 11
117.9848599999999976
 21
-132.3197020000000066
 31
0
  0
LINE
  5
977
330
1A
100
AcDbEntity
  8
BLACK
  6
CONTINUOUS
100
AcDbLine
 10
117.9848599999999976
 20
-132.3197020000000066
 30
0
 11
118.0800979999999925
 21
-132.2244629999999859
 31
0
  0
LINE
  5
978
330
1A
100
AcDbEntity
  8
BLACK
  6
CONTINUOUS
100
AcDbLine
 10
118.0800979999999925
 20
-132.2244629999999859
 30
0
 11
118.0800979999999925
 21
-132.4149400000000014
 31
0
  0
LINE
  5
979
330
1A
100
AcDbEntity
  8
BLACK
  6
CONTINUOUS
100
AcDbLine
 10
118.9372410000000002
 20
-130.6054159999999911
 30
0
 11
119.032478999999995
 21
-130.5101779999999962
 31
0
  0
LINE
  5
97A
330
1A
100
AcDbEntity
  8
BLACK
  6
CONTINUOUS
100
AcDbLine
 10
119.032478999999995
 20
-130.5101779999999962
 30
0
 11
119.2229549999999989
 21
-130.4149400000000014
 31
0
  0
LINE
  5
97B
330
1A
100
AcDbEntity
  8
BLACK
  6
CONTINUOUS
100
AcDbLine
 10
119.2229549999999989
 20
-130.4149400000000014
 30
0
 11
119.6991459999999989
 21
-130.4149400000000014
 31
0
  0
LINE
  5
97C
330
1A
100
AcDbEntity
  8
BLACK
  6
CONTINUOUS
100
AcDbLine
 10
119.6991459999999989
 20
-130.4149400000000014
 30
0
 11
119.8896219999999886
 21
-130.5101779999999962
 31
0
  0
LINE
  5
97D
330
1A
100
AcDbEntity
  8
BLACK
  6
CONTINUOUS
100
AcDbLine
 10
119.8896219999999886
 20
-130.5101779999999962
 30
0
 11
119.9848599999999976
 21
-130.6054159999999911
 31
0
  0
LINE
  5
97E
330
1A
100
AcDbEntity
  8
BLACK
  6
CONTINUOUS
100
AcDbLine
 10
119.9848599999999976
 20
-130.6054159999999911
 30
0
 11
120.0800979999999925
 21
-130.7958919999999807
 31
0
  0
LINE
  5
97F
330
1A
100
AcDbEntity
  8
BLACK
  6
CONTINUOUS
100
AcDbLine
 10
120.0800979999999925
 20
-130.7958919999999807
 30
0
 11
120.0800979999999925
 21
-130.9863679999999988
 31
0
  0
LINE
  5
980
330
1A
100
AcDbEntity
  8
BLACK
  6
CONTINUOUS
100
AcDbLine
 10
120.0800979999999925
 20
-130.9863679999999988
 30
0
 11
119.9848599999999976
 21
-131.2720819999999833
 31
0
  0
LINE
  5
981
330
1A
100
AcDbEntity
  8
BLACK
  6
CONTINUOUS
100
AcDbLine
 10
119.9848599999999976
 20
-131.2720819999999833
 30
0
 11
118.8420029999999912
 21
-132.4149400000000014
 31
0
  0
LINE
  5
982
330
1A
100
AcDbEntity
  8
BLACK
  6
CONTINUOUS
100
AcDbLine
 10
118.8420029999999912
 20
-132.4149400000000014
 30
0
 11
120.0800979999999925
 21
-132.4149400000000014
 31
0
  0
LINE
  5
983
330
1A
100
AcDbEntity
  8
BLACK
  6
CONTINUOUS
100
AcDbLine
 10
121.8896219999999886
 20
-130.4149400000000014
 30
0
 11
120.9372410000000002
 21
-130.4149400000000014
 31
0
  0
LINE
  5
984
330
1A
100
AcDbEntity
  8
BLACK
  6
CONTINUOUS
100
AcDbLine
 10
120.9372410000000002
 20
-130.4149400000000014
 30
0
 11
120.8420029999999912
 21
-131.367321000000004
 31
0
  0
LINE
  5
985
330
1A
100
AcDbEntity
  8
BLACK
  6
CONTINUOUS
100
AcDbLine
 10
120.8420029999999912
 20
-131.367321000000004
 30
0
 11
120.9372410000000002
 21
-131.2720819999999833
 31
0
  0
LINE
  5
986
330
1A
100
AcDbEntity
  8
BLACK
  6
CONTINUOUS
100
AcDbLine
 10
120.9372410000000002
 20
-131.2720819999999833
 30
0
 11
121.1277169999999899
 21
-131.1768439999999885
 31
0
  0
LINE
  5
987
330
1A
100
AcDbEntity
  8
BLACK
  6
CONTINUOUS
100
AcDbLine
 10
121.1277169999999899
 20
-131.1768439999999885
 30
0
 11
121.6039079999999899
 21
-131.1768439999999885
 31
0
  0
LINE
  5
988
330
1A
100
AcDbEntity
  8
BLACK
  6
CONTINUOUS
100
AcDbLine
 10
121.6039079999999899
 20
-131.1768439999999885
 30
0
 11
121.7943839999999938
 21
-131.2720819999999833
 31
0
  0
LINE
  5
989
330
1A
100
AcDbEntity
  8
BLACK
  6
CONTINUOUS
100
AcDbLine
 10
121.7943839999999938
 20
-131.2720819999999833
 30
0
 11
121.8896219999999886
 21
-131.367321000000004
 31
0
  0
LINE
  5
98A
330
1A
100
AcDbEntity
  8
BLACK
  6
CONTINUOUS
100
AcDbLine
 10
121.8896219999999886
 20
-131.367321000000004
 30
0
 11
121.9848599999999976
 21
-131.5577969999999937
 31
0
  0
LINE
  5
98B
330
1A
100
AcDbEntity
  8
BLACK
  6
CONTINUOUS
100
AcDbLine
 10
121.9848599999999976
 20
-131.5577969999999937
 30
0
 11
121.9848599999999976
 21
-132.0339869999999962
 31
0
  0
LINE
  5
98C
330
1A
100
AcDbEntity
  8
BLACK
  6
CONTINUOUS
100
AcDbLine
 10
121.9848599999999976
 20
-132.0339869999999962
 30
0
 11
121.8896219999999886
 21
-132.2244629999999859
 31
0
  0
LINE
  5
98D
330
1A
100
AcDbEntity
  8
BLACK
  6
CONTINUOUS
100
AcDbLine
 10
121.8896219999999886
 20
-132.2244629999999859
 30
0
 11
121.7943839999999938
 21
-132.3197020000000066
 31
0
  0
LINE
  5
98E
330
1A
100
AcDbEntity
  8
BLACK
  6
CONTINUOUS
100
AcDbLine
 10
121.7943839999999938
 20
-132.3197020000000066
 30
0
 11
121.6039079999999899
 21
-132.4149400000000014
 31
0
  0
LINE
  5
98F
330
1A
100
AcDbEntity
  8
BLACK
  6
CONTINUOUS
100
AcDbLine
 10
121.6039079999999899
 20
-132.4149400000000014
 30
0
 11
121.1277169999999899
 21
-132.4149400000000014
 31
0
  0
LINE
  5
990
330
1A
100
AcDbEntity
  8
BLACK
  6
CONTINUOUS
100
AcDbLine
 10
121.1277169999999899
 20
-132.4149400000000014
 30
0
 11
120.9372410000000002
 21
-132.3197020000000066
 31
0
  0
LINE
  5
991
330
1A
100
AcDbEntity
  8
BLACK
  6
CONTINUOUS
100
AcDbLine
 10
120.9372410000000002
 20
-132.3197020000000066
 30
0
 11
120.8420029999999912
 21
-132.2244629999999859
 31
0
  0
LINE
  5
992
330
1A
100
AcDbEntity
  8
BLACK
  6
CONTINUOUS
100
AcDbLine
 10
123.2229549999999989
 20
-130.4149400000000014
 30
0
 11
123.4134320000000002
 21
-130.4149400000000014
 31
0
  0
LINE
  5
993
330
1A
100
AcDbEntity
  8
BLACK
  6
CONTINUOUS
100
AcDbLine
 10
123.4134320000000002
 20
-130.4149400000000014
 30
0
 11
123.6039079999999899
 21
-130.5101779999999962
 31
0
  0
LINE
  5
994
330
1A
100
AcDbEntity
  8
BLACK
  6
CONTINUOUS
100
AcDbLine
 10
123.6039079999999899
 20
-130.5101779999999962
 30
0
 11
123.6991459999999989
 21
-130.6054159999999911
 31
0
  0
LINE
  5
995
330
1A
100
AcDbEntity
  8
BLACK
  6
CONTINUOUS
100
AcDbLine
 10
123.6991459999999989
 20
-130.6054159999999911
 30
0
 11
123.7943839999999938
 21
-130.7958919999999807
 31
0
  0
LINE
  5
996
330
1A
100
AcDbEntity
  8
BLACK
  6
CONTINUOUS
100
AcDbLine
 10
123.7943839999999938
 20
-130.7958919999999807
 30
0
 11
123.8896219999999886
 21
-131.1768439999999885
 31
0
  0
LINE
  5
997
330
1A
100
AcDbEntity
  8
BLACK
  6
CONTINUOUS
100
AcDbLine
 10
123.8896219999999886
 20
-131.1768439999999885
 30
0
 11
123.8896219999999886
 21
-131.6530349999999885
 31
0
  0
LINE
  5
998
330
1A
100
AcDbEntity
  8
BLACK
  6
CONTINUOUS
100
AcDbLine
 10
123.8896219999999886
 20
-131.6530349999999885
 30
0
 11
123.7943839999999938
 21
-132.0339869999999962
 31
0
  0
LINE
  5
999
330
1A
100
AcDbEntity
  8
BLACK
  6
CONTINUOUS
100
AcDbLine
 10
123.7943839999999938
 20
-132.0339869999999962
 30
0
 11
123.6991459999999989
 21
-132.2244629999999859
 31
0
  0
LINE
  5
99A
330
1A
100
AcDbEntity
  8
BLACK
  6
CONTINUOUS
100
AcDbLine
 10
123.6991459999999989
 20
-132.2244629999999859
 30
0
 11
123.6039079999999899
 21
-132.3197020000000066
 31
0
  0
LINE
  5
99B
330
1A
100
AcDbEntity
  8
BLACK
  6
CONTINUOUS
100
AcDbLine
 10
123.6039079999999899
 20
-132.3197020000000066
 30
0
 11
123.4134320000000002
 21
-132.4149400000000014
 31
0
  0
LINE
  5
99C
330
1A
100
AcDbEntity
  8
BLACK
  6
CONTINUOUS
100
AcDbLine
 10
123.4134320000000002
 20
-132.4149400000000014
 30
0
 11
123.2229549999999989
 21
-132.4149400000000014
 31
0
  0
LINE
  5
99D
330
1A
100
AcDbEntity
  8
BLACK
  6
CONTINUOUS
100
AcDbLine
 10
123.2229549999999989
 20
-132.4149400000000014
 30
0
 11
123.032478999999995
 21
-132.3197020000000066
 31
0
  0
LINE
  5
99E
330
1A
100
AcDbEntity
  8
BLACK
  6
CONTINUOUS
100
AcDbLine
 10
123.032478999999995
 20
-132.3197020000000066
 30
0
 11
122.9372410000000002
 21
-132.2244629999999859
 31
0
  0
LINE
  5
99F
330
1A
100
AcDbEntity
  8
BLACK
  6
CONTINUOUS
100
AcDbLine
 10
122.9372410000000002
 20
-132.2244629999999859
 30
0
 11
122.8420029999999912
 21
-132.0339869999999962
 31
0
  0
LINE
  5
9A0
330
1A
100
AcDbEntity
  8
BLACK
  6
CONTINUOUS
100
AcDbLine
 10
122.8420029999999912
 20
-132.0339869999999962
 30
0
 11
122.7467649999999963
 21
-131.6530349999999885
 31
0
  0
LINE
  5
9A1
330
1A
100
AcDbEntity
  8
BLACK
  6
CONTINUOUS
100
AcDbLine
 10
122.7467649999999963
 20
-131.6530349999999885
 30
0
 11
122.7467649999999963
 21
-131.1768439999999885
 31
0
  0
LINE
  5
9A2
330
1A
100
AcDbEntity
  8
BLACK
  6
CONTINUOUS
100
AcDbLine
 10
122.7467649999999963
 20
-131.1768439999999885
 30
0
 11
122.8420029999999912
 21
-130.7958919999999807
 31
0
  0
LINE
  5
9A3
330
1A
100
AcDbEntity
  8
BLACK
  6
CONTINUOUS
100
AcDbLine
 10
122.8420029999999912
 20
-130.7958919999999807
 30
0
 11
122.9372410000000002
 21
-130.6054159999999911
 31
0
  0
LINE
  5
9A4
330
1A
100
AcDbEntity
  8
BLACK
  6
CONTINUOUS
100
AcDbLine
 10
122.9372410000000002
 20
-130.6054159999999911
 30
0
 11
123.032478999999995
 21
-130.5101779999999962
 31
0
  0
LINE
  5
9A5
330
1A
100
AcDbEntity
  8
BLACK
  6
CONTINUOUS
100
AcDbLine
 10
123.032478999999995
 20
-130.5101779999999962
 30
0
 11
123.2229549999999989
 21
-130.4149400000000014
 31
0
  0
LINE
  5
9A6
330
1A
100
AcDbEntity
  8
BLACK
  6
CONTINUOUS
100
AcDbLine
 10
124.7467649999999963
 20
-132.4149400000000014
 30
0
 11
124.7467649999999963
 21
-131.0816059999999936
 31
0
  0
LINE
  5
9A7
330
1A
100
AcDbEntity
  8
BLACK
  6
CONTINUOUS
100
AcDbLine
 10
124.7467649999999963
 20
-131.2720819999999833
 30
0
 11
124.8420029999999912
 21
-131.1768439999999885
 31
0
  0
LINE
  5
9A8
330
1A
100
AcDbEntity
  8
BLACK
  6
CONTINUOUS
100
AcDbLine
 10
124.8420029999999912
 20
-131.1768439999999885
 30
0
 11
125.032478999999995
 21
-131.0816059999999936
 31
0
  0
LINE
  5
9A9
330
1A
100
AcDbEntity
  8
BLACK
  6
CONTINUOUS
100
AcDbLine
 10
125.032478999999995
 20
-131.0816059999999936
 30
0
 11
125.3181939999999912
 21
-131.0816059999999936
 31
0
  0
LINE
  5
9AA
330
1A
100
AcDbEntity
  8
BLACK
  6
CONTINUOUS
100
AcDbLine
 10
125.3181939999999912
 20
-131.0816059999999936
 30
0
 11
125.5086699999999951
 21
-131.1768439999999885
 31
0
  0
LINE
  5
9AB
330
1A
100
AcDbEntity
  8
BLACK
  6
CONTINUOUS
100
AcDbLine
 10
125.5086699999999951
 20
-131.1768439999999885
 30
0
 11
125.6039079999999899
 21
-131.367321000000004
 31
0
  0
LINE
  5
9AC
330
1A
100
AcDbEntity
  8
BLACK
  6
CONTINUOUS
100
AcDbLine
 10
125.6039079999999899
 20
-131.367321000000004
 30
0
 11
125.6039079999999899
 21
-132.4149400000000014
 31
0
  0
LINE
  5
9AD
330
1A
100
AcDbEntity
  8
BLACK
  6
CONTINUOUS
100
AcDbLine
 10
125.6039079999999899
 20
-131.367321000000004
 30
0
 11
125.6991459999999989
 21
-131.1768439999999885
 31
0
  0
LINE
  5
9AE
330
1A
100
AcDbEntity
  8
BLACK
  6
CONTINUOUS
100
AcDbLine
 10
125.6991459999999989
 20
-131.1768439999999885
 30
0
 11
125.8896219999999886
 21
-131.0816059999999936
 31
0
  0
LINE
  5
9AF
330
1A
100
AcDbEntity
  8
BLACK
  6
CONTINUOUS
100
AcDbLine
 10
125.8896219999999886
 20
-131.0816059999999936
 30
0
 11
126.1753359999999873
 21
-131.0816059999999936
 31
0
  0
LINE
  5
9B0
330
1A
100
AcDbEntity
  8
BLACK
  6
CONTINUOUS
100
AcDbLine
 10
126.1753359999999873
 20
-131.0816059999999936
 30
0
 11
126.3658129999999886
 21
-131.1768439999999885
 31
0
  0
LINE
  5
9B1
330
1A
100
AcDbEntity
  8
BLACK
  6
CONTINUOUS
100
AcDbLine
 10
126.3658129999999886
 20
-131.1768439999999885
 30
0
 11
126.4610509999999977
 21
-131.367321000000004
 31
0
  0
LINE
  5
9B2
330
1A
100
AcDbEntity
  8
BLACK
  6
CONTINUOUS
100
AcDbLine
 10
126.4610509999999977
 20
-131.367321000000004
 30
0
 11
126.4610509999999977
 21
-132.4149400000000014
 31
0
  0
LINE
  5
9B3
330
1A
100
AcDbEntity
  8
BLACK
  6
CONTINUOUS
100
AcDbLine
 10
127.4134320000000002
 20
-132.4149400000000014
 30
0
 11
127.4134320000000002
 21
-131.0816059999999936
 31
0
  0
LINE
  5
9B4
330
1A
100
AcDbEntity
  8
BLACK
  6
CONTINUOUS
100
AcDbLine
 10
127.4134320000000002
 20
-131.2720819999999833
 30
0
 11
127.5086699999999951
 21
-131.1768439999999885
 31
0
  0
LINE
  5
9B5
330
1A
100
AcDbEntity
  8
BLACK
  6
CONTINUOUS
100
AcDbLine
 10
127.5086699999999951
 20
-131.1768439999999885
 30
0
 11
127.6991459999999989
 21
-131.0816059999999936
 31
0
  0
LINE
  5
9B6
330
1A
100
AcDbEntity
  8
BLACK
  6
CONTINUOUS
100
AcDbLine
 10
127.6991459999999989
 20
-131.0816059999999936
 30
0
 11
127.9848609999999951
 21
-131.0816059999999936
 31
0
  0
LINE
  5
9B7
330
1A
100
AcDbEntity
  8
BLACK
  6
CONTINUOUS
100
AcDbLine
 10
127.9848609999999951
 20
-131.0816059999999936
 30
0
 11
128.1753369999999848
 21
-131.1768439999999885
 31
0
  0
LINE
  5
9B8
330
1A
100
AcDbEntity
  8
BLACK
  6
CONTINUOUS
100
AcDbLine
 10
128.1753369999999848
 20
-131.1768439999999885
 30
0
 11
128.270575000000008
 21
-131.367321000000004
 31
0
  0
LINE
  5
9B9
330
1A
100
AcDbEntity
  8
BLACK
  6
CONTINUOUS
100
AcDbLine
 10
128.270575000000008
 20
-131.367321000000004
 30
0
 11
128.270575000000008
 21
-132.4149400000000014
 31
0
  0
LINE
  5
9BA
330
1A
100
AcDbEntity
  8
BLACK
  6
CONTINUOUS
100
AcDbLine
 10
128.270575000000008
 20
-131.367321000000004
 30
0
 11
128.3658130000000028
 21
-131.1768439999999885
 31
0
  0
LINE
  5
9BB
330
1A
100
AcDbEntity
  8
BLACK
  6
CONTINUOUS
100
AcDbLine
 10
128.3658130000000028
 20
-131.1768439999999885
 30
0
 11
128.5562889999999925
 21
-131.0816059999999936
 31
0
  0
LINE
  5
9BC
330
1A
100
AcDbEntity
  8
BLACK
  6
CONTINUOUS
100
AcDbLine
 10
128.5562889999999925
 20
-131.0816059999999936
 30
0
 11
128.8420030000000054
 21
-131.0816059999999936
 31
0
  0
LINE
  5
9BD
330
1A
100
AcDbEntity
  8
BLACK
  6
CONTINUOUS
100
AcDbLine
 10
128.8420030000000054
 20
-131.0816059999999936
 30
0
 11
129.0324799999999925
 21
-131.1768439999999885
 31
0
  0
LINE
  5
9BE
330
1A
100
AcDbEntity
  8
BLACK
  6
CONTINUOUS
100
AcDbLine
 10
129.0324799999999925
 20
-131.1768439999999885
 30
0
 11
129.1277179999999873
 21
-131.367321000000004
 31
0
  0
LINE
  5
9BF
330
1A
100
AcDbEntity
  8
BLACK
  6
CONTINUOUS
100
AcDbLine
 10
129.1277179999999873
 20
-131.367321000000004
 30
0
 11
129.1277179999999873
 21
-132.4149400000000014
 31
0
  0
LINE
  5
9C0
330
1A
100
AcDbEntity
  8
BLACK
  6
CONTINUOUS
100
AcDbLine
 10
133.0324799999999925
 20
-130.3197020000000066
 30
0
 11
131.3181950000000029
 21
-132.891130000000004
 31
0
  0
LINE
  5
9C1
330
1A
100
AcDbEntity
  8
BLACK
  6
CONTINUOUS
100
AcDbLine
 10
135.6039089999999874
 20
-130.4149400000000014
 30
0
 11
135.7943860000000029
 21
-130.4149400000000014
 31
0
  0
LINE
  5
9C2
330
1A
100
AcDbEntity
  8
BLACK
  6
CONTINUOUS
100
AcDbLine
 10
135.7943860000000029
 20
-130.4149400000000014
 30
0
 11
135.9848619999999926
 21
-130.5101779999999962
 31
0
  0
LINE
  5
9C3
330
1A
100
AcDbEntity
  8
BLACK
  6
CONTINUOUS
100
AcDbLine
 10
135.9848619999999926
 20
-130.5101779999999962
 30
0
 11
136.0800999999999874
 21
-130.6054159999999911
 31
0
  0
LINE
  5
9C4
330
1A
100
AcDbEntity
  8
BLACK
  6
CONTINUOUS
100
AcDbLine
 10
136.0800999999999874
 20
-130.6054159999999911
 30
0
 11
136.1753379999999822
 21
-130.7958919999999807
 31
0
  0
LINE
  5
9C5
330
1A
100
AcDbEntity
  8
BLACK
  6
CONTINUOUS
100
AcDbLine
 10
136.1753379999999822
 20
-130.7958919999999807
 30
0
 11
136.2705760000000055
 21
-131.1768439999999885
 31
0
  0
LINE
  5
9C6
330
1A
100
AcDbEntity
  8
BLACK
  6
CONTINUOUS
100
AcDbLine
 10
136.2705760000000055
 20
-131.1768439999999885
 30
0
 11
136.2705760000000055
 21
-131.6530349999999885
 31
0
  0
LINE
  5
9C7
330
1A
100
AcDbEntity
  8
BLACK
  6
CONTINUOUS
100
AcDbLine
 10
136.2705760000000055
 20
-131.6530349999999885
 30
0
 11
136.1753379999999822
 21
-132.0339869999999962
 31
0
  0
LINE
  5
9C8
330
1A
100
AcDbEntity
  8
BLACK
  6
CONTINUOUS
100
AcDbLine
 10
136.1753379999999822
 20
-132.0339869999999962
 30
0
 11
136.0800999999999874
 21
-132.2244629999999859
 31
0
  0
LINE
  5
9C9
330
1A
100
AcDbEntity
  8
BLACK
  6
CONTINUOUS
100
AcDbLine
 10
136.0800999999999874
 20
-132.2244629999999859
 30
0
 11
135.9848619999999926
 21
-132.3197020000000066
 31
0
  0
LINE
  5
9CA
330
1A
100
AcDbEntity
  8
BLACK
  6
CONTINUOUS
100
AcDbLine
 10
135.9848619999999926
 20
-132.3197020000000066
 30
0
 11
135.7943860000000029
 21
-132.4149400000000014
 31
0
  0
LINE
  5
9CB
330
1A
100
AcDbEntity
  8
BLACK
  6
CONTINUOUS
100
AcDbLine
 10
135.7943860000000029
 20
-132.4149400000000014
 30
0
 11
135.6039089999999874
 21
-132.4149400000000014
 31
0
  0
LINE
  5
9CC
330
1A
100
AcDbEntity
  8
BLACK
  6
CONTINUOUS
100
AcDbLine
 10
135.6039089999999874
 20
-132.4149400000000014
 30
0
 11
135.4134329999999977
 21
-132.3197020000000066
 31
0
  0
LINE
  5
9CD
330
1A
100
AcDbEntity
  8
BLACK
  6
CONTINUOUS
100
AcDbLine
 10
135.4134329999999977
 20
-132.3197020000000066
 30
0
 11
135.3181950000000029
 21
-132.2244629999999859
 31
0
  0
LINE
  5
9CE
330
1A
100
AcDbEntity
  8
BLACK
  6
CONTINUOUS
100
AcDbLine
 10
135.3181950000000029
 20
-132.2244629999999859
 30
0
 11
135.2229570000000081
 21
-132.0339869999999962
 31
0
  0
LINE
  5
9CF
330
1A
100
AcDbEntity
  8
BLACK
  6
CONTINUOUS
100
AcDbLine
 10
135.2229570000000081
 20
-132.0339869999999962
 30
0
 11
135.1277189999999848
 21
-131.6530349999999885
 31
0
  0
LINE
  5
9D0
330
1A
100
AcDbEntity
  8
BLACK
  6
CONTINUOUS
100
AcDbLine
 10
135.1277189999999848
 20
-131.6530349999999885
 30
0
 11
135.1277189999999848
 21
-131.1768439999999885
 31
0
  0
LINE
  5
9D1
330
1A
100
AcDbEntity
  8
BLACK
  6
CONTINUOUS
100
AcDbLine
 10
135.1277189999999848
 20
-131.1768439999999885
 30
0
 11
135.2229570000000081
 21
-130.7958919999999807
 31
0
  0
LINE
  5
9D2
330
1A
100
AcDbEntity
  8
BLACK
  6
CONTINUOUS
100
AcDbLine
 10
135.2229570000000081
 20
-130.7958919999999807
 30
0
 11
135.3181950000000029
 21
-130.6054159999999911
 31
0
  0
LINE
  5
9D3
330
1A
100
AcDbEntity
  8
BLACK
  6
CONTINUOUS
100
AcDbLine
 10
135.3181950000000029
 20
-130.6054159999999911
 30
0
 11
135.4134329999999977
 21
-130.5101779999999962
 31
0
  0
LINE
  5
9D4
330
1A
100
AcDbEntity
  8
BLACK
  6
CONTINUOUS
100
AcDbLine
 10
135.4134329999999977
 20
-130.5101779999999962
 30
0
 11
135.6039089999999874
 21
-130.4149400000000014
 31
0
  0
LINE
  5
9D5
330
1A
100
AcDbEntity
  8
BLACK
  6
CONTINUOUS
100
AcDbLine
 10
137.1277189999999848
 20
-132.2244629999999859
 30
0
 11
137.2229569999999796
 21
-132.3197020000000066
 31
0
  0
LINE
  5
9D6
330
1A
100
AcDbEntity
  8
BLACK
  6
CONTINUOUS
100
AcDbLine
 10
137.2229569999999796
 20
-132.3197020000000066
 30
0
 11
137.1277189999999848
 21
-132.4149400000000014
 31
0
  0
LINE
  5
9D7
330
1A
100
AcDbEntity
  8
BLACK
  6
CONTINUOUS
100
AcDbLine
 10
137.1277189999999848
 20
-132.4149400000000014
 30
0
 11
137.03248099999999
 21
-132.3197020000000066
 31
0
  0
LINE
  5
9D8
330
1A
100
AcDbEntity
  8
BLACK
  6
CONTINUOUS
100
AcDbLine
 10
137.03248099999999
 20
-132.3197020000000066
 30
0
 11
137.1277189999999848
 21
-132.2244629999999859
 31
0
  0
LINE
  5
9D9
330
1A
100
AcDbEntity
  8
BLACK
  6
CONTINUOUS
100
AcDbLine
 10
137.1277189999999848
 20
-132.2244629999999859
 30
0
 11
137.1277189999999848
 21
-132.4149400000000014
 31
0
  0
LINE
  5
9DA
330
1A
100
AcDbEntity
  8
BLACK
  6
CONTINUOUS
100
AcDbLine
 10
138.4610519999999951
 20
-130.4149400000000014
 30
0
 11
138.6515289999999823
 21
-130.4149400000000014
 31
0
  0
LINE
  5
9DB
330
1A
100
AcDbEntity
  8
BLACK
  6
CONTINUOUS
100
AcDbLine
 10
138.6515289999999823
 20
-130.4149400000000014
 30
0
 11
138.8420050000000003
 21
-130.5101779999999962
 31
0
  0
LINE
  5
9DC
330
1A
100
AcDbEntity
  8
BLACK
  6
CONTINUOUS
100
AcDbLine
 10
138.8420050000000003
 20
-130.5101779999999962
 30
0
 11
138.9372429999999952
 21
-130.6054159999999911
 31
0
  0
LINE
  5
9DD
330
1A
100
AcDbEntity
  8
BLACK
  6
CONTINUOUS
100
AcDbLine
 10
138.9372429999999952
 20
-130.6054159999999911
 30
0
 11
139.03248099999999
 21
-130.7958919999999807
 31
0
  0
LINE
  5
9DE
330
1A
100
AcDbEntity
  8
BLACK
  6
CONTINUOUS
100
AcDbLine
 10
139.03248099999999
 20
-130.7958919999999807
 30
0
 11
139.1277189999999848
 21
-131.1768439999999885
 31
0
  0
LINE
  5
9DF
330
1A
100
AcDbEntity
  8
BLACK
  6
CONTINUOUS
100
AcDbLine
 10
139.1277189999999848
 20
-131.1768439999999885
 30
0
 11
139.1277189999999848
 21
-131.6530349999999885
 31
0
  0
LINE
  5
9E0
330
1A
100
AcDbEntity
  8
BLACK
  6
CONTINUOUS
100
AcDbLine
 10
139.1277189999999848
 20
-131.6530349999999885
 30
0
 11
139.03248099999999
 21
-132.0339869999999962
 31
0
  0
LINE
  5
9E1
330
1A
100
AcDbEntity
  8
BLACK
  6
CONTINUOUS
100
AcDbLine
 10
139.03248099999999
 20
-132.0339869999999962
 30
0
 11
138.9372429999999952
 21
-132.2244629999999859
 31
0
  0
LINE
  5
9E2
330
1A
100
AcDbEntity
  8
BLACK
  6
CONTINUOUS
100
AcDbLine
 10
138.9372429999999952
 20
-132.2244629999999859
 30
0
 11
138.8420050000000003
 21
-132.3197020000000066
 31
0
  0
LINE
  5
9E3
330
1A
100
AcDbEntity
  8
BLACK
  6
CONTINUOUS
100
AcDbLine
 10
138.8420050000000003
 20
-132.3197020000000066
 30
0
 11
138.6515289999999823
 21
-132.4149400000000014
 31
0
  0
LINE
  5
9E4
330
1A
100
AcDbEntity
  8
BLACK
  6
CONTINUOUS
100
AcDbLine
 10
138.6515289999999823
 20
-132.4149400000000014
 30
0
 11
138.4610519999999951
 21
-132.4149400000000014
 31
0
  0
LINE
  5
9E5
330
1A
100
AcDbEntity
  8
BLACK
  6
CONTINUOUS
100
AcDbLine
 10
138.4610519999999951
 20
-132.4149400000000014
 30
0
 11
138.2705760000000055
 21
-132.3197020000000066
 31
0
  0
LINE
  5
9E6
330
1A
100
AcDbEntity
  8
BLACK
  6
CONTINUOUS
100
AcDbLine
 10
138.2705760000000055
 20
-132.3197020000000066
 30
0
 11
138.1753379999999822
 21
-132.2244629999999859
 31
0
  0
LINE
  5
9E7
330
1A
100
AcDbEntity
  8
BLACK
  6
CONTINUOUS
100
AcDbLine
 10
138.1753379999999822
 20
-132.2244629999999859
 30
0
 11
138.0800999999999874
 21
-132.0339869999999962
 31
0
  0
LINE
  5
9E8
330
1A
100
AcDbEntity
  8
BLACK
  6
CONTINUOUS
100
AcDbLine
 10
138.0800999999999874
 20
-132.0339869999999962
 30
0
 11
137.9848619999999926
 21
-131.6530349999999885
 31
0
  0
LINE
  5
9E9
330
1A
100
AcDbEntity
  8
BLACK
  6
CONTINUOUS
100
AcDbLine
 10
137.9848619999999926
 20
-131.6530349999999885
 30
0
 11
137.9848619999999926
 21
-131.1768439999999885
 31
0
  0
LINE
  5
9EA
330
1A
100
AcDbEntity
  8
BLACK
  6
CONTINUOUS
100
AcDbLine
 10
137.9848619999999926
 20
-131.1768439999999885
 30
0
 11
138.0800999999999874
 21
-130.7958919999999807
 31
0
  0
LINE
  5
9EB
330
1A
100
AcDbEntity
  8
BLACK
  6
CONTINUOUS
100
AcDbLine
 10
138.0800999999999874
 20
-130.7958919999999807
 30
0
 11
138.1753379999999822
 21
-130.6054159999999911
 31
0
  0
LINE
  5
9EC
330
1A
100
AcDbEntity
  8
BLACK
  6
CONTINUOUS
100
AcDbLine
 10
138.1753379999999822
 20
-130.6054159999999911
 30
0
 11
138.2705760000000055
 21
-130.5101779999999962
 31
0
  0
LINE
  5
9ED
330
1A
100
AcDbEntity
  8
BLACK
  6
CONTINUOUS
100
AcDbLine
 10
138.2705760000000055
 20
-130.5101779999999962
 30
0
 11
138.4610519999999951
 21
-130.4149400000000014
 31
0
  0
LINE
  5
9EE
330
1A
100
AcDbEntity
  8
BLACK
  6
CONTINUOUS
100
AcDbLine
 10
140.3658140000000003
 20
-130.4149400000000014
 30
0
 11
140.5562909999999874
 21
-130.4149400000000014
 31
0
  0
LINE
  5
9EF
330
1A
100
AcDbEntity
  8
BLACK
  6
CONTINUOUS
100
AcDbLine
 10
140.5562909999999874
 20
-130.4149400000000014
 30
0
 11
140.7467670000000055
 21
-130.5101779999999962
 31
0
  0
LINE
  5
9F0
330
1A
100
AcDbEntity
  8
BLACK
  6
CONTINUOUS
100
AcDbLine
 10
140.7467670000000055
 20
-130.5101779999999962
 30
0
 11
140.8420050000000003
 21
-130.6054159999999911
 31
0
  0
LINE
  5
9F1
330
1A
100
AcDbEntity
  8
BLACK
  6
CONTINUOUS
100
AcDbLine
 10
140.8420050000000003
 20
-130.6054159999999911
 30
0
 11
140.9372429999999952
 21
-130.7958919999999807
 31
0
  0
LINE
  5
9F2
330
1A
100
AcDbEntity
  8
BLACK
  6
CONTINUOUS
100
AcDbLine
 10
140.9372429999999952
 20
-130.7958919999999807
 30
0
 11
141.03248099999999
 21
-131.1768439999999885
 31
0
  0
LINE
  5
9F3
330
1A
100
AcDbEntity
  8
BLACK
  6
CONTINUOUS
100
AcDbLine
 10
141.03248099999999
 20
-131.1768439999999885
 30
0
 11
141.03248099999999
 21
-131.6530349999999885
 31
0
  0
LINE
  5
9F4
330
1A
100
AcDbEntity
  8
BLACK
  6
CONTINUOUS
100
AcDbLine
 10
141.03248099999999
 20
-131.6530349999999885
 30
0
 11
140.9372429999999952
 21
-132.0339869999999962
 31
0
  0
LINE
  5
9F5
330
1A
100
AcDbEntity
  8
BLACK
  6
CONTINUOUS
100
AcDbLine
 10
140.9372429999999952
 20
-132.0339869999999962
 30
0
 11
140.8420050000000003
 21
-132.2244629999999859
 31
0
  0
LINE
  5
9F6
330
1A
100
AcDbEntity
  8
BLACK
  6
CONTINUOUS
100
AcDbLine
 10
140.8420050000000003
 20
-132.2244629999999859
 30
0
 11
140.7467670000000055
 21
-132.3197020000000066
 31
0
  0
LINE
  5
9F7
330
1A
100
AcDbEntity
  8
BLACK
  6
CONTINUOUS
100
AcDbLine
 10
140.7467670000000055
 20
-132.3197020000000066
 30
0
 11
140.5562909999999874
 21
-132.4149400000000014
 31
0
  0
LINE
  5
9F8
330
1A
100
AcDbEntity
  8
BLACK
  6
CONTINUOUS
100
AcDbLine
 10
140.5562909999999874
 20
-132.4149400000000014
 30
0
 11
140.3658140000000003
 21
-132.4149400000000014
 31
0
  0
LINE
  5
9F9
330
1A
100
AcDbEntity
  8
BLACK
  6
CONTINUOUS
100
AcDbLine
 10
140.3658140000000003
 20
-132.4149400000000014
 30
0
 11
140.1753379999999822
 21
-132.3197020000000066
 31
0
  0
LINE
  5
9FA
330
1A
100
AcDbEntity
  8
BLACK
  6
CONTINUOUS
100
AcDbLine
 10
140.1753379999999822
 20
-132.3197020000000066
 30
0
 11
140.0800999999999874
 21
-132.2244629999999859
 31
0
  0
LINE
  5
9FB
330
1A
100
AcDbEntity
  8
BLACK
  6
CONTINUOUS
100
AcDbLine
 10
140.0800999999999874
 20
-132.2244629999999859
 30
0
 11
139.9848619999999926
 21
-132.0339869999999962
 31
0
  0
LINE
  5
9FC
330
1A
100
AcDbEntity
  8
BLACK
  6
CONTINUOUS
100
AcDbLine
 10
139.9848619999999926
 20
-132.0339869999999962
 30
0
 11
139.8896239999999977
 21
-131.6530349999999885
 31
0
  0
LINE
  5
9FD
330
1A
100
AcDbEntity
  8
BLACK
  6
CONTINUOUS
100
AcDbLine
 10
139.8896239999999977
 20
-131.6530349999999885
 30
0
 11
139.8896239999999977
 21
-131.1768439999999885
 31
0
  0
LINE
  5
9FE
330
1A
100
AcDbEntity
  8
BLACK
  6
CONTINUOUS
100
AcDbLine
 10
139.8896239999999977
 20
-131.1768439999999885
 30
0
 11
139.9848619999999926
 21
-130.7958919999999807
 31
0
  0
LINE
  5
9FF
330
1A
100
AcDbEntity
  8
BLACK
  6
CONTINUOUS
100
AcDbLine
 10
139.9848619999999926
 20
-130.7958919999999807
 30
0
 11
140.0800999999999874
 21
-130.6054159999999911
 31
0
  0
LINE
  5
A00
330
1A
100
AcDbEntity
  8
BLACK
  6
CONTINUOUS
100
AcDbLine
 10
140.0800999999999874
 20
-130.6054159999999911
 30
0
 11
140.1753379999999822
 21
-130.5101779999999962
 31
0
  0
LINE
  5
A01
330
1A
100
AcDbEntity
  8
BLACK
  6
CONTINUOUS
100
AcDbLine
 10
140.1753379999999822
 20
-130.5101779999999962
 30
0
 11
140.3658140000000003
 21
-130.4149400000000014
 31
0
  0
LINE
  5
A02
330
1A
100
AcDbEntity
  8
BLACK
  6
CONTINUOUS
100
AcDbLine
 10
141.9848619999999926
 20
-132.4149400000000014
 30
0
 11
142.3658140000000003
 21
-132.4149400000000014
 31
0
  0
LINE
  5
A03
330
1A
100
AcDbEntity
  8
BLACK
  6
CONTINUOUS
100
AcDbLine
 10
142.3658140000000003
 20
-132.4149400000000014
 30
0
 11
142.5562909999999874
 21
-132.3197020000000066
 31
0
  0
LINE
  5
A04
330
1A
100
AcDbEntity
  8
BLACK
  6
CONTINUOUS
100
AcDbLine
 10
142.5562909999999874
 20
-132.3197020000000066
 30
0
 11
142.6515289999999823
 21
-132.2244629999999859
 31
0
  0
LINE
  5
A05
330
1A
100
AcDbEntity
  8
BLACK
  6
CONTINUOUS
100
AcDbLine
 10
142.6515289999999823
 20
-132.2244629999999859
 30
0
 11
142.8420050000000003
 21
-131.9387490000000014
 31
0
  0
LINE
  5
A06
330
1A
100
AcDbEntity
  8
BLACK
  6
CONTINUOUS
100
AcDbLine
 10
142.8420050000000003
 20
-131.9387490000000014
 30
0
 11
142.9372429999999952
 21
-131.5577969999999937
 31
0
  0
LINE
  5
A07
330
1A
100
AcDbEntity
  8
BLACK
  6
CONTINUOUS
100
AcDbLine
 10
142.9372429999999952
 20
-131.5577969999999937
 30
0
 11
142.9372429999999952
 21
-130.7958919999999807
 31
0
  0
LINE
  5
A08
330
1A
100
AcDbEntity
  8
BLACK
  6
CONTINUOUS
100
AcDbLine
 10
142.9372429999999952
 20
-130.7958919999999807
 30
0
 11
142.8420050000000003
 21
-130.6054159999999911
 31
0
  0
LINE
  5
A09
330
1A
100
AcDbEntity
  8
BLACK
  6
CONTINUOUS
100
AcDbLine
 10
142.8420050000000003
 20
-130.6054159999999911
 30
0
 11
142.7467670000000055
 21
-130.5101779999999962
 31
0
  0
LINE
  5
A0A
330
1A
100
AcDbEntity
  8
BLACK
  6
CONTINUOUS
100
AcDbLine
 10
142.7467670000000055
 20
-130.5101779999999962
 30
0
 11
142.5562909999999874
 21
-130.4149400000000014
 31
0
  0
LINE
  5
A0B
330
1A
100
AcDbEntity
  8
BLACK
  6
CONTINUOUS
100
AcDbLine
 10
142.5562909999999874
 20
-130.4149400000000014
 30
0
 11
142.1753379999999822
 21
-130.4149400000000014
 31
0
  0
LINE
  5
A0C
330
1A
100
AcDbEntity
  8
BLACK
  6
CONTINUOUS
100
AcDbLine
 10
142.1753379999999822
 20
-130.4149400000000014
 30
0
 11
141.9848619999999926
 21
-130.5101779999999962
 31
0
  0
LINE
  5
A0D
330
1A
100
AcDbEntity
  8
BLACK
  6
CONTINUOUS
100
AcDbLine
 10
141.9848619999999926
 20
-130.5101779999999962
 30
0
 11
141.8896239999999977
 21
-130.6054159999999911
 31
0
  0
LINE
  5
A0E
330
1A
100
AcDbEntity
  8
BLACK
  6
CONTINUOUS
100
AcDbLine
 10
141.8896239999999977
 20
-130.6054159999999911
 30
0
 11
141.7943860000000029
 21
-130.7958919999999807
 31
0
  0
LINE
  5
A0F
330
1A
100
AcDbEntity
  8
BLACK
  6
CONTINUOUS
100
AcDbLine
 10
141.7943860000000029
 20
-130.7958919999999807
 30
0
 11
141.7943860000000029
 21
-131.2720819999999833
 31
0
  0
LINE
  5
A10
330
1A
100
AcDbEntity
  8
BLACK
  6
CONTINUOUS
100
AcDbLine
 10
141.7943860000000029
 20
-131.2720819999999833
 30
0
 11
141.8896239999999977
 21
-131.4625589999999988
 31
0
  0
LINE
  5
A11
330
1A
100
AcDbEntity
  8
BLACK
  6
CONTINUOUS
100
AcDbLine
 10
141.8896239999999977
 20
-131.4625589999999988
 30
0
 11
141.9848619999999926
 21
-131.5577969999999937
 31
0
  0
LINE
  5
A12
330
1A
100
AcDbEntity
  8
BLACK
  6
CONTINUOUS
100
AcDbLine
 10
141.9848619999999926
 20
-131.5577969999999937
 30
0
 11
142.1753379999999822
 21
-131.6530349999999885
 31
0
  0
LINE
  5
A13
330
1A
100
AcDbEntity
  8
BLACK
  6
CONTINUOUS
100
AcDbLine
 10
142.1753379999999822
 20
-131.6530349999999885
 30
0
 11
142.5562909999999874
 21
-131.6530349999999885
 31
0
  0
LINE
  5
A14
330
1A
100
AcDbEntity
  8
BLACK
  6
CONTINUOUS
100
AcDbLine
 10
142.5562909999999874
 20
-131.6530349999999885
 30
0
 11
142.7467670000000055
 21
-131.5577969999999937
 31
0
  0
LINE
  5
A15
330
1A
100
AcDbEntity
  8
BLACK
  6
CONTINUOUS
100
AcDbLine
 10
142.7467670000000055
 20
-131.5577969999999937
 30
0
 11
142.8420050000000003
 21
-131.4625589999999988
 31
0
  0
LINE
  5
A16
330
1A
100
AcDbEntity
  8
BLACK
  6
CONTINUOUS
100
AcDbLine
 10
142.8420050000000003
 20
-131.4625589999999988
 30
0
 11
142.9372429999999952
 21
-131.2720819999999833
 31
0
  0
LINE
  5
A17
330
1A
100
AcDbEntity
  8
BLACK
  6
CONTINUOUS
100
AcDbLine
 10
144.0800999999999874
 20
-131.2720819999999833
 30
0
 11
143.8896239999999977
 21
-131.1768439999999885
 31
0
  0
LINE
  5
A18
330
1A
100
AcDbEntity
  8
BLACK
  6
CONTINUOUS
100
AcDbLine
 10
143.8896239999999977
 20
-131.1768439999999885
 30
0
 11
143.7943860000000029
 21
-131.0816059999999936
 31
0
  0
LINE
  5
A19
330
1A
100
AcDbEntity
  8
BLACK
  6
CONTINUOUS
100
AcDbLine
 10
143.7943860000000029
 20
-131.0816059999999936
 30
0
 11
143.6991479999999797
 21
-130.891130000000004
 31
0
  0
LINE
  5
A1A
330
1A
100
AcDbEntity
  8
BLACK
  6
CONTINUOUS
100
AcDbLine
 10
143.6991479999999797
 20
-130.891130000000004
 30
0
 11
143.6991479999999797
 21
-130.7958919999999807
 31
0
  0
LINE
  5
A1B
330
1A
100
AcDbEntity
  8
BLACK
  6
CONTINUOUS
100
AcDbLine
 10
143.6991479999999797
 20
-130.7958919999999807
 30
0
 11
143.7943860000000029
 21
-130.6054159999999911
 31
0
  0
LINE
  5
A1C
330
1A
100
AcDbEntity
  8
BLACK
  6
CONTINUOUS
100
AcDbLine
 10
143.7943860000000029
 20
-130.6054159999999911
 30
0
 11
143.8896239999999977
 21
-130.5101779999999962
 31
0
  0
LINE
  5
A1D
330
1A
100
AcDbEntity
  8
BLACK
  6
CONTINUOUS
100
AcDbLine
 10
143.8896239999999977
 20
-130.5101779999999962
 30
0
 11
144.0800999999999874
 21
-130.4149400000000014
 31
0
  0
LINE
  5
A1E
330
1A
100
AcDbEntity
  8
BLACK
  6
CONTINUOUS
100
AcDbLine
 10
144.0800999999999874
 20
-130.4149400000000014
 30
0
 11
144.4610529999999926
 21
-130.4149400000000014
 31
0
  0
LINE
  5
A1F
330
1A
100
AcDbEntity
  8
BLACK
  6
CONTINUOUS
100
AcDbLine
 10
144.4610529999999926
 20
-130.4149400000000014
 30
0
 11
144.6515289999999823
 21
-130.5101779999999962
 31
0
  0
LINE
  5
A20
330
1A
100
AcDbEntity
  8
BLACK
  6
CONTINUOUS
100
AcDbLine
 10
144.6515289999999823
 20
-130.5101779999999962
 30
0
 11
144.7467670000000055
 21
-130.6054159999999911
 31
0
  0
LINE
  5
A21
330
1A
100
AcDbEntity
  8
BLACK
  6
CONTINUOUS
100
AcDbLine
 10
144.7467670000000055
 20
-130.6054159999999911
 30
0
 11
144.8420050000000003
 21
-130.7958919999999807
 31
0
  0
LINE
  5
A22
330
1A
100
AcDbEntity
  8
BLACK
  6
CONTINUOUS
100
AcDbLine
 10
144.8420050000000003
 20
-130.7958919999999807
 30
0
 11
144.8420050000000003
 21
-130.891130000000004
 31
0
  0
LINE
  5
A23
330
1A
100
AcDbEntity
  8
BLACK
  6
CONTINUOUS
100
AcDbLine
 10
144.8420050000000003
 20
-130.891130000000004
 30
0
 11
144.7467670000000055
 21
-131.0816059999999936
 31
0
  0
LINE
  5
A24
330
1A
100
AcDbEntity
  8
BLACK
  6
CONTINUOUS
100
AcDbLine
 10
144.7467670000000055
 20
-131.0816059999999936
 30
0
 11
144.6515289999999823
 21
-131.1768439999999885
 31
0
  0
LINE
  5
A25
330
1A
100
AcDbEntity
  8
BLACK
  6
CONTINUOUS
100
AcDbLine
 10
144.6515289999999823
 20
-131.1768439999999885
 30
0
 11
144.4610529999999926
 21
-131.2720819999999833
 31
0
  0
LINE
  5
A26
330
1A
100
AcDbEntity
  8
BLACK
  6
CONTINUOUS
100
AcDbLine
 10
144.4610529999999926
 20
-131.2720819999999833
 30
0
 11
144.0800999999999874
 21
-131.2720819999999833
 31
0
  0
LINE
  5
A27
330
1A
100
AcDbEntity
  8
BLACK
  6
CONTINUOUS
100
AcDbLine
 10
144.0800999999999874
 20
-131.2720819999999833
 30
0
 11
143.8896239999999977
 21
-131.367321000000004
 31
0
  0
LINE
  5
A28
330
1A
100
AcDbEntity
  8
BLACK
  6
CONTINUOUS
100
AcDbLine
 10
143.8896239999999977
 20
-131.367321000000004
 30
0
 11
143.7943860000000029
 21
-131.4625589999999988
 31
0
  0
LINE
  5
A29
330
1A
100
AcDbEntity
  8
BLACK
  6
CONTINUOUS
100
AcDbLine
 10
143.7943860000000029
 20
-131.4625589999999988
 30
0
 11
143.6991479999999797
 21
-131.6530349999999885
 31
0
  0
LINE
  5
A2A
330
1A
100
AcDbEntity
  8
BLACK
  6
CONTINUOUS
100
AcDbLine
 10
143.6991479999999797
 20
-131.6530349999999885
 30
0
 11
143.6991479999999797
 21
-132.0339869999999962
 31
0
  0
LINE
  5
A2B
330
1A
100
AcDbEntity
  8
BLACK
  6
CONTINUOUS
100
AcDbLine
 10
143.6991479999999797
 20
-132.0339869999999962
 30
0
 11
143.7943860000000029
 21
-132.2244629999999859
 31
0
  0
LINE
  5
A2C
330
1A
100
AcDbEntity
  8
BLACK
  6
CONTINUOUS
100
AcDbLine
 10
143.7943860000000029
 20
-132.2244629999999859
 30
0
 11
143.8896239999999977
 21
-132.3197020000000066
 31
0
  0
LINE
  5
A2D
330
1A
100
AcDbEntity
  8
BLACK
  6
CONTINUOUS
100
AcDbLine
 10
143.8896239999999977
 20
-132.3197020000000066
 30
0
 11
144.0800999999999874
 21
-132.4149400000000014
 31
0
  0
LINE
  5
A2E
330
1A
100
AcDbEntity
  8
BLACK
  6
CONTINUOUS
100
AcDbLine
 10
144.0800999999999874
 20
-132.4149400000000014
 30
0
 11
144.4610529999999926
 21
-132.4149400000000014
 31
0
  0
LINE
  5
A2F
330
1A
100
AcDbEntity
  8
BLACK
  6
CONTINUOUS
100
AcDbLine
 10
144.4610529999999926
 20
-132.4149400000000014
 30
0
 11
144.6515289999999823
 21
-132.3197020000000066
 31
0
  0
LINE
  5
A30
330
1A
100
AcDbEntity
  8
BLACK
  6
CONTINUOUS
100
AcDbLine
 10
144.6515289999999823
 20
-132.3197020000000066
 30
0
 11
144.7467670000000055
 21
-132.2244629999999859
 31
0
  0
LINE
  5
A31
330
1A
100
AcDbEntity
  8
BLACK
  6
CONTINUOUS
100
AcDbLine
 10
144.7467670000000055
 20
-132.2244629999999859
 30
0
 11
144.8420050000000003
 21
-132.0339869999999962
 31
0
  0
LINE
  5
A32
330
1A
100
AcDbEntity
  8
BLACK
  6
CONTINUOUS
100
AcDbLine
 10
144.8420050000000003
 20
-132.0339869999999962
 30
0
 11
144.8420050000000003
 21
-131.6530349999999885
 31
0
  0
LINE
  5
A33
330
1A
100
AcDbEntity
  8
BLACK
  6
CONTINUOUS
100
AcDbLine
 10
144.8420050000000003
 20
-131.6530349999999885
 30
0
 11
144.7467670000000055
 21
-131.4625589999999988
 31
0
  0
LINE
  5
A34
330
1A
100
AcDbEntity
  8
BLACK
  6
CONTINUOUS
100
AcDbLine
 10
144.7467670000000055
 20
-131.4625589999999988
 30
0
 11
144.6515289999999823
 21
-131.367321000000004
 31
0
  0
LINE
  5
A35
330
1A
100
AcDbEntity
  8
BLACK
  6
CONTINUOUS
100
AcDbLine
 10
144.6515289999999823
 20
-131.367321000000004
 30
0
 11
144.4610529999999926
 21
-131.2720819999999833
 31
0
  0
LINE
  5
A36
330
1A
100
AcDbEntity
  8
BLACK
  6
CONTINUOUS
100
AcDbLine
 10
145.6039099999999848
 20
-130.4149400000000014
 30
0
 11
145.6039099999999848
 21
-130.7958919999999807
 31
0
  0
LINE
  5
A37
330
1A
100
AcDbEntity
  8
BLACK
  6
CONTINUOUS
100
AcDbLine
 10
146.3658149999999978
 20
-130.4149400000000014
 30
0
 11
146.3658149999999978
 21
-130.7958919999999807
 31
0
  0
LINE
  5
A38
330
1A
100
AcDbEntity
  8
BLACK
  6
CONTINUOUS
100
AcDbLine
 10
149.3181969999999978
 20
-133.1768439999999885
 30
0
 11
149.2229580000000055
 21
-133.0816059999999936
 31
0
  0
LINE
  5
A39
330
1A
100
AcDbEntity
  8
BLACK
  6
CONTINUOUS
100
AcDbLine
 10
149.2229580000000055
 20
-133.0816059999999936
 30
0
 11
149.0324819999999875
 21
-132.7958919999999807
 31
0
  0
LINE
  5
A3A
330
1A
100
AcDbEntity
  8
BLACK
  6
CONTINUOUS
100
AcDbLine
 10
149.0324819999999875
 20
-132.7958919999999807
 30
0
 11
148.9372439999999926
 21
-132.6054159999999911
 31
0
  0
LINE
  5
A3B
330
1A
100
AcDbEntity
  8
BLACK
  6
CONTINUOUS
100
AcDbLine
 10
148.9372439999999926
 20
-132.6054159999999911
 30
0
 11
148.8420059999999978
 21
-132.3197020000000066
 31
0
  0
LINE
  5
A3C
330
1A
100
AcDbEntity
  8
BLACK
  6
CONTINUOUS
100
AcDbLine
 10
148.8420059999999978
 20
-132.3197020000000066
 30
0
 11
148.746768000000003
 21
-131.8435110000000066
 31
0
  0
LINE
  5
A3D
330
1A
100
AcDbEntity
  8
BLACK
  6
CONTINUOUS
100
AcDbLine
 10
148.746768000000003
 20
-131.8435110000000066
 30
0
 11
148.746768000000003
 21
-131.4625589999999988
 31
0
  0
LINE
  5
A3E
330
1A
100
AcDbEntity
  8
BLACK
  6
CONTINUOUS
100
AcDbLine
 10
148.746768000000003
 20
-131.4625589999999988
 30
0
 11
148.8420059999999978
 21
-130.9863679999999988
 31
0
  0
LINE
  5
A3F
330
1A
100
AcDbEntity
  8
BLACK
  6
CONTINUOUS
100
AcDbLine
 10
148.8420059999999978
 20
-130.9863679999999988
 30
0
 11
148.9372439999999926
 21
-130.7006539999999859
 31
0
  0
LINE
  5
A40
330
1A
100
AcDbEntity
  8
BLACK
  6
CONTINUOUS
100
AcDbLine
 10
148.9372439999999926
 20
-130.7006539999999859
 30
0
 11
149.0324819999999875
 21
-130.5101779999999962
 31
0
  0
LINE
  5
A41
330
1A
100
AcDbEntity
  8
BLACK
  6
CONTINUOUS
100
AcDbLine
 10
149.0324819999999875
 20
-130.5101779999999962
 30
0
 11
149.2229580000000055
 21
-130.2244629999999859
 31
0
  0
LINE
  5
A42
330
1A
100
AcDbEntity
  8
BLACK
  6
CONTINUOUS
100
AcDbLine
 10
149.2229580000000055
 20
-130.2244629999999859
 30
0
 11
149.3181969999999978
 21
-130.129224999999991
 31
0
  0
LINE
  5
A43
330
1A
100
AcDbEntity
  8
BLACK
  6
CONTINUOUS
100
AcDbLine
 10
150.9372439999999926
 20
-130.4149400000000014
 30
0
 11
150.5562909999999874
 21
-130.4149400000000014
 31
0
  0
LINE
  5
A44
330
1A
100
AcDbEntity
  8
BLACK
  6
CONTINUOUS
100
AcDbLine
 10
150.5562909999999874
 20
-130.4149400000000014
 30
0
 11
150.3658149999999978
 21
-130.5101779999999962
 31
0
  0
LINE
  5
A45
330
1A
100
AcDbEntity
  8
BLACK
  6
CONTINUOUS
100
AcDbLine
 10
150.3658149999999978
 20
-130.5101779999999962
 30
0
 11
150.270577000000003
 21
-130.6054159999999911
 31
0
  0
LINE
  5
A46
330
1A
100
AcDbEntity
  8
BLACK
  6
CONTINUOUS
100
AcDbLine
 10
150.270577000000003
 20
-130.6054159999999911
 30
0
 11
150.0801009999999849
 21
-130.891130000000004
 31
0
  0
LINE
  5
A47
330
1A
100
AcDbEntity
  8
BLACK
  6
CONTINUOUS
100
AcDbLine
 10
150.0801009999999849
 20
-130.891130000000004
 30
0
 11
149.9848629999999901
 21
-131.2720819999999833
 31
0
  0
LINE
  5
A48
330
1A
100
AcDbEntity
  8
BLACK
  6
CONTINUOUS
100
AcDbLine
 10
149.9848629999999901
 20
-131.2720819999999833
 30
0
 11
149.9848629999999901
 21
-132.0339869999999962
 31
0
  0
LINE
  5
A49
330
1A
100
AcDbEntity
  8
BLACK
  6
CONTINUOUS
100
AcDbLine
 10
149.9848629999999901
 20
-132.0339869999999962
 30
0
 11
150.0801009999999849
 21
-132.2244629999999859
 31
0
  0
LINE
  5
A4A
330
1A
100
AcDbEntity
  8
BLACK
  6
CONTINUOUS
100
AcDbLine
 10
150.0801009999999849
 20
-132.2244629999999859
 30
0
 11
150.1753389999999797
 21
-132.3197020000000066
 31
0
  0
LINE
  5
A4B
330
1A
100
AcDbEntity
  8
BLACK
  6
CONTINUOUS
100
AcDbLine
 10
150.1753389999999797
 20
-132.3197020000000066
 30
0
 11
150.3658149999999978
 21
-132.4149400000000014
 31
0
  0
LINE
  5
A4C
330
1A
100
AcDbEntity
  8
BLACK
  6
CONTINUOUS
100
AcDbLine
 10
150.3658149999999978
 20
-132.4149400000000014
 30
0
 11
150.746768000000003
 21
-132.4149400000000014
 31
0
  0
LINE
  5
A4D
330
1A
100
AcDbEntity
  8
BLACK
  6
CONTINUOUS
100
AcDbLine
 10
150.746768000000003
 20
-132.4149400000000014
 30
0
 11
150.9372439999999926
 21
-132.3197020000000066
 31
0
  0
LINE
  5
A4E
330
1A
100
AcDbEntity
  8
BLACK
  6
CONTINUOUS
100
AcDbLine
 10
150.9372439999999926
 20
-132.3197020000000066
 30
0
 11
151.0324819999999875
 21
-132.2244629999999859
 31
0
  0
LINE
  5
A4F
330
1A
100
AcDbEntity
  8
BLACK
  6
CONTINUOUS
100
AcDbLine
 10
151.0324819999999875
 20
-132.2244629999999859
 30
0
 11
151.1277199999999823
 21
-132.0339869999999962
 31
0
  0
LINE
  5
A50
330
1A
100
AcDbEntity
  8
BLACK
  6
CONTINUOUS
100
AcDbLine
 10
151.1277199999999823
 20
-132.0339869999999962
 30
0
 11
151.1277199999999823
 21
-131.5577969999999937
 31
0
  0
LINE
  5
A51
330
1A
100
AcDbEntity
  8
BLACK
  6
CONTINUOUS
100
AcDbLine
 10
151.1277199999999823
 20
-131.5577969999999937
 30
0
 11
151.0324819999999875
 21
-131.367321000000004
 31
0
  0
LINE
  5
A52
330
1A
100
AcDbEntity
  8
BLACK
  6
CONTINUOUS
100
AcDbLine
 10
151.0324819999999875
 20
-131.367321000000004
 30
0
 11
150.9372439999999926
 21
-131.2720819999999833
 31
0
  0
LINE
  5
A53
330
1A
100
AcDbEntity
  8
BLACK
  6
CONTINUOUS
100
AcDbLine
 10
150.9372439999999926
 20
-131.2720819999999833
 30
0
 11
150.746768000000003
 21
-131.1768439999999885
 31
0
  0
LINE
  5
A54
330
1A
100
AcDbEntity
  8
BLACK
  6
CONTINUOUS
100
AcDbLine
 10
150.746768000000003
 20
-131.1768439999999885
 30
0
 11
150.3658149999999978
 21
-131.1768439999999885
 31
0
  0
LINE
  5
A55
330
1A
100
AcDbEntity
  8
BLACK
  6
CONTINUOUS
100
AcDbLine
 10
150.3658149999999978
 20
-131.1768439999999885
 30
0
 11
150.1753389999999797
 21
-131.2720819999999833
 31
0
  0
LINE
  5
A56
330
1A
100
AcDbEntity
  8
BLACK
  6
CONTINUOUS
100
AcDbLine
 10
150.1753389999999797
 20
-131.2720819999999833
 30
0
 11
150.0801009999999849
 21
-131.367321000000004
 31
0
  0
LINE
  5
A57
330
1A
100
AcDbEntity
  8
BLACK
  6
CONTINUOUS
100
AcDbLine
 10
150.0801009999999849
 20
-131.367321000000004
 30
0
 11
149.9848629999999901
 21
-131.5577969999999937
 31
0
  0
LINE
  5
A58
330
1A
100
AcDbEntity
  8
BLACK
  6
CONTINUOUS
100
AcDbLine
 10
151.7943870000000004
 20
-130.4149400000000014
 30
0
 11
153.1277199999999823
 21
-130.4149400000000014
 31
0
  0
LINE
  5
A59
330
1A
100
AcDbEntity
  8
BLACK
  6
CONTINUOUS
100
AcDbLine
 10
153.1277199999999823
 20
-130.4149400000000014
 30
0
 11
152.270577000000003
 21
-132.4149400000000014
 31
0
  0
LINE
  5
A5A
330
1A
100
AcDbEntity
  8
BLACK
  6
CONTINUOUS
100
AcDbLine
 10
154.746768000000003
 20
-131.0816059999999936
 30
0
 11
154.746768000000003
 21
-132.4149400000000014
 31
0
  0
LINE
  5
A5B
330
1A
100
AcDbEntity
  8
BLACK
  6
CONTINUOUS
100
AcDbLine
 10
154.270577000000003
 20
-130.3197020000000066
 30
0
 11
153.7943870000000004
 21
-131.7482729999999833
 31
0
  0
LINE
  5
A5C
330
1A
100
AcDbEntity
  8
BLACK
  6
CONTINUOUS
100
AcDbLine
 10
153.7943870000000004
 20
-131.7482729999999833
 30
0
 11
155.0324819999999875
 21
-131.7482729999999833
 31
0
  0
LINE
  5
A5D
330
1A
100
AcDbEntity
  8
BLACK
  6
CONTINUOUS
100
AcDbLine
 10
157.3181969999999978
 20
-132.4149400000000014
 30
0
 11
157.3181969999999978
 21
-130.4149400000000014
 31
0
  0
LINE
  5
A5E
330
1A
100
AcDbEntity
  8
BLACK
  6
CONTINUOUS
100
AcDbLine
 10
158.1753400000000056
 20
-132.4149400000000014
 30
0
 11
158.1753400000000056
 21
-131.367321000000004
 31
0
  0
LINE
  5
A5F
330
1A
100
AcDbEntity
  8
BLACK
  6
CONTINUOUS
100
AcDbLine
 10
158.1753400000000056
 20
-131.367321000000004
 30
0
 11
158.0801019999999824
 21
-131.1768439999999885
 31
0
  0
LINE
  5
A60
330
1A
100
AcDbEntity
  8
BLACK
  6
CONTINUOUS
100
AcDbLine
 10
158.0801019999999824
 20
-131.1768439999999885
 30
0
 11
157.8896259999999927
 21
-131.0816059999999936
 31
0
  0
LINE
  5
A61
330
1A
100
AcDbEntity
  8
BLACK
  6
CONTINUOUS
100
AcDbLine
 10
157.8896259999999927
 20
-131.0816059999999936
 30
0
 11
157.6039109999999823
 21
-131.0816059999999936
 31
0
  0
LINE
  5
A62
330
1A
100
AcDbEntity
  8
BLACK
  6
CONTINUOUS
100
AcDbLine
 10
157.6039109999999823
 20
-131.0816059999999936
 30
0
 11
157.4134349999999927
 21
-131.1768439999999885
 31
0
  0
LINE
  5
A63
330
1A
100
AcDbEntity
  8
BLACK
  6
CONTINUOUS
100
AcDbLine
 10
157.4134349999999927
 20
-131.1768439999999885
 30
0
 11
157.3181969999999978
 21
-131.2720819999999833
 31
0
  0
LINE
  5
A64
330
1A
100
AcDbEntity
  8
BLACK
  6
CONTINUOUS
100
AcDbLine
 10
159.4134349999999927
 20
-132.4149400000000014
 30
0
 11
159.222959000000003
 21
-132.3197020000000066
 31
0
  0
LINE
  5
A65
330
1A
100
AcDbEntity
  8
BLACK
  6
CONTINUOUS
100
AcDbLine
 10
159.222959000000003
 20
-132.3197020000000066
 30
0
 11
159.1277209999999798
 21
-132.2244629999999859
 31
0
  0
LINE
  5
A66
330
1A
100
AcDbEntity
  8
BLACK
  6
CONTINUOUS
100
AcDbLine
 10
159.1277209999999798
 20
-132.2244629999999859
 30
0
 11
159.0324829999999849
 21
-132.0339869999999962
 31
0
  0
LINE
  5
A67
330
1A
100
AcDbEntity
  8
BLACK
  6
CONTINUOUS
100
AcDbLine
 10
159.0324829999999849
 20
-132.0339869999999962
 30
0
 11
159.0324829999999849
 21
-131.4625589999999988
 31
0
  0
LINE
  5
A68
330
1A
100
AcDbEntity
  8
BLACK
  6
CONTINUOUS
100
AcDbLine
 10
159.0324829999999849
 20
-131.4625589999999988
 30
0
 11
159.1277209999999798
 21
-131.2720819999999833
 31
0
  0
LINE
  5
A69
330
1A
100
AcDbEntity
  8
BLACK
  6
CONTINUOUS
100
AcDbLine
 10
159.1277209999999798
 20
-131.2720819999999833
 30
0
 11
159.222959000000003
 21
-131.1768439999999885
 31
0
  0
LINE
  5
A6A
330
1A
100
AcDbEntity
  8
BLACK
  6
CONTINUOUS
100
AcDbLine
 10
159.222959000000003
 20
-131.1768439999999885
 30
0
 11
159.4134349999999927
 21
-131.0816059999999936
 31
0
  0
LINE
  5
A6B
330
1A
100
AcDbEntity
  8
BLACK
  6
CONTINUOUS
100
AcDbLine
 10
159.4134349999999927
 20
-131.0816059999999936
 30
0
 11
159.699150000000003
 21
-131.0816059999999936
 31
0
  0
LINE
  5
A6C
330
1A
100
AcDbEntity
  8
BLACK
  6
CONTINUOUS
100
AcDbLine
 10
159.699150000000003
 20
-131.0816059999999936
 30
0
 11
159.8896259999999927
 21
-131.1768439999999885
 31
0
  0
LINE
  5
A6D
330
1A
100
AcDbEntity
  8
BLACK
  6
CONTINUOUS
100
AcDbLine
 10
159.8896259999999927
 20
-131.1768439999999885
 30
0
 11
159.9848639999999875
 21
-131.2720819999999833
 31
0
  0
LINE
  5
A6E
330
1A
100
AcDbEntity
  8
BLACK
  6
CONTINUOUS
100
AcDbLine
 10
159.9848639999999875
 20
-131.2720819999999833
 30
0
 11
160.0801019999999824
 21
-131.4625589999999988
 31
0
  0
LINE
  5
A6F
330
1A
100
AcDbEntity
  8
BLACK
  6
CONTINUOUS
100
AcDbLine
 10
160.0801019999999824
 20
-131.4625589999999988
 30
0
 11
160.0801019999999824
 21
-132.0339869999999962
 31
0
  0
LINE
  5
A70
330
1A
100
AcDbEntity
  8
BLACK
  6
CONTINUOUS
100
AcDbLine
 10
160.0801019999999824
 20
-132.0339869999999962
 30
0
 11
159.9848639999999875
 21
-132.2244629999999859
 31
0
  0
LINE
  5
A71
330
1A
100
AcDbEntity
  8
BLACK
  6
CONTINUOUS
100
AcDbLine
 10
159.9848639999999875
 20
-132.2244629999999859
 30
0
 11
159.8896259999999927
 21
-132.3197020000000066
 31
0
  0
LINE
  5
A72
330
1A
100
AcDbEntity
  8
BLACK
  6
CONTINUOUS
100
AcDbLine
 10
159.8896259999999927
 20
-132.3197020000000066
 30
0
 11
159.699150000000003
 21
-132.4149400000000014
 31
0
  0
LINE
  5
A73
330
1A
100
AcDbEntity
  8
BLACK
  6
CONTINUOUS
100
AcDbLine
 10
159.699150000000003
 20
-132.4149400000000014
 30
0
 11
159.4134349999999927
 21
-132.4149400000000014
 31
0
  0
LINE
  5
A74
330
1A
100
AcDbEntity
  8
BLACK
  6
CONTINUOUS
100
AcDbLine
 10
161.222959000000003
 20
-132.4149400000000014
 30
0
 11
161.0324829999999849
 21
-132.3197020000000066
 31
0
  0
LINE
  5
A75
330
1A
100
AcDbEntity
  8
BLACK
  6
CONTINUOUS
100
AcDbLine
 10
161.0324829999999849
 20
-132.3197020000000066
 30
0
 11
160.9372449999999901
 21
-132.129224999999991
 31
0
  0
LINE
  5
A76
330
1A
100
AcDbEntity
  8
BLACK
  6
CONTINUOUS
100
AcDbLine
 10
160.9372449999999901
 20
-132.129224999999991
 30
0
 11
160.9372449999999901
 21
-130.4149400000000014
 31
0
  0
LINE
  5
A77
330
1A
100
AcDbEntity
  8
BLACK
  6
CONTINUOUS
100
AcDbLine
 10
162.7467690000000005
 20
-132.3197020000000066
 30
0
 11
162.5562929999999824
 21
-132.4149400000000014
 31
0
  0
LINE
  5
A78
330
1A
100
AcDbEntity
  8
BLACK
  6
CONTINUOUS
100
AcDbLine
 10
162.5562929999999824
 20
-132.4149400000000014
 30
0
 11
162.1753400000000056
 21
-132.4149400000000014
 31
0
  0
LINE
  5
A79
330
1A
100
AcDbEntity
  8
BLACK
  6
CONTINUOUS
100
AcDbLine
 10
162.1753400000000056
 20
-132.4149400000000014
 30
0
 11
161.9848639999999875
 21
-132.3197020000000066
 31
0
  0
LINE
  5
A7A
330
1A
100
AcDbEntity
  8
BLACK
  6
CONTINUOUS
100
AcDbLine
 10
161.9848639999999875
 20
-132.3197020000000066
 30
0
 11
161.8896259999999927
 21
-132.129224999999991
 31
0
  0
LINE
  5
A7B
330
1A
100
AcDbEntity
  8
BLACK
  6
CONTINUOUS
100
AcDbLine
 10
161.8896259999999927
 20
-132.129224999999991
 30
0
 11
161.8896259999999927
 21
-131.367321000000004
 31
0
  0
LINE
  5
A7C
330
1A
100
AcDbEntity
  8
BLACK
  6
CONTINUOUS
100
AcDbLine
 10
161.8896259999999927
 20
-131.367321000000004
 30
0
 11
161.9848639999999875
 21
-131.1768439999999885
 31
0
  0
LINE
  5
A7D
330
1A
100
AcDbEntity
  8
BLACK
  6
CONTINUOUS
100
AcDbLine
 10
161.9848639999999875
 20
-131.1768439999999885
 30
0
 11
162.1753400000000056
 21
-131.0816059999999936
 31
0
  0
LINE
  5
A7E
330
1A
100
AcDbEntity
  8
BLACK
  6
CONTINUOUS
100
AcDbLine
 10
162.1753400000000056
 20
-131.0816059999999936
 30
0
 11
162.5562929999999824
 21
-131.0816059999999936
 31
0
  0
LINE
  5
A7F
330
1A
100
AcDbEntity
  8
BLACK
  6
CONTINUOUS
100
AcDbLine
 10
162.5562929999999824
 20
-131.0816059999999936
 30
0
 11
162.7467690000000005
 21
-131.1768439999999885
 31
0
  0
LINE
  5
A80
330
1A
100
AcDbEntity
  8
BLACK
  6
CONTINUOUS
100
AcDbLine
 10
162.7467690000000005
 20
-131.1768439999999885
 30
0
 11
162.8420069999999953
 21
-131.367321000000004
 31
0
  0
LINE
  5
A81
330
1A
100
AcDbEntity
  8
BLACK
  6
CONTINUOUS
100
AcDbLine
 10
162.8420069999999953
 20
-131.367321000000004
 30
0
 11
162.8420069999999953
 21
-131.5577969999999937
 31
0
  0
LINE
  5
A82
330
1A
100
AcDbEntity
  8
BLACK
  6
CONTINUOUS
100
AcDbLine
 10
162.8420069999999953
 20
-131.5577969999999937
 30
0
 11
161.8896259999999927
 21
-131.7482729999999833
 31
0
  0
LINE
  5
A83
330
1A
100
AcDbEntity
  8
BLACK
  6
CONTINUOUS
100
AcDbLine
 10
163.6039119999999798
 20
-132.3197020000000066
 30
0
 11
163.7943879999999979
 21
-132.4149400000000014
 31
0
  0
LINE
  5
A84
330
1A
100
AcDbEntity
  8
BLACK
  6
CONTINUOUS
100
AcDbLine
 10
163.7943879999999979
 20
-132.4149400000000014
 30
0
 11
164.1753400000000056
 21
-132.4149400000000014
 31
0
  0
LINE
  5
A85
330
1A
100
AcDbEntity
  8
BLACK
  6
CONTINUOUS
100
AcDbLine
 10
164.1753400000000056
 20
-132.4149400000000014
 30
0
 11
164.3658169999999927
 21
-132.3197020000000066
 31
0
  0
LINE
  5
A86
330
1A
100
AcDbEntity
  8
BLACK
  6
CONTINUOUS
100
AcDbLine
 10
164.3658169999999927
 20
-132.3197020000000066
 30
0
 11
164.4610549999999876
 21
-132.129224999999991
 31
0
  0
LINE
  5
A87
330
1A
100
AcDbEntity
  8
BLACK
  6
CONTINUOUS
100
AcDbLine
 10
164.4610549999999876
 20
-132.129224999999991
 30
0
 11
164.4610549999999876
 21
-132.0339869999999962
 31
0
  0
LINE
  5
A88
330
1A
100
AcDbEntity
  8
BLACK
  6
CONTINUOUS
100
AcDbLine
 10
164.4610549999999876
 20
-132.0339869999999962
 30
0
 11
164.3658169999999927
 21
-131.8435110000000066
 31
0
  0
LINE
  5
A89
330
1A
100
AcDbEntity
  8
BLACK
  6
CONTINUOUS
100
AcDbLine
 10
164.3658169999999927
 20
-131.8435110000000066
 30
0
 11
164.1753400000000056
 21
-131.7482729999999833
 31
0
  0
LINE
  5
A8A
330
1A
100
AcDbEntity
  8
BLACK
  6
CONTINUOUS
100
AcDbLine
 10
164.1753400000000056
 20
-131.7482729999999833
 30
0
 11
163.8896259999999927
 21
-131.7482729999999833
 31
0
  0
LINE
  5
A8B
330
1A
100
AcDbEntity
  8
BLACK
  6
CONTINUOUS
100
AcDbLine
 10
163.8896259999999927
 20
-131.7482729999999833
 30
0
 11
163.699150000000003
 21
-131.6530349999999885
 31
0
  0
LINE
  5
A8C
330
1A
100
AcDbEntity
  8
BLACK
  6
CONTINUOUS
100
AcDbLine
 10
163.699150000000003
 20
-131.6530349999999885
 30
0
 11
163.6039119999999798
 21
-131.4625589999999988
 31
0
  0
LINE
  5
A8D
330
1A
100
AcDbEntity
  8
BLACK
  6
CONTINUOUS
100
AcDbLine
 10
163.6039119999999798
 20
-131.4625589999999988
 30
0
 11
163.6039119999999798
 21
-131.367321000000004
 31
0
  0
LINE
  5
A8E
330
1A
100
AcDbEntity
  8
BLACK
  6
CONTINUOUS
100
AcDbLine
 10
163.6039119999999798
 20
-131.367321000000004
 30
0
 11
163.699150000000003
 21
-131.1768439999999885
 31
0
  0
LINE
  5
A8F
330
1A
100
AcDbEntity
  8
BLACK
  6
CONTINUOUS
100
AcDbLine
 10
163.699150000000003
 20
-131.1768439999999885
 30
0
 11
163.8896259999999927
 21
-131.0816059999999936
 31
0
  0
LINE
  5
A90
330
1A
100
AcDbEntity
  8
BLACK
  6
CONTINUOUS
100
AcDbLine
 10
163.8896259999999927
 20
-131.0816059999999936
 30
0
 11
164.1753400000000056
 21
-131.0816059999999936
 31
0
  0
LINE
  5
A91
330
1A
100
AcDbEntity
  8
BLACK
  6
CONTINUOUS
100
AcDbLine
 10
164.1753400000000056
 20
-131.0816059999999936
 30
0
 11
164.3658169999999927
 21
-131.1768439999999885
 31
0
  0
LINE
  5
A92
330
1A
100
AcDbEntity
  8
BLACK
  6
CONTINUOUS
100
AcDbLine
 10
165.1277220000000057
 20
-133.1768439999999885
 30
0
 11
165.2229600000000005
 21
-133.0816059999999936
 31
0
  0
LINE
  5
A93
330
1A
100
AcDbEntity
  8
BLACK
  6
CONTINUOUS
100
AcDbLine
 10
165.2229600000000005
 20
-133.0816059999999936
 30
0
 11
165.4134359999999901
 21
-132.7958919999999807
 31
0
  0
LINE
  5
A94
330
1A
100
AcDbEntity
  8
BLACK
  6
CONTINUOUS
100
AcDbLine
 10
165.4134359999999901
 20
-132.7958919999999807
 30
0
 11
165.508673999999985
 21
-132.6054159999999911
 31
0
  0
LINE
  5
A95
330
1A
100
AcDbEntity
  8
BLACK
  6
CONTINUOUS
100
AcDbLine
 10
165.508673999999985
 20
-132.6054159999999911
 30
0
 11
165.6039119999999798
 21
-132.3197020000000066
 31
0
  0
LINE
  5
A96
330
1A
100
AcDbEntity
  8
BLACK
  6
CONTINUOUS
100
AcDbLine
 10
165.6039119999999798
 20
-132.3197020000000066
 30
0
 11
165.699150000000003
 21
-131.8435110000000066
 31
0
  0
LINE
  5
A97
330
1A
100
AcDbEntity
  8
BLACK
  6
CONTINUOUS
100
AcDbLine
 10
165.699150000000003
 20
-131.8435110000000066
 30
0
 11
165.699150000000003
 21
-131.4625589999999988
 31
0
  0
LINE
  5
A98
330
1A
100
AcDbEntity
  8
BLACK
  6
CONTINUOUS
100
AcDbLine
 10
165.699150000000003
 20
-131.4625589999999988
 30
0
 11
165.6039119999999798
 21
-130.9863679999999988
 31
0
  0
LINE
  5
A99
330
1A
100
AcDbEntity
  8
BLACK
  6
CONTINUOUS
100
AcDbLine
 10
165.6039119999999798
 20
-130.9863679999999988
 30
0
 11
165.508673999999985
 21
-130.7006539999999859
 31
0
  0
LINE
  5
A9A
330
1A
100
AcDbEntity
  8
BLACK
  6
CONTINUOUS
100
AcDbLine
 10
165.508673999999985
 20
-130.7006539999999859
 30
0
 11
165.4134359999999901
 21
-130.5101779999999962
 31
0
  0
LINE
  5
A9B
330
1A
100
AcDbEntity
  8
BLACK
  6
CONTINUOUS
100
AcDbLine
 10
165.4134359999999901
 20
-130.5101779999999962
 30
0
 11
165.2229600000000005
 21
-130.2244629999999859
 31
0
  0
LINE
  5
A9C
330
1A
100
AcDbEntity
  8
BLACK
  6
CONTINUOUS
100
AcDbLine
 10
165.2229600000000005
 20
-130.2244629999999859
 30
0
 11
165.1277220000000057
 21
-130.129224999999991
 31
0
  0
CIRCLE
  5
A9D
330
1A
100
AcDbEntity
  8
BLACK
100
AcDbCircle
 10
113.4425679999999943
 20
-134.1401019999999846
 30
0
 40
0.125
  0
LINE
  5
A9E
330
1A
100
AcDbEntity
  8
BLACK
  6
CONTINUOUS
100
AcDbLine
 10
116.556287999999995
 20
-133.0549399999999878
 30
0
 11
116.7467649999999963
 21
-133.0549399999999878
 31
0
  0
LINE
  5
A9F
330
1A
100
AcDbEntity
  8
BLACK
  6
CONTINUOUS
100
AcDbLine
 10
116.7467649999999963
 20
-133.0549399999999878
 30
0
 11
116.9372410000000002
 21
-133.1501779999999826
 31
0
  0
LINE
  5
AA0
330
1A
100
AcDbEntity
  8
BLACK
  6
CONTINUOUS
100
AcDbLine
 10
116.9372410000000002
 20
-133.1501779999999826
 30
0
 11
117.032478999999995
 21
-133.2454160000000059
 31
0
  0
LINE
  5
AA1
330
1A
100
AcDbEntity
  8
BLACK
  6
CONTINUOUS
100
AcDbLine
 10
117.032478999999995
 20
-133.2454160000000059
 30
0
 11
117.1277169999999899
 21
-133.4358919999999955
 31
0
  0
LINE
  5
AA2
330
1A
100
AcDbEntity
  8
BLACK
  6
CONTINUOUS
100
AcDbLine
 10
117.1277169999999899
 20
-133.4358919999999955
 30
0
 11
117.2229549999999989
 21
-133.8168440000000032
 31
0
  0
LINE
  5
AA3
330
1A
100
AcDbEntity
  8
BLACK
  6
CONTINUOUS
100
AcDbLine
 10
117.2229549999999989
 20
-133.8168440000000032
 30
0
 11
117.2229549999999989
 21
-134.2930350000000033
 31
0
  0
LINE
  5
AA4
330
1A
100
AcDbEntity
  8
BLACK
  6
CONTINUOUS
100
AcDbLine
 10
117.2229549999999989
 20
-134.2930350000000033
 30
0
 11
117.1277169999999899
 21
-134.6739869999999826
 31
0
  0
LINE
  5
AA5
330
1A
100
AcDbEntity
  8
BLACK
  6
CONTINUOUS
100
AcDbLine
 10
117.1277169999999899
 20
-134.6739869999999826
 30
0
 11
117.032478999999995
 21
-134.8644630000000006
 31
0
  0
LINE
  5
AA6
330
1A
100
AcDbEntity
  8
BLACK
  6
CONTINUOUS
100
AcDbLine
 10
117.032478999999995
 20
-134.8644630000000006
 30
0
 11
116.9372410000000002
 21
-134.9597019999999929
 31
0
  0
LINE
  5
AA7
330
1A
100
AcDbEntity
  8
BLACK
  6
CONTINUOUS
100
AcDbLine
 10
116.9372410000000002
 20
-134.9597019999999929
 30
0
 11
116.7467649999999963
 21
-135.0549399999999878
 31
0
  0
LINE
  5
AA8
330
1A
100
AcDbEntity
  8
BLACK
  6
CONTINUOUS
100
AcDbLine
 10
116.7467649999999963
 20
-135.0549399999999878
 30
0
 11
116.556287999999995
 21
-135.0549399999999878
 31
0
  0
LINE
  5
AA9
330
1A
100
AcDbEntity
  8
BLACK
  6
CONTINUOUS
100
AcDbLine
 10
116.556287999999995
 20
-135.0549399999999878
 30
0
 11
116.3658119999999911
 21
-134.9597019999999929
 31
0
  0
LINE
  5
AAA
330
1A
100
AcDbEntity
  8
BLACK
  6
CONTINUOUS
100
AcDbLine
 10
116.3658119999999911
 20
-134.9597019999999929
 30
0
 11
116.2705739999999963
 21
-134.8644630000000006
 31
0
  0
LINE
  5
AAB
330
1A
100
AcDbEntity
  8
BLACK
  6
CONTINUOUS
100
AcDbLine
 10
116.2705739999999963
 20
-134.8644630000000006
 30
0
 11
116.1753360000000015
 21
-134.6739869999999826
 31
0
  0
LINE
  5
AAC
330
1A
100
AcDbEntity
  8
BLACK
  6
CONTINUOUS
100
AcDbLine
 10
116.1753360000000015
 20
-134.6739869999999826
 30
0
 11
116.0800979999999925
 21
-134.2930350000000033
 31
0
  0
LINE
  5
AAD
330
1A
100
AcDbEntity
  8
BLACK
  6
CONTINUOUS
100
AcDbLine
 10
116.0800979999999925
 20
-134.2930350000000033
 30
0
 11
116.0800979999999925
 21
-133.8168440000000032
 31
0
  0
LINE
  5
AAE
330
1A
100
AcDbEntity
  8
BLACK
  6
CONTINUOUS
100
AcDbLine
 10
116.0800979999999925
 20
-133.8168440000000032
 30
0
 11
116.1753360000000015
 21
-133.4358919999999955
 31
0
  0
LINE
  5
AAF
330
1A
100
AcDbEntity
  8
BLACK
  6
CONTINUOUS
100
AcDbLine
 10
116.1753360000000015
 20
-133.4358919999999955
 30
0
 11
116.2705739999999963
 21
-133.2454160000000059
 31
0
  0
LINE
  5
AB0
330
1A
100
AcDbEntity
  8
BLACK
  6
CONTINUOUS
100
AcDbLine
 10
116.2705739999999963
 20
-133.2454160000000059
 30
0
 11
116.3658119999999911
 21
-133.1501779999999826
 31
0
  0
LINE
  5
AB1
330
1A
100
AcDbEntity
  8
BLACK
  6
CONTINUOUS
100
AcDbLine
 10
116.3658119999999911
 20
-133.1501779999999826
 30
0
 11
116.556287999999995
 21
-133.0549399999999878
 31
0
  0
LINE
  5
AB2
330
1A
100
AcDbEntity
  8
BLACK
  6
CONTINUOUS
100
AcDbLine
 10
118.0800979999999925
 20
-134.8644630000000006
 30
0
 11
118.1753360000000015
 21
-134.9597019999999929
 31
0
  0
LINE
  5
AB3
330
1A
100
AcDbEntity
  8
BLACK
  6
CONTINUOUS
100
AcDbLine
 10
118.1753360000000015
 20
-134.9597019999999929
 30
0
 11
118.0800979999999925
 21
-135.0549399999999878
 31
0
  0
LINE
  5
AB4
330
1A
100
AcDbEntity
  8
BLACK
  6
CONTINUOUS
100
AcDbLine
 10
118.0800979999999925
 20
-135.0549399999999878
 30
0
 11
117.9848599999999976
 21
-134.9597019999999929
 31
0
  0
LINE
  5
AB5
330
1A
100
AcDbEntity
  8
BLACK
  6
CONTINUOUS
100
AcDbLine
 10
117.9848599999999976
 20
-134.9597019999999929
 30
0
 11
118.0800979999999925
 21
-134.8644630000000006
 31
0
  0
LINE
  5
AB6
330
1A
100
AcDbEntity
  8
BLACK
  6
CONTINUOUS
100
AcDbLine
 10
118.0800979999999925
 20
-134.8644630000000006
 30
0
 11
118.0800979999999925
 21
-135.0549399999999878
 31
0
  0
LINE
  5
AB7
330
1A
100
AcDbEntity
  8
BLACK
  6
CONTINUOUS
100
AcDbLine
 10
118.9372410000000002
 20
-133.2454160000000059
 30
0
 11
119.032478999999995
 21
-133.1501779999999826
 31
0
  0
LINE
  5
AB8
330
1A
100
AcDbEntity
  8
BLACK
  6
CONTINUOUS
100
AcDbLine
 10
119.032478999999995
 20
-133.1501779999999826
 30
0
 11
119.2229549999999989
 21
-133.0549399999999878
 31
0
  0
LINE
  5
AB9
330
1A
100
AcDbEntity
  8
BLACK
  6
CONTINUOUS
100
AcDbLine
 10
119.2229549999999989
 20
-133.0549399999999878
 30
0
 11
119.6991459999999989
 21
-133.0549399999999878
 31
0
  0
LINE
  5
ABA
330
1A
100
AcDbEntity
  8
BLACK
  6
CONTINUOUS
100
AcDbLine
 10
119.6991459999999989
 20
-133.0549399999999878
 30
0
 11
119.8896219999999886
 21
-133.1501779999999826
 31
0
  0
LINE
  5
ABB
330
1A
100
AcDbEntity
  8
BLACK
  6
CONTINUOUS
100
AcDbLine
 10
119.8896219999999886
 20
-133.1501779999999826
 30
0
 11
119.9848599999999976
 21
-133.2454160000000059
 31
0
  0
LINE
  5
ABC
330
1A
100
AcDbEntity
  8
BLACK
  6
CONTINUOUS
100
AcDbLine
 10
119.9848599999999976
 20
-133.2454160000000059
 30
0
 11
120.0800979999999925
 21
-133.4358919999999955
 31
0
  0
LINE
  5
ABD
330
1A
100
AcDbEntity
  8
BLACK
  6
CONTINUOUS
100
AcDbLine
 10
120.0800979999999925
 20
-133.4358919999999955
 30
0
 11
120.0800979999999925
 21
-133.6263679999999852
 31
0
  0
LINE
  5
ABE
330
1A
100
AcDbEntity
  8
BLACK
  6
CONTINUOUS
100
AcDbLine
 10
120.0800979999999925
 20
-133.6263679999999852
 30
0
 11
119.9848599999999976
 21
-133.9120819999999981
 31
0
  0
LINE
  5
ABF
330
1A
100
AcDbEntity
  8
BLACK
  6
CONTINUOUS
100
AcDbLine
 10
119.9848599999999976
 20
-133.9120819999999981
 30
0
 11
118.8420029999999912
 21
-135.0549399999999878
 31
0
  0
LINE
  5
AC0
330
1A
100
AcDbEntity
  8
BLACK
  6
CONTINUOUS
100
AcDbLine
 10
118.8420029999999912
 20
-135.0549399999999878
 30
0
 11
120.0800979999999925
 21
-135.0549399999999878
 31
0
  0
LINE
  5
AC1
330
1A
100
AcDbEntity
  8
BLACK
  6
CONTINUOUS
100
AcDbLine
 10
121.8896219999999886
 20
-133.0549399999999878
 30
0
 11
120.9372410000000002
 21
-133.0549399999999878
 31
0
  0
LINE
  5
AC2
330
1A
100
AcDbEntity
  8
BLACK
  6
CONTINUOUS
100
AcDbLine
 10
120.9372410000000002
 20
-133.0549399999999878
 30
0
 11
120.8420029999999912
 21
-134.0073209999999904
 31
0
  0
LINE
  5
AC3
330
1A
100
AcDbEntity
  8
BLACK
  6
CONTINUOUS
100
AcDbLine
 10
120.8420029999999912
 20
-134.0073209999999904
 30
0
 11
120.9372410000000002
 21
-133.9120819999999981
 31
0
  0
LINE
  5
AC4
330
1A
100
AcDbEntity
  8
BLACK
  6
CONTINUOUS
100
AcDbLine
 10
120.9372410000000002
 20
-133.9120819999999981
 30
0
 11
121.1277169999999899
 21
-133.8168440000000032
 31
0
  0
LINE
  5
AC5
330
1A
100
AcDbEntity
  8
BLACK
  6
CONTINUOUS
100
AcDbLine
 10
121.1277169999999899
 20
-133.8168440000000032
 30
0
 11
121.6039079999999899
 21
-133.8168440000000032
 31
0
  0
LINE
  5
AC6
330
1A
100
AcDbEntity
  8
BLACK
  6
CONTINUOUS
100
AcDbLine
 10
121.6039079999999899
 20
-133.8168440000000032
 30
0
 11
121.7943839999999938
 21
-133.9120819999999981
 31
0
  0
LINE
  5
AC7
330
1A
100
AcDbEntity
  8
BLACK
  6
CONTINUOUS
100
AcDbLine
 10
121.7943839999999938
 20
-133.9120819999999981
 30
0
 11
121.8896219999999886
 21
-134.0073209999999904
 31
0
  0
LINE
  5
AC8
330
1A
100
AcDbEntity
  8
BLACK
  6
CONTINUOUS
100
AcDbLine
 10
121.8896219999999886
 20
-134.0073209999999904
 30
0
 11
121.9848599999999976
 21
-134.19779699999998
 31
0
  0
LINE
  5
AC9
330
1A
100
AcDbEntity
  8
BLACK
  6
CONTINUOUS
100
AcDbLine
 10
121.9848599999999976
 20
-134.19779699999998
 30
0
 11
121.9848599999999976
 21
-134.6739869999999826
 31
0
  0
LINE
  5
ACA
330
1A
100
AcDbEntity
  8
BLACK
  6
CONTINUOUS
100
AcDbLine
 10
121.9848599999999976
 20
-134.6739869999999826
 30
0
 11
121.8896219999999886
 21
-134.8644630000000006
 31
0
  0
LINE
  5
ACB
330
1A
100
AcDbEntity
  8
BLACK
  6
CONTINUOUS
100
AcDbLine
 10
121.8896219999999886
 20
-134.8644630000000006
 30
0
 11
121.7943839999999938
 21
-134.9597019999999929
 31
0
  0
LINE
  5
ACC
330
1A
100
AcDbEntity
  8
BLACK
  6
CONTINUOUS
100
AcDbLine
 10
121.7943839999999938
 20
-134.9597019999999929
 30
0
 11
121.6039079999999899
 21
-135.0549399999999878
 31
0
  0
LINE
  5
ACD
330
1A
100
AcDbEntity
  8
BLACK
  6
CONTINUOUS
100
AcDbLine
 10
121.6039079999999899
 20
-135.0549399999999878
 30
0
 11
121.1277169999999899
 21
-135.0549399999999878
 31
0
  0
LINE
  5
ACE
330
1A
100
AcDbEntity
  8
BLACK
  6
CONTINUOUS
100
AcDbLine
 10
121.1277169999999899
 20
-135.0549399999999878
 30
0
 11
120.9372410000000002
 21
-134.9597019999999929
 31
0
  0
LINE
  5
ACF
330
1A
100
AcDbEntity
  8
BLACK
  6
CONTINUOUS
100
AcDbLine
 10
120.9372410000000002
 20
-134.9597019999999929
 30
0
 11
120.8420029999999912
 21
-134.8644630000000006
 31
0
  0
LINE
  5
AD0
330
1A
100
AcDbEntity
  8
BLACK
  6
CONTINUOUS
100
AcDbLine
 10
123.2229549999999989
 20
-133.0549399999999878
 30
0
 11
123.4134320000000002
 21
-133.0549399999999878
 31
0
  0
LINE
  5
AD1
330
1A
100
AcDbEntity
  8
BLACK
  6
CONTINUOUS
100
AcDbLine
 10
123.4134320000000002
 20
-133.0549399999999878
 30
0
 11
123.6039079999999899
 21
-133.1501779999999826
 31
0
  0
LINE
  5
AD2
330
1A
100
AcDbEntity
  8
BLACK
  6
CONTINUOUS
100
AcDbLine
 10
123.6039079999999899
 20
-133.1501779999999826
 30
0
 11
123.6991459999999989
 21
-133.2454160000000059
 31
0
  0
LINE
  5
AD3
330
1A
100
AcDbEntity
  8
BLACK
  6
CONTINUOUS
100
AcDbLine
 10
123.6991459999999989
 20
-133.2454160000000059
 30
0
 11
123.7943839999999938
 21
-133.4358919999999955
 31
0
  0
LINE
  5
AD4
330
1A
100
AcDbEntity
  8
BLACK
  6
CONTINUOUS
100
AcDbLine
 10
123.7943839999999938
 20
-133.4358919999999955
 30
0
 11
123.8896219999999886
 21
-133.8168440000000032
 31
0
  0
LINE
  5
AD5
330
1A
100
AcDbEntity
  8
BLACK
  6
CONTINUOUS
100
AcDbLine
 10
123.8896219999999886
 20
-133.8168440000000032
 30
0
 11
123.8896219999999886
 21
-134.2930350000000033
 31
0
  0
LINE
  5
AD6
330
1A
100
AcDbEntity
  8
BLACK
  6
CONTINUOUS
100
AcDbLine
 10
123.8896219999999886
 20
-134.2930350000000033
 30
0
 11
123.7943839999999938
 21
-134.6739869999999826
 31
0
  0
LINE
  5
AD7
330
1A
100
AcDbEntity
  8
BLACK
  6
CONTINUOUS
100
AcDbLine
 10
123.7943839999999938
 20
-134.6739869999999826
 30
0
 11
123.6991459999999989
 21
-134.8644630000000006
 31
0
  0
LINE
  5
AD8
330
1A
100
AcDbEntity
  8
BLACK
  6
CONTINUOUS
100
AcDbLine
 10
123.6991459999999989
 20
-134.8644630000000006
 30
0
 11
123.6039079999999899
 21
-134.9597019999999929
 31
0
  0
LINE
  5
AD9
330
1A
100
AcDbEntity
  8
BLACK
  6
CONTINUOUS
100
AcDbLine
 10
123.6039079999999899
 20
-134.9597019999999929
 30
0
 11
123.4134320000000002
 21
-135.0549399999999878
 31
0
  0
LINE
  5
ADA
330
1A
100
AcDbEntity
  8
BLACK
  6
CONTINUOUS
100
AcDbLine
 10
123.4134320000000002
 20
-135.0549399999999878
 30
0
 11
123.2229549999999989
 21
-135.0549399999999878
 31
0
  0
LINE
  5
ADB
330
1A
100
AcDbEntity
  8
BLACK
  6
CONTINUOUS
100
AcDbLine
 10
123.2229549999999989
 20
-135.0549399999999878
 30
0
 11
123.032478999999995
 21
-134.9597019999999929
 31
0
  0
LINE
  5
ADC
330
1A
100
AcDbEntity
  8
BLACK
  6
CONTINUOUS
100
AcDbLine
 10
123.032478999999995
 20
-134.9597019999999929
 30
0
 11
122.9372410000000002
 21
-134.8644630000000006
 31
0
  0
LINE
  5
ADD
330
1A
100
AcDbEntity
  8
BLACK
  6
CONTINUOUS
100
AcDbLine
 10
122.9372410000000002
 20
-134.8644630000000006
 30
0
 11
122.8420029999999912
 21
-134.6739869999999826
 31
0
  0
LINE
  5
ADE
330
1A
100
AcDbEntity
  8
BLACK
  6
CONTINUOUS
100
AcDbLine
 10
122.8420029999999912
 20
-134.6739869999999826
 30
0
 11
122.7467649999999963
 21
-134.2930350000000033
 31
0
  0
LINE
  5
ADF
330
1A
100
AcDbEntity
  8
BLACK
  6
CONTINUOUS
100
AcDbLine
 10
122.7467649999999963
 20
-134.2930350000000033
 30
0
 11
122.7467649999999963
 21
-133.8168440000000032
 31
0
  0
LINE
  5
AE0
330
1A
100
AcDbEntity
  8
BLACK
  6
CONTINUOUS
100
AcDbLine
 10
122.7467649999999963
 20
-133.8168440000000032
 30
0
 11
122.8420029999999912
 21
-133.4358919999999955
 31
0
  0
LINE
  5
AE1
330
1A
100
AcDbEntity
  8
BLACK
  6
CONTINUOUS
100
AcDbLine
 10
122.8420029999999912
 20
-133.4358919999999955
 30
0
 11
122.9372410000000002
 21
-133.2454160000000059
 31
0
  0
LINE
  5
AE2
330
1A
100
AcDbEntity
  8
BLACK
  6
CONTINUOUS
100
AcDbLine
 10
122.9372410000000002
 20
-133.2454160000000059
 30
0
 11
123.032478999999995
 21
-133.1501779999999826
 31
0
  0
LINE
  5
AE3
330
1A
100
AcDbEntity
  8
BLACK
  6
CONTINUOUS
100
AcDbLine
 10
123.032478999999995
 20
-133.1501779999999826
 30
0
 11
123.2229549999999989
 21
-133.0549399999999878
 31
0
  0
LINE
  5
AE4
330
1A
100
AcDbEntity
  8
BLACK
  6
CONTINUOUS
100
AcDbLine
 10
124.7467649999999963
 20
-135.0549399999999878
 30
0
 11
124.7467649999999963
 21
-133.72160599999998
 31
0
  0
LINE
  5
AE5
330
1A
100
AcDbEntity
  8
BLACK
  6
CONTINUOUS
100
AcDbLine
 10
124.7467649999999963
 20
-133.9120819999999981
 30
0
 11
124.8420029999999912
 21
-133.8168440000000032
 31
0
  0
LINE
  5
AE6
330
1A
100
AcDbEntity
  8
BLACK
  6
CONTINUOUS
100
AcDbLine
 10
124.8420029999999912
 20
-133.8168440000000032
 30
0
 11
125.032478999999995
 21
-133.72160599999998
 31
0
  0
LINE
  5
AE7
330
1A
100
AcDbEntity
  8
BLACK
  6
CONTINUOUS
100
AcDbLine
 10
125.032478999999995
 20
-133.72160599999998
 30
0
 11
125.3181939999999912
 21
-133.72160599999998
 31
0
  0
LINE
  5
AE8
330
1A
100
AcDbEntity
  8
BLACK
  6
CONTINUOUS
100
AcDbLine
 10
125.3181939999999912
 20
-133.72160599999998
 30
0
 11
125.5086699999999951
 21
-133.8168440000000032
 31
0
  0
LINE
  5
AE9
330
1A
100
AcDbEntity
  8
BLACK
  6
CONTINUOUS
100
AcDbLine
 10
125.5086699999999951
 20
-133.8168440000000032
 30
0
 11
125.6039079999999899
 21
-134.0073209999999904
 31
0
  0
LINE
  5
AEA
330
1A
100
AcDbEntity
  8
BLACK
  6
CONTINUOUS
100
AcDbLine
 10
125.6039079999999899
 20
-134.0073209999999904
 30
0
 11
125.6039079999999899
 21
-135.0549399999999878
 31
0
  0
LINE
  5
AEB
330
1A
100
AcDbEntity
  8
BLACK
  6
CONTINUOUS
100
AcDbLine
 10
125.6039079999999899
 20
-134.0073209999999904
 30
0
 11
125.6991459999999989
 21
-133.8168440000000032
 31
0
  0
LINE
  5
AEC
330
1A
100
AcDbEntity
  8
BLACK
  6
CONTINUOUS
100
AcDbLine
 10
125.6991459999999989
 20
-133.8168440000000032
 30
0
 11
125.8896219999999886
 21
-133.72160599999998
 31
0
  0
LINE
  5
AED
330
1A
100
AcDbEntity
  8
BLACK
  6
CONTINUOUS
100
AcDbLine
 10
125.8896219999999886
 20
-133.72160599999998
 30
0
 11
126.1753359999999873
 21
-133.72160599999998
 31
0
  0
LINE
  5
AEE
330
1A
100
AcDbEntity
  8
BLACK
  6
CONTINUOUS
100
AcDbLine
 10
126.1753359999999873
 20
-133.72160599999998
 30
0
 11
126.3658129999999886
 21
-133.8168440000000032
 31
0
  0
LINE
  5
AEF
330
1A
100
AcDbEntity
  8
BLACK
  6
CONTINUOUS
100
AcDbLine
 10
126.3658129999999886
 20
-133.8168440000000032
 30
0
 11
126.4610509999999977
 21
-134.0073209999999904
 31
0
  0
LINE
  5
AF0
330
1A
100
AcDbEntity
  8
BLACK
  6
CONTINUOUS
100
AcDbLine
 10
126.4610509999999977
 20
-134.0073209999999904
 30
0
 11
126.4610509999999977
 21
-135.0549399999999878
 31
0
  0
LINE
  5
AF1
330
1A
100
AcDbEntity
  8
BLACK
  6
CONTINUOUS
100
AcDbLine
 10
127.4134320000000002
 20
-135.0549399999999878
 30
0
 11
127.4134320000000002
 21
-133.72160599999998
 31
0
  0
LINE
  5
AF2
330
1A
100
AcDbEntity
  8
BLACK
  6
CONTINUOUS
100
AcDbLine
 10
127.4134320000000002
 20
-133.9120819999999981
 30
0
 11
127.5086699999999951
 21
-133.8168440000000032
 31
0
  0
LINE
  5
AF3
330
1A
100
AcDbEntity
  8
BLACK
  6
CONTINUOUS
100
AcDbLine
 10
127.5086699999999951
 20
-133.8168440000000032
 30
0
 11
127.6991459999999989
 21
-133.72160599999998
 31
0
  0
LINE
  5
AF4
330
1A
100
AcDbEntity
  8
BLACK
  6
CONTINUOUS
100
AcDbLine
 10
127.6991459999999989
 20
-133.72160599999998
 30
0
 11
127.9848609999999951
 21
-133.72160599999998
 31
0
  0
LINE
  5
AF5
330
1A
100
AcDbEntity
  8
BLACK
  6
CONTINUOUS
100
AcDbLine
 10
127.9848609999999951
 20
-133.72160599999998
 30
0
 11
128.1753369999999848
 21
-133.8168440000000032
 31
0
  0
LINE
  5
AF6
330
1A
100
AcDbEntity
  8
BLACK
  6
CONTINUOUS
100
AcDbLine
 10
128.1753369999999848
 20
-133.8168440000000032
 30
0
 11
128.270575000000008
 21
-134.0073209999999904
 31
0
  0
LINE
  5
AF7
330
1A
100
AcDbEntity
  8
BLACK
  6
CONTINUOUS
100
AcDbLine
 10
128.270575000000008
 20
-134.0073209999999904
 30
0
 11
128.270575000000008
 21
-135.0549399999999878
 31
0
  0
LINE
  5
AF8
330
1A
100
AcDbEntity
  8
BLACK
  6
CONTINUOUS
100
AcDbLine
 10
128.270575000000008
 20
-134.0073209999999904
 30
0
 11
128.3658130000000028
 21
-133.8168440000000032
 31
0
  0
LINE
  5
AF9
330
1A
100
AcDbEntity
  8
BLACK
  6
CONTINUOUS
100
AcDbLine
 10
128.3658130000000028
 20
-133.8168440000000032
 30
0
 11
128.5562889999999925
 21
-133.72160599999998
 31
0
  0
LINE
  5
AFA
330
1A
100
AcDbEntity
  8
BLACK
  6
CONTINUOUS
100
AcDbLine
 10
128.5562889999999925
 20
-133.72160599999998
 30
0
 11
128.8420030000000054
 21
-133.72160599999998
 31
0
  0
LINE
  5
AFB
330
1A
100
AcDbEntity
  8
BLACK
  6
CONTINUOUS
100
AcDbLine
 10
128.8420030000000054
 20
-133.72160599999998
 30
0
 11
129.0324799999999925
 21
-133.8168440000000032
 31
0
  0
LINE
  5
AFC
330
1A
100
AcDbEntity
  8
BLACK
  6
CONTINUOUS
100
AcDbLine
 10
129.0324799999999925
 20
-133.8168440000000032
 30
0
 11
129.1277179999999873
 21
-134.0073209999999904
 31
0
  0
LINE
  5
AFD
330
1A
100
AcDbEntity
  8
BLACK
  6
CONTINUOUS
100
AcDbLine
 10
129.1277179999999873
 20
-134.0073209999999904
 30
0
 11
129.1277179999999873
 21
-135.0549399999999878
 31
0
  0
LINE
  5
AFE
330
1A
100
AcDbEntity
  8
BLACK
  6
CONTINUOUS
100
AcDbLine
 10
133.0324799999999925
 20
-132.9597019999999929
 30
0
 11
131.3181950000000029
 21
-135.5311299999999903
 31
0
  0
LINE
  5
AFF
330
1A
100
AcDbEntity
  8
BLACK
  6
CONTINUOUS
100
AcDbLine
 10
135.6039089999999874
 20
-133.0549399999999878
 30
0
 11
135.7943860000000029
 21
-133.0549399999999878
 31
0
  0
LINE
  5
B00
330
1A
100
AcDbEntity
  8
BLACK
  6
CONTINUOUS
100
AcDbLine
 10
135.7943860000000029
 20
-133.0549399999999878
 30
0
 11
135.9848619999999926
 21
-133.1501779999999826
 31
0
  0
LINE
  5
B01
330
1A
100
AcDbEntity
  8
BLACK
  6
CONTINUOUS
100
AcDbLine
 10
135.9848619999999926
 20
-133.1501779999999826
 30
0
 11
136.0800999999999874
 21
-133.2454160000000059
 31
0
  0
LINE
  5
B02
330
1A
100
AcDbEntity
  8
BLACK
  6
CONTINUOUS
100
AcDbLine
 10
136.0800999999999874
 20
-133.2454160000000059
 30
0
 11
136.1753379999999822
 21
-133.4358919999999955
 31
0
  0
LINE
  5
B03
330
1A
100
AcDbEntity
  8
BLACK
  6
CONTINUOUS
100
AcDbLine
 10
136.1753379999999822
 20
-133.4358919999999955
 30
0
 11
136.2705760000000055
 21
-133.8168440000000032
 31
0
  0
LINE
  5
B04
330
1A
100
AcDbEntity
  8
BLACK
  6
CONTINUOUS
100
AcDbLine
 10
136.2705760000000055
 20
-133.8168440000000032
 30
0
 11
136.2705760000000055
 21
-134.2930350000000033
 31
0
  0
LINE
  5
B05
330
1A
100
AcDbEntity
  8
BLACK
  6
CONTINUOUS
100
AcDbLine
 10
136.2705760000000055
 20
-134.2930350000000033
 30
0
 11
136.1753379999999822
 21
-134.6739869999999826
 31
0
  0
LINE
  5
B06
330
1A
100
AcDbEntity
  8
BLACK
  6
CONTINUOUS
100
AcDbLine
 10
136.1753379999999822
 20
-134.6739869999999826
 30
0
 11
136.0800999999999874
 21
-134.8644630000000006
 31
0
  0
LINE
  5
B07
330
1A
100
AcDbEntity
  8
BLACK
  6
CONTINUOUS
100
AcDbLine
 10
136.0800999999999874
 20
-134.8644630000000006
 30
0
 11
135.9848619999999926
 21
-134.9597019999999929
 31
0
  0
LINE
  5
B08
330
1A
100
AcDbEntity
  8
BLACK
  6
CONTINUOUS
100
AcDbLine
 10
135.9848619999999926
 20
-134.9597019999999929
 30
0
 11
135.7943860000000029
 21
-135.0549399999999878
 31
0
  0
LINE
  5
B09
330
1A
100
AcDbEntity
  8
BLACK
  6
CONTINUOUS
100
AcDbLine
 10
135.7943860000000029
 20
-135.0549399999999878
 30
0
 11
135.6039089999999874
 21
-135.0549399999999878
 31
0
  0
LINE
  5
B0A
330
1A
100
AcDbEntity
  8
BLACK
  6
CONTINUOUS
100
AcDbLine
 10
135.6039089999999874
 20
-135.0549399999999878
 30
0
 11
135.4134329999999977
 21
-134.9597019999999929
 31
0
  0
LINE
  5
B0B
330
1A
100
AcDbEntity
  8
BLACK
  6
CONTINUOUS
100
AcDbLine
 10
135.4134329999999977
 20
-134.9597019999999929
 30
0
 11
135.3181950000000029
 21
-134.8644630000000006
 31
0
  0
LINE
  5
B0C
330
1A
100
AcDbEntity
  8
BLACK
  6
CONTINUOUS
100
AcDbLine
 10
135.3181950000000029
 20
-134.8644630000000006
 30
0
 11
135.2229570000000081
 21
-134.6739869999999826
 31
0
  0
LINE
  5
B0D
330
1A
100
AcDbEntity
  8
BLACK
  6
CONTINUOUS
100
AcDbLine
 10
135.2229570000000081
 20
-134.6739869999999826
 30
0
 11
135.1277189999999848
 21
-134.2930350000000033
 31
0
  0
LINE
  5
B0E
330
1A
100
AcDbEntity
  8
BLACK
  6
CONTINUOUS
100
AcDbLine
 10
135.1277189999999848
 20
-134.2930350000000033
 30
0
 11
135.1277189999999848
 21
-133.8168440000000032
 31
0
  0
LINE
  5
B0F
330
1A
100
AcDbEntity
  8
BLACK
  6
CONTINUOUS
100
AcDbLine
 10
135.1277189999999848
 20
-133.8168440000000032
 30
0
 11
135.2229570000000081
 21
-133.4358919999999955
 31
0
  0
LINE
  5
B10
330
1A
100
AcDbEntity
  8
BLACK
  6
CONTINUOUS
100
AcDbLine
 10
135.2229570000000081
 20
-133.4358919999999955
 30
0
 11
135.3181950000000029
 21
-133.2454160000000059
 31
0
  0
LINE
  5
B11
330
1A
100
AcDbEntity
  8
BLACK
  6
CONTINUOUS
100
AcDbLine
 10
135.3181950000000029
 20
-133.2454160000000059
 30
0
 11
135.4134329999999977
 21
-133.1501779999999826
 31
0
  0
LINE
  5
B12
330
1A
100
AcDbEntity
  8
BLACK
  6
CONTINUOUS
100
AcDbLine
 10
135.4134329999999977
 20
-133.1501779999999826
 30
0
 11
135.6039089999999874
 21
-133.0549399999999878
 31
0
  0
LINE
  5
B13
330
1A
100
AcDbEntity
  8
BLACK
  6
CONTINUOUS
100
AcDbLine
 10
137.1277189999999848
 20
-134.8644630000000006
 30
0
 11
137.2229569999999796
 21
-134.9597019999999929
 31
0
  0
LINE
  5
B14
330
1A
100
AcDbEntity
  8
BLACK
  6
CONTINUOUS
100
AcDbLine
 10
137.2229569999999796
 20
-134.9597019999999929
 30
0
 11
137.1277189999999848
 21
-135.0549399999999878
 31
0
  0
LINE
  5
B15
330
1A
100
AcDbEntity
  8
BLACK
  6
CONTINUOUS
100
AcDbLine
 10
137.1277189999999848
 20
-135.0549399999999878
 30
0
 11
137.03248099999999
 21
-134.9597019999999929
 31
0
  0
LINE
  5
B16
330
1A
100
AcDbEntity
  8
BLACK
  6
CONTINUOUS
100
AcDbLine
 10
137.03248099999999
 20
-134.9597019999999929
 30
0
 11
137.1277189999999848
 21
-134.8644630000000006
 31
0
  0
LINE
  5
B17
330
1A
100
AcDbEntity
  8
BLACK
  6
CONTINUOUS
100
AcDbLine
 10
137.1277189999999848
 20
-134.8644630000000006
 30
0
 11
137.1277189999999848
 21
-135.0549399999999878
 31
0
  0
LINE
  5
B18
330
1A
100
AcDbEntity
  8
BLACK
  6
CONTINUOUS
100
AcDbLine
 10
138.4610519999999951
 20
-133.0549399999999878
 30
0
 11
138.6515289999999823
 21
-133.0549399999999878
 31
0
  0
LINE
  5
B19
330
1A
100
AcDbEntity
  8
BLACK
  6
CONTINUOUS
100
AcDbLine
 10
138.6515289999999823
 20
-133.0549399999999878
 30
0
 11
138.8420050000000003
 21
-133.1501779999999826
 31
0
  0
LINE
  5
B1A
330
1A
100
AcDbEntity
  8
BLACK
  6
CONTINUOUS
100
AcDbLine
 10
138.8420050000000003
 20
-133.1501779999999826
 30
0
 11
138.9372429999999952
 21
-133.2454160000000059
 31
0
  0
LINE
  5
B1B
330
1A
100
AcDbEntity
  8
BLACK
  6
CONTINUOUS
100
AcDbLine
 10
138.9372429999999952
 20
-133.2454160000000059
 30
0
 11
139.03248099999999
 21
-133.4358919999999955
 31
0
  0
LINE
  5
B1C
330
1A
100
AcDbEntity
  8
BLACK
  6
CONTINUOUS
100
AcDbLine
 10
139.03248099999999
 20
-133.4358919999999955
 30
0
 11
139.1277189999999848
 21
-133.8168440000000032
 31
0
  0
LINE
  5
B1D
330
1A
100
AcDbEntity
  8
BLACK
  6
CONTINUOUS
100
AcDbLine
 10
139.1277189999999848
 20
-133.8168440000000032
 30
0
 11
139.1277189999999848
 21
-134.2930350000000033
 31
0
  0
LINE
  5
B1E
330
1A
100
AcDbEntity
  8
BLACK
  6
CONTINUOUS
100
AcDbLine
 10
139.1277189999999848
 20
-134.2930350000000033
 30
0
 11
139.03248099999999
 21
-134.6739869999999826
 31
0
  0
LINE
  5
B1F
330
1A
100
AcDbEntity
  8
BLACK
  6
CONTINUOUS
100
AcDbLine
 10
139.03248099999999
 20
-134.6739869999999826
 30
0
 11
138.9372429999999952
 21
-134.8644630000000006
 31
0
  0
LINE
  5
B20
330
1A
100
AcDbEntity
  8
BLACK
  6
CONTINUOUS
100
AcDbLine
 10
138.9372429999999952
 20
-134.8644630000000006
 30
0
 11
138.8420050000000003
 21
-134.9597019999999929
 31
0
  0
LINE
  5
B21
330
1A
100
AcDbEntity
  8
BLACK
  6
CONTINUOUS
100
AcDbLine
 10
138.8420050000000003
 20
-134.9597019999999929
 30
0
 11
138.6515289999999823
 21
-135.0549399999999878
 31
0
  0
LINE
  5
B22
330
1A
100
AcDbEntity
  8
BLACK
  6
CONTINUOUS
100
AcDbLine
 10
138.6515289999999823
 20
-135.0549399999999878
 30
0
 11
138.4610519999999951
 21
-135.0549399999999878
 31
0
  0
LINE
  5
B23
330
1A
100
AcDbEntity
  8
BLACK
  6
CONTINUOUS
100
AcDbLine
 10
138.4610519999999951
 20
-135.0549399999999878
 30
0
 11
138.2705760000000055
 21
-134.9597019999999929
 31
0
  0
LINE
  5
B24
330
1A
100
AcDbEntity
  8
BLACK
  6
CONTINUOUS
100
AcDbLine
 10
138.2705760000000055
 20
-134.9597019999999929
 30
0
 11
138.1753379999999822
 21
-134.8644630000000006
 31
0
  0
LINE
  5
B25
330
1A
100
AcDbEntity
  8
BLACK
  6
CONTINUOUS
100
AcDbLine
 10
138.1753379999999822
 20
-134.8644630000000006
 30
0
 11
138.0800999999999874
 21
-134.6739869999999826
 31
0
  0
LINE
  5
B26
330
1A
100
AcDbEntity
  8
BLACK
  6
CONTINUOUS
100
AcDbLine
 10
138.0800999999999874
 20
-134.6739869999999826
 30
0
 11
137.9848619999999926
 21
-134.2930350000000033
 31
0
  0
LINE
  5
B27
330
1A
100
AcDbEntity
  8
BLACK
  6
CONTINUOUS
100
AcDbLine
 10
137.9848619999999926
 20
-134.2930350000000033
 30
0
 11
137.9848619999999926
 21
-133.8168440000000032
 31
0
  0
LINE
  5
B28
330
1A
100
AcDbEntity
  8
BLACK
  6
CONTINUOUS
100
AcDbLine
 10
137.9848619999999926
 20
-133.8168440000000032
 30
0
 11
138.0800999999999874
 21
-133.4358919999999955
 31
0
  0
LINE
  5
B29
330
1A
100
AcDbEntity
  8
BLACK
  6
CONTINUOUS
100
AcDbLine
 10
138.0800999999999874
 20
-133.4358919999999955
 30
0
 11
138.1753379999999822
 21
-133.2454160000000059
 31
0
  0
LINE
  5
B2A
330
1A
100
AcDbEntity
  8
BLACK
  6
CONTINUOUS
100
AcDbLine
 10
138.1753379999999822
 20
-133.2454160000000059
 30
0
 11
138.2705760000000055
 21
-133.1501779999999826
 31
0
  0
LINE
  5
B2B
330
1A
100
AcDbEntity
  8
BLACK
  6
CONTINUOUS
100
AcDbLine
 10
138.2705760000000055
 20
-133.1501779999999826
 30
0
 11
138.4610519999999951
 21
-133.0549399999999878
 31
0
  0
LINE
  5
B2C
330
1A
100
AcDbEntity
  8
BLACK
  6
CONTINUOUS
100
AcDbLine
 10
140.3658140000000003
 20
-133.0549399999999878
 30
0
 11
140.5562909999999874
 21
-133.0549399999999878
 31
0
  0
LINE
  5
B2D
330
1A
100
AcDbEntity
  8
BLACK
  6
CONTINUOUS
100
AcDbLine
 10
140.5562909999999874
 20
-133.0549399999999878
 30
0
 11
140.7467670000000055
 21
-133.1501779999999826
 31
0
  0
LINE
  5
B2E
330
1A
100
AcDbEntity
  8
BLACK
  6
CONTINUOUS
100
AcDbLine
 10
140.7467670000000055
 20
-133.1501779999999826
 30
0
 11
140.8420050000000003
 21
-133.2454160000000059
 31
0
  0
LINE
  5
B2F
330
1A
100
AcDbEntity
  8
BLACK
  6
CONTINUOUS
100
AcDbLine
 10
140.8420050000000003
 20
-133.2454160000000059
 30
0
 11
140.9372429999999952
 21
-133.4358919999999955
 31
0
  0
LINE
  5
B30
330
1A
100
AcDbEntity
  8
BLACK
  6
CONTINUOUS
100
AcDbLine
 10
140.9372429999999952
 20
-133.4358919999999955
 30
0
 11
141.03248099999999
 21
-133.8168440000000032
 31
0
  0
LINE
  5
B31
330
1A
100
AcDbEntity
  8
BLACK
  6
CONTINUOUS
100
AcDbLine
 10
141.03248099999999
 20
-133.8168440000000032
 30
0
 11
141.03248099999999
 21
-134.2930350000000033
 31
0
  0
LINE
  5
B32
330
1A
100
AcDbEntity
  8
BLACK
  6
CONTINUOUS
100
AcDbLine
 10
141.03248099999999
 20
-134.2930350000000033
 30
0
 11
140.9372429999999952
 21
-134.6739869999999826
 31
0
  0
LINE
  5
B33
330
1A
100
AcDbEntity
  8
BLACK
  6
CONTINUOUS
100
AcDbLine
 10
140.9372429999999952
 20
-134.6739869999999826
 30
0
 11
140.8420050000000003
 21
-134.8644630000000006
 31
0
  0
LINE
  5
B34
330
1A
100
AcDbEntity
  8
BLACK
  6
CONTINUOUS
100
AcDbLine
 10
140.8420050000000003
 20
-134.8644630000000006
 30
0
 11
140.7467670000000055
 21
-134.9597019999999929
 31
0
  0
LINE
  5
B35
330
1A
100
AcDbEntity
  8
BLACK
  6
CONTINUOUS
100
AcDbLine
 10
140.7467670000000055
 20
-134.9597019999999929
 30
0
 11
140.5562909999999874
 21
-135.0549399999999878
 31
0
  0
LINE
  5
B36
330
1A
100
AcDbEntity
  8
BLACK
  6
CONTINUOUS
100
AcDbLine
 10
140.5562909999999874
 20
-135.0549399999999878
 30
0
 11
140.3658140000000003
 21
-135.0549399999999878
 31
0
  0
LINE
  5
B37
330
1A
100
AcDbEntity
  8
BLACK
  6
CONTINUOUS
100
AcDbLine
 10
140.3658140000000003
 20
-135.0549399999999878
 30
0
 11
140.1753379999999822
 21
-134.9597019999999929
 31
0
  0
LINE
  5
B38
330
1A
100
AcDbEntity
  8
BLACK
  6
CONTINUOUS
100
AcDbLine
 10
140.1753379999999822
 20
-134.9597019999999929
 30
0
 11
140.0800999999999874
 21
-134.8644630000000006
 31
0
  0
LINE
  5
B39
330
1A
100
AcDbEntity
  8
BLACK
  6
CONTINUOUS
100
AcDbLine
 10
140.0800999999999874
 20
-134.8644630000000006
 30
0
 11
139.9848619999999926
 21
-134.6739869999999826
 31
0
  0
LINE
  5
B3A
330
1A
100
AcDbEntity
  8
BLACK
  6
CONTINUOUS
100
AcDbLine
 10
139.9848619999999926
 20
-134.6739869999999826
 30
0
 11
139.8896239999999977
 21
-134.2930350000000033
 31
0
  0
LINE
  5
B3B
330
1A
100
AcDbEntity
  8
BLACK
  6
CONTINUOUS
100
AcDbLine
 10
139.8896239999999977
 20
-134.2930350000000033
 30
0
 11
139.8896239999999977
 21
-133.8168440000000032
 31
0
  0
LINE
  5
B3C
330
1A
100
AcDbEntity
  8
BLACK
  6
CONTINUOUS
100
AcDbLine
 10
139.8896239999999977
 20
-133.8168440000000032
 30
0
 11
139.9848619999999926
 21
-133.4358919999999955
 31
0
  0
LINE
  5
B3D
330
1A
100
AcDbEntity
  8
BLACK
  6
CONTINUOUS
100
AcDbLine
 10
139.9848619999999926
 20
-133.4358919999999955
 30
0
 11
140.0800999999999874
 21
-133.2454160000000059
 31
0
  0
LINE
  5
B3E
330
1A
100
AcDbEntity
  8
BLACK
  6
CONTINUOUS
100
AcDbLine
 10
140.0800999999999874
 20
-133.2454160000000059
 30
0
 11
140.1753379999999822
 21
-133.1501779999999826
 31
0
  0
LINE
  5
B3F
330
1A
100
AcDbEntity
  8
BLACK
  6
CONTINUOUS
100
AcDbLine
 10
140.1753379999999822
 20
-133.1501779999999826
 30
0
 11
140.3658140000000003
 21
-133.0549399999999878
 31
0
  0
LINE
  5
B40
330
1A
100
AcDbEntity
  8
BLACK
  6
CONTINUOUS
100
AcDbLine
 10
141.9848619999999926
 20
-135.0549399999999878
 30
0
 11
142.3658140000000003
 21
-135.0549399999999878
 31
0
  0
LINE
  5
B41
330
1A
100
AcDbEntity
  8
BLACK
  6
CONTINUOUS
100
AcDbLine
 10
142.3658140000000003
 20
-135.0549399999999878
 30
0
 11
142.5562909999999874
 21
-134.9597019999999929
 31
0
  0
LINE
  5
B42
330
1A
100
AcDbEntity
  8
BLACK
  6
CONTINUOUS
100
AcDbLine
 10
142.5562909999999874
 20
-134.9597019999999929
 30
0
 11
142.6515289999999823
 21
-134.8644630000000006
 31
0
  0
LINE
  5
B43
330
1A
100
AcDbEntity
  8
BLACK
  6
CONTINUOUS
100
AcDbLine
 10
142.6515289999999823
 20
-134.8644630000000006
 30
0
 11
142.8420050000000003
 21
-134.5787489999999877
 31
0
  0
LINE
  5
B44
330
1A
100
AcDbEntity
  8
BLACK
  6
CONTINUOUS
100
AcDbLine
 10
142.8420050000000003
 20
-134.5787489999999877
 30
0
 11
142.9372429999999952
 21
-134.19779699999998
 31
0
  0
LINE
  5
B45
330
1A
100
AcDbEntity
  8
BLACK
  6
CONTINUOUS
100
AcDbLine
 10
142.9372429999999952
 20
-134.19779699999998
 30
0
 11
142.9372429999999952
 21
-133.4358919999999955
 31
0
  0
LINE
  5
B46
330
1A
100
AcDbEntity
  8
BLACK
  6
CONTINUOUS
100
AcDbLine
 10
142.9372429999999952
 20
-133.4358919999999955
 30
0
 11
142.8420050000000003
 21
-133.2454160000000059
 31
0
  0
LINE
  5
B47
330
1A
100
AcDbEntity
  8
BLACK
  6
CONTINUOUS
100
AcDbLine
 10
142.8420050000000003
 20
-133.2454160000000059
 30
0
 11
142.7467670000000055
 21
-133.1501779999999826
 31
0
  0
LINE
  5
B48
330
1A
100
AcDbEntity
  8
BLACK
  6
CONTINUOUS
100
AcDbLine
 10
142.7467670000000055
 20
-133.1501779999999826
 30
0
 11
142.5562909999999874
 21
-133.0549399999999878
 31
0
  0
LINE
  5
B49
330
1A
100
AcDbEntity
  8
BLACK
  6
CONTINUOUS
100
AcDbLine
 10
142.5562909999999874
 20
-133.0549399999999878
 30
0
 11
142.1753379999999822
 21
-133.0549399999999878
 31
0
  0
LINE
  5
B4A
330
1A
100
AcDbEntity
  8
BLACK
  6
CONTINUOUS
100
AcDbLine
 10
142.1753379999999822
 20
-133.0549399999999878
 30
0
 11
141.9848619999999926
 21
-133.1501779999999826
 31
0
  0
LINE
  5
B4B
330
1A
100
AcDbEntity
  8
BLACK
  6
CONTINUOUS
100
AcDbLine
 10
141.9848619999999926
 20
-133.1501779999999826
 30
0
 11
141.8896239999999977
 21
-133.2454160000000059
 31
0
  0
LINE
  5
B4C
330
1A
100
AcDbEntity
  8
BLACK
  6
CONTINUOUS
100
AcDbLine
 10
141.8896239999999977
 20
-133.2454160000000059
 30
0
 11
141.7943860000000029
 21
-133.4358919999999955
 31
0
  0
LINE
  5
B4D
330
1A
100
AcDbEntity
  8
BLACK
  6
CONTINUOUS
100
AcDbLine
 10
141.7943860000000029
 20
-133.4358919999999955
 30
0
 11
141.7943860000000029
 21
-133.9120819999999981
 31
0
  0
LINE
  5
B4E
330
1A
100
AcDbEntity
  8
BLACK
  6
CONTINUOUS
100
AcDbLine
 10
141.7943860000000029
 20
-133.9120819999999981
 30
0
 11
141.8896239999999977
 21
-134.1025589999999852
 31
0
  0
LINE
  5
B4F
330
1A
100
AcDbEntity
  8
BLACK
  6
CONTINUOUS
100
AcDbLine
 10
141.8896239999999977
 20
-134.1025589999999852
 30
0
 11
141.9848619999999926
 21
-134.19779699999998
 31
0
  0
LINE
  5
B50
330
1A
100
AcDbEntity
  8
BLACK
  6
CONTINUOUS
100
AcDbLine
 10
141.9848619999999926
 20
-134.19779699999998
 30
0
 11
142.1753379999999822
 21
-134.2930350000000033
 31
0
  0
LINE
  5
B51
330
1A
100
AcDbEntity
  8
BLACK
  6
CONTINUOUS
100
AcDbLine
 10
142.1753379999999822
 20
-134.2930350000000033
 30
0
 11
142.5562909999999874
 21
-134.2930350000000033
 31
0
  0
LINE
  5
B52
330
1A
100
AcDbEntity
  8
BLACK
  6
CONTINUOUS
100
AcDbLine
 10
142.5562909999999874
 20
-134.2930350000000033
 30
0
 11
142.7467670000000055
 21
-134.19779699999998
 31
0
  0
LINE
  5
B53
330
1A
100
AcDbEntity
  8
BLACK
  6
CONTINUOUS
100
AcDbLine
 10
142.7467670000000055
 20
-134.19779699999998
 30
0
 11
142.8420050000000003
 21
-134.1025589999999852
 31
0
  0
LINE
  5
B54
330
1A
100
AcDbEntity
  8
BLACK
  6
CONTINUOUS
100
AcDbLine
 10
142.8420050000000003
 20
-134.1025589999999852
 30
0
 11
142.9372429999999952
 21
-133.9120819999999981
 31
0
  0
LINE
  5
B55
330
1A
100
AcDbEntity
  8
BLACK
  6
CONTINUOUS
100
AcDbLine
 10
144.0800999999999874
 20
-133.9120819999999981
 30
0
 11
143.8896239999999977
 21
-133.8168440000000032
 31
0
  0
LINE
  5
B56
330
1A
100
AcDbEntity
  8
BLACK
  6
CONTINUOUS
100
AcDbLine
 10
143.8896239999999977
 20
-133.8168440000000032
 30
0
 11
143.7943860000000029
 21
-133.72160599999998
 31
0
  0
LINE
  5
B57
330
1A
100
AcDbEntity
  8
BLACK
  6
CONTINUOUS
100
AcDbLine
 10
143.7943860000000029
 20
-133.72160599999998
 30
0
 11
143.6991479999999797
 21
-133.5311299999999903
 31
0
  0
LINE
  5
B58
330
1A
100
AcDbEntity
  8
BLACK
  6
CONTINUOUS
100
AcDbLine
 10
143.6991479999999797
 20
-133.5311299999999903
 30
0
 11
143.6991479999999797
 21
-133.4358919999999955
 31
0
  0
LINE
  5
B59
330
1A
100
AcDbEntity
  8
BLACK
  6
CONTINUOUS
100
AcDbLine
 10
143.6991479999999797
 20
-133.4358919999999955
 30
0
 11
143.7943860000000029
 21
-133.2454160000000059
 31
0
  0
LINE
  5
B5A
330
1A
100
AcDbEntity
  8
BLACK
  6
CONTINUOUS
100
AcDbLine
 10
143.7943860000000029
 20
-133.2454160000000059
 30
0
 11
143.8896239999999977
 21
-133.1501779999999826
 31
0
  0
LINE
  5
B5B
330
1A
100
AcDbEntity
  8
BLACK
  6
CONTINUOUS
100
AcDbLine
 10
143.8896239999999977
 20
-133.1501779999999826
 30
0
 11
144.0800999999999874
 21
-133.0549399999999878
 31
0
  0
LINE
  5
B5C
330
1A
100
AcDbEntity
  8
BLACK
  6
CONTINUOUS
100
AcDbLine
 10
144.0800999999999874
 20
-133.0549399999999878
 30
0
 11
144.4610529999999926
 21
-133.0549399999999878
 31
0
  0
LINE
  5
B5D
330
1A
100
AcDbEntity
  8
BLACK
  6
CONTINUOUS
100
AcDbLine
 10
144.4610529999999926
 20
-133.0549399999999878
 30
0
 11
144.6515289999999823
 21
-133.1501779999999826
 31
0
  0
LINE
  5
B5E
330
1A
100
AcDbEntity
  8
BLACK
  6
CONTINUOUS
100
AcDbLine
 10
144.6515289999999823
 20
-133.1501779999999826
 30
0
 11
144.7467670000000055
 21
-133.2454160000000059
 31
0
  0
LINE
  5
B5F
330
1A
100
AcDbEntity
  8
BLACK
  6
CONTINUOUS
100
AcDbLine
 10
144.7467670000000055
 20
-133.2454160000000059
 30
0
 11
144.8420050000000003
 21
-133.4358919999999955
 31
0
  0
LINE
  5
B60
330
1A
100
AcDbEntity
  8
BLACK
  6
CONTINUOUS
100
AcDbLine
 10
144.8420050000000003
 20
-133.4358919999999955
 30
0
 11
144.8420050000000003
 21
-133.5311299999999903
 31
0
  0
LINE
  5
B61
330
1A
100
AcDbEntity
  8
BLACK
  6
CONTINUOUS
100
AcDbLine
 10
144.8420050000000003
 20
-133.5311299999999903
 30
0
 11
144.7467670000000055
 21
-133.72160599999998
 31
0
  0
LINE
  5
B62
330
1A
100
AcDbEntity
  8
BLACK
  6
CONTINUOUS
100
AcDbLine
 10
144.7467670000000055
 20
-133.72160599999998
 30
0
 11
144.6515289999999823
 21
-133.8168440000000032
 31
0
  0
LINE
  5
B63
330
1A
100
AcDbEntity
  8
BLACK
  6
CONTINUOUS
100
AcDbLine
 10
144.6515289999999823
 20
-133.8168440000000032
 30
0
 11
144.4610529999999926
 21
-133.9120819999999981
 31
0
  0
LINE
  5
B64
330
1A
100
AcDbEntity
  8
BLACK
  6
CONTINUOUS
100
AcDbLine
 10
144.4610529999999926
 20
-133.9120819999999981
 30
0
 11
144.0800999999999874
 21
-133.9120819999999981
 31
0
  0
LINE
  5
B65
330
1A
100
AcDbEntity
  8
BLACK
  6
CONTINUOUS
100
AcDbLine
 10
144.0800999999999874
 20
-133.9120819999999981
 30
0
 11
143.8896239999999977
 21
-134.0073209999999904
 31
0
  0
LINE
  5
B66
330
1A
100
AcDbEntity
  8
BLACK
  6
CONTINUOUS
100
AcDbLine
 10
143.8896239999999977
 20
-134.0073209999999904
 30
0
 11
143.7943860000000029
 21
-134.1025589999999852
 31
0
  0
LINE
  5
B67
330
1A
100
AcDbEntity
  8
BLACK
  6
CONTINUOUS
100
AcDbLine
 10
143.7943860000000029
 20
-134.1025589999999852
 30
0
 11
143.6991479999999797
 21
-134.2930350000000033
 31
0
  0
LINE
  5
B68
330
1A
100
AcDbEntity
  8
BLACK
  6
CONTINUOUS
100
AcDbLine
 10
143.6991479999999797
 20
-134.2930350000000033
 30
0
 11
143.6991479999999797
 21
-134.6739869999999826
 31
0
  0
LINE
  5
B69
330
1A
100
AcDbEntity
  8
BLACK
  6
CONTINUOUS
100
AcDbLine
 10
143.6991479999999797
 20
-134.6739869999999826
 30
0
 11
143.7943860000000029
 21
-134.8644630000000006
 31
0
  0
LINE
  5
B6A
330
1A
100
AcDbEntity
  8
BLACK
  6
CONTINUOUS
100
AcDbLine
 10
143.7943860000000029
 20
-134.8644630000000006
 30
0
 11
143.8896239999999977
 21
-134.9597019999999929
 31
0
  0
LINE
  5
B6B
330
1A
100
AcDbEntity
  8
BLACK
  6
CONTINUOUS
100
AcDbLine
 10
143.8896239999999977
 20
-134.9597019999999929
 30
0
 11
144.0800999999999874
 21
-135.0549399999999878
 31
0
  0
LINE
  5
B6C
330
1A
100
AcDbEntity
  8
BLACK
  6
CONTINUOUS
100
AcDbLine
 10
144.0800999999999874
 20
-135.0549399999999878
 30
0
 11
144.4610529999999926
 21
-135.0549399999999878
 31
0
  0
LINE
  5
B6D
330
1A
100
AcDbEntity
  8
BLACK
  6
CONTINUOUS
100
AcDbLine
 10
144.4610529999999926
 20
-135.0549399999999878
 30
0
 11
144.6515289999999823
 21
-134.9597019999999929
 31
0
  0
LINE
  5
B6E
330
1A
100
AcDbEntity
  8
BLACK
  6
CONTINUOUS
100
AcDbLine
 10
144.6515289999999823
 20
-134.9597019999999929
 30
0
 11
144.7467670000000055
 21
-134.8644630000000006
 31
0
  0
LINE
  5
B6F
330
1A
100
AcDbEntity
  8
BLACK
  6
CONTINUOUS
100
AcDbLine
 10
144.7467670000000055
 20
-134.8644630000000006
 30
0
 11
144.8420050000000003
 21
-134.6739869999999826
 31
0
  0
LINE
  5
B70
330
1A
100
AcDbEntity
  8
BLACK
  6
CONTINUOUS
100
AcDbLine
 10
144.8420050000000003
 20
-134.6739869999999826
 30
0
 11
144.8420050000000003
 21
-134.2930350000000033
 31
0
  0
LINE
  5
B71
330
1A
100
AcDbEntity
  8
BLACK
  6
CONTINUOUS
100
AcDbLine
 10
144.8420050000000003
 20
-134.2930350000000033
 30
0
 11
144.7467670000000055
 21
-134.1025589999999852
 31
0
  0
LINE
  5
B72
330
1A
100
AcDbEntity
  8
BLACK
  6
CONTINUOUS
100
AcDbLine
 10
144.7467670000000055
 20
-134.1025589999999852
 30
0
 11
144.6515289999999823
 21
-134.0073209999999904
 31
0
  0
LINE
  5
B73
330
1A
100
AcDbEntity
  8
BLACK
  6
CONTINUOUS
100
AcDbLine
 10
144.6515289999999823
 20
-134.0073209999999904
 30
0
 11
144.4610529999999926
 21
-133.9120819999999981
 31
0
  0
LINE
  5
B74
330
1A
100
AcDbEntity
  8
BLACK
  6
CONTINUOUS
100
AcDbLine
 10
145.6039099999999848
 20
-133.0549399999999878
 30
0
 11
145.6039099999999848
 21
-133.4358919999999955
 31
0
  0
LINE
  5
B75
330
1A
100
AcDbEntity
  8
BLACK
  6
CONTINUOUS
100
AcDbLine
 10
146.3658149999999978
 20
-133.0549399999999878
 30
0
 11
146.3658149999999978
 21
-133.4358919999999955
 31
0
  0
LINE
  5
B76
330
1A
100
AcDbEntity
  8
BLACK
  6
CONTINUOUS
100
AcDbLine
 10
149.3181969999999978
 20
-135.8168440000000032
 30
0
 11
149.2229580000000055
 21
-135.72160599999998
 31
0
  0
LINE
  5
B77
330
1A
100
AcDbEntity
  8
BLACK
  6
CONTINUOUS
100
AcDbLine
 10
149.2229580000000055
 20
-135.72160599999998
 30
0
 11
149.0324819999999875
 21
-135.4358919999999955
 31
0
  0
LINE
  5
B78
330
1A
100
AcDbEntity
  8
BLACK
  6
CONTINUOUS
100
AcDbLine
 10
149.0324819999999875
 20
-135.4358919999999955
 30
0
 11
148.9372439999999926
 21
-135.2454160000000059
 31
0
  0
LINE
  5
B79
330
1A
100
AcDbEntity
  8
BLACK
  6
CONTINUOUS
100
AcDbLine
 10
148.9372439999999926
 20
-135.2454160000000059
 30
0
 11
148.8420059999999978
 21
-134.9597019999999929
 31
0
  0
LINE
  5
B7A
330
1A
100
AcDbEntity
  8
BLACK
  6
CONTINUOUS
100
AcDbLine
 10
148.8420059999999978
 20
-134.9597019999999929
 30
0
 11
148.746768000000003
 21
-134.4835109999999929
 31
0
  0
LINE
  5
B7B
330
1A
100
AcDbEntity
  8
BLACK
  6
CONTINUOUS
100
AcDbLine
 10
148.746768000000003
 20
-134.4835109999999929
 30
0
 11
148.746768000000003
 21
-134.1025589999999852
 31
0
  0
LINE
  5
B7C
330
1A
100
AcDbEntity
  8
BLACK
  6
CONTINUOUS
100
AcDbLine
 10
148.746768000000003
 20
-134.1025589999999852
 30
0
 11
148.8420059999999978
 21
-133.6263679999999852
 31
0
  0
LINE
  5
B7D
330
1A
100
AcDbEntity
  8
BLACK
  6
CONTINUOUS
100
AcDbLine
 10
148.8420059999999978
 20
-133.6263679999999852
 30
0
 11
148.9372439999999926
 21
-133.3406540000000007
 31
0
  0
LINE
  5
B7E
330
1A
100
AcDbEntity
  8
BLACK
  6
CONTINUOUS
100
AcDbLine
 10
148.9372439999999926
 20
-133.3406540000000007
 30
0
 11
149.0324819999999875
 21
-133.1501779999999826
 31
0
  0
LINE
  5
B7F
330
1A
100
AcDbEntity
  8
BLACK
  6
CONTINUOUS
100
AcDbLine
 10
149.0324819999999875
 20
-133.1501779999999826
 30
0
 11
149.2229580000000055
 21
-132.8644630000000006
 31
0
  0
LINE
  5
B80
330
1A
100
AcDbEntity
  8
BLACK
  6
CONTINUOUS
100
AcDbLine
 10
149.2229580000000055
 20
-132.8644630000000006
 30
0
 11
149.3181969999999978
 21
-132.7692250000000058
 31
0
  0
LINE
  5
B81
330
1A
100
AcDbEntity
  8
BLACK
  6
CONTINUOUS
100
AcDbLine
 10
150.9372439999999926
 20
-133.72160599999998
 30
0
 11
150.9372439999999926
 21
-135.0549399999999878
 31
0
  0
LINE
  5
B82
330
1A
100
AcDbEntity
  8
BLACK
  6
CONTINUOUS
100
AcDbLine
 10
150.4610529999999926
 20
-132.9597019999999929
 30
0
 11
149.9848629999999901
 21
-134.3882729999999981
 31
0
  0
LINE
  5
B83
330
1A
100
AcDbEntity
  8
BLACK
  6
CONTINUOUS
100
AcDbLine
 10
149.9848629999999901
 20
-134.3882729999999981
 30
0
 11
151.2229580000000055
 21
-134.3882729999999981
 31
0
  0
LINE
  5
B84
330
1A
100
AcDbEntity
  8
BLACK
  6
CONTINUOUS
100
AcDbLine
 10
151.7943870000000004
 20
-133.0549399999999878
 30
0
 11
153.0324819999999875
 21
-133.0549399999999878
 31
0
  0
LINE
  5
B85
330
1A
100
AcDbEntity
  8
BLACK
  6
CONTINUOUS
100
AcDbLine
 10
153.0324819999999875
 20
-133.0549399999999878
 30
0
 11
152.3658149999999978
 21
-133.8168440000000032
 31
0
  0
LINE
  5
B86
330
1A
100
AcDbEntity
  8
BLACK
  6
CONTINUOUS
100
AcDbLine
 10
152.3658149999999978
 20
-133.8168440000000032
 30
0
 11
152.6515299999999797
 21
-133.8168440000000032
 31
0
  0
LINE
  5
B87
330
1A
100
AcDbEntity
  8
BLACK
  6
CONTINUOUS
100
AcDbLine
 10
152.6515299999999797
 20
-133.8168440000000032
 30
0
 11
152.8420059999999978
 21
-133.9120819999999981
 31
0
  0
LINE
  5
B88
330
1A
100
AcDbEntity
  8
BLACK
  6
CONTINUOUS
100
AcDbLine
 10
152.8420059999999978
 20
-133.9120819999999981
 30
0
 11
152.9372439999999926
 21
-134.0073209999999904
 31
0
  0
LINE
  5
B89
330
1A
100
AcDbEntity
  8
BLACK
  6
CONTINUOUS
100
AcDbLine
 10
152.9372439999999926
 20
-134.0073209999999904
 30
0
 11
153.0324819999999875
 21
-134.19779699999998
 31
0
  0
LINE
  5
B8A
330
1A
100
AcDbEntity
  8
BLACK
  6
CONTINUOUS
100
AcDbLine
 10
153.0324819999999875
 20
-134.19779699999998
 30
0
 11
153.0324819999999875
 21
-134.6739869999999826
 31
0
  0
LINE
  5
B8B
330
1A
100
AcDbEntity
  8
BLACK
  6
CONTINUOUS
100
AcDbLine
 10
153.0324819999999875
 20
-134.6739869999999826
 30
0
 11
152.9372439999999926
 21
-134.8644630000000006
 31
0
  0
LINE
  5
B8C
330
1A
100
AcDbEntity
  8
BLACK
  6
CONTINUOUS
100
AcDbLine
 10
152.9372439999999926
 20
-134.8644630000000006
 30
0
 11
152.8420059999999978
 21
-134.9597019999999929
 31
0
  0
LINE
  5
B8D
330
1A
100
AcDbEntity
  8
BLACK
  6
CONTINUOUS
100
AcDbLine
 10
152.8420059999999978
 20
-134.9597019999999929
 30
0
 11
152.6515299999999797
 21
-135.0549399999999878
 31
0
  0
LINE
  5
B8E
330
1A
100
AcDbEntity
  8
BLACK
  6
CONTINUOUS
100
AcDbLine
 10
152.6515299999999797
 20
-135.0549399999999878
 30
0
 11
152.0801009999999849
 21
-135.0549399999999878
 31
0
  0
LINE
  5
B8F
330
1A
100
AcDbEntity
  8
BLACK
  6
CONTINUOUS
100
AcDbLine
 10
152.0801009999999849
 20
-135.0549399999999878
 30
0
 11
151.8896249999999952
 21
-134.9597019999999929
 31
0
  0
LINE
  5
B90
330
1A
100
AcDbEntity
  8
BLACK
  6
CONTINUOUS
100
AcDbLine
 10
151.8896249999999952
 20
-134.9597019999999929
 30
0
 11
151.7943870000000004
 21
-134.8644630000000006
 31
0
  0
LINE
  5
B91
330
1A
100
AcDbEntity
  8
BLACK
  6
CONTINUOUS
100
AcDbLine
 10
154.1753389999999797
 20
-133.9120819999999981
 30
0
 11
153.9848629999999901
 21
-133.8168440000000032
 31
0
  0
LINE
  5
B92
330
1A
100
AcDbEntity
  8
BLACK
  6
CONTINUOUS
100
AcDbLine
 10
153.9848629999999901
 20
-133.8168440000000032
 30
0
 11
153.8896249999999952
 21
-133.72160599999998
 31
0
  0
LINE
  5
B93
330
1A
100
AcDbEntity
  8
BLACK
  6
CONTINUOUS
100
AcDbLine
 10
153.8896249999999952
 20
-133.72160599999998
 30
0
 11
153.7943870000000004
 21
-133.5311299999999903
 31
0
  0
LINE
  5
B94
330
1A
100
AcDbEntity
  8
BLACK
  6
CONTINUOUS
100
AcDbLine
 10
153.7943870000000004
 20
-133.5311299999999903
 30
0
 11
153.7943870000000004
 21
-133.4358919999999955
 31
0
  0
LINE
  5
B95
330
1A
100
AcDbEntity
  8
BLACK
  6
CONTINUOUS
100
AcDbLine
 10
153.7943870000000004
 20
-133.4358919999999955
 30
0
 11
153.8896249999999952
 21
-133.2454160000000059
 31
0
  0
LINE
  5
B96
330
1A
100
AcDbEntity
  8
BLACK
  6
CONTINUOUS
100
AcDbLine
 10
153.8896249999999952
 20
-133.2454160000000059
 30
0
 11
153.9848629999999901
 21
-133.1501779999999826
 31
0
  0
LINE
  5
B97
330
1A
100
AcDbEntity
  8
BLACK
  6
CONTINUOUS
100
AcDbLine
 10
153.9848629999999901
 20
-133.1501779999999826
 30
0
 11
154.1753389999999797
 21
-133.0549399999999878
 31
0
  0
LINE
  5
B98
330
1A
100
AcDbEntity
  8
BLACK
  6
CONTINUOUS
100
AcDbLine
 10
154.1753389999999797
 20
-133.0549399999999878
 30
0
 11
154.5562919999999849
 21
-133.0549399999999878
 31
0
  0
LINE
  5
B99
330
1A
100
AcDbEntity
  8
BLACK
  6
CONTINUOUS
100
AcDbLine
 10
154.5562919999999849
 20
-133.0549399999999878
 30
0
 11
154.746768000000003
 21
-133.1501779999999826
 31
0
  0
LINE
  5
B9A
330
1A
100
AcDbEntity
  8
BLACK
  6
CONTINUOUS
100
AcDbLine
 10
154.746768000000003
 20
-133.1501779999999826
 30
0
 11
154.8420059999999978
 21
-133.2454160000000059
 31
0
  0
LINE
  5
B9B
330
1A
100
AcDbEntity
  8
BLACK
  6
CONTINUOUS
100
AcDbLine
 10
154.8420059999999978
 20
-133.2454160000000059
 30
0
 11
154.9372439999999926
 21
-133.4358919999999955
 31
0
  0
LINE
  5
B9C
330
1A
100
AcDbEntity
  8
BLACK
  6
CONTINUOUS
100
AcDbLine
 10
154.9372439999999926
 20
-133.4358919999999955
 30
0
 11
154.9372439999999926
 21
-133.5311299999999903
 31
0
  0
LINE
  5
B9D
330
1A
100
AcDbEntity
  8
BLACK
  6
CONTINUOUS
100
AcDbLine
 10
154.9372439999999926
 20
-133.5311299999999903
 30
0
 11
154.8420059999999978
 21
-133.72160599999998
 31
0
  0
LINE
  5
B9E
330
1A
100
AcDbEntity
  8
BLACK
  6
CONTINUOUS
100
AcDbLine
 10
154.8420059999999978
 20
-133.72160599999998
 30
0
 11
154.746768000000003
 21
-133.8168440000000032
 31
0
  0
LINE
  5
B9F
330
1A
100
AcDbEntity
  8
BLACK
  6
CONTINUOUS
100
AcDbLine
 10
154.746768000000003
 20
-133.8168440000000032
 30
0
 11
154.5562919999999849
 21
-133.9120819999999981
 31
0
  0
LINE
  5
BA0
330
1A
100
AcDbEntity
  8
BLACK
  6
CONTINUOUS
100
AcDbLine
 10
154.5562919999999849
 20
-133.9120819999999981
 30
0
 11
154.1753389999999797
 21
-133.9120819999999981
 31
0
  0
LINE
  5
BA1
330
1A
100
AcDbEntity
  8
BLACK
  6
CONTINUOUS
100
AcDbLine
 10
154.1753389999999797
 20
-133.9120819999999981
 30
0
 11
153.9848629999999901
 21
-134.0073209999999904
 31
0
  0
LINE
  5
BA2
330
1A
100
AcDbEntity
  8
BLACK
  6
CONTINUOUS
100
AcDbLine
 10
153.9848629999999901
 20
-134.0073209999999904
 30
0
 11
153.8896249999999952
 21
-134.1025589999999852
 31
0
  0
LINE
  5
BA3
330
1A
100
AcDbEntity
  8
BLACK
  6
CONTINUOUS
100
AcDbLine
 10
153.8896249999999952
 20
-134.1025589999999852
 30
0
 11
153.7943870000000004
 21
-134.2930350000000033
 31
0
  0
LINE
  5
BA4
330
1A
100
AcDbEntity
  8
BLACK
  6
CONTINUOUS
100
AcDbLine
 10
153.7943870000000004
 20
-134.2930350000000033
 30
0
 11
153.7943870000000004
 21
-134.6739869999999826
 31
0
  0
LINE
  5
BA5
330
1A
100
AcDbEntity
  8
BLACK
  6
CONTINUOUS
100
AcDbLine
 10
153.7943870000000004
 20
-134.6739869999999826
 30
0
 11
153.8896249999999952
 21
-134.8644630000000006
 31
0
  0
LINE
  5
BA6
330
1A
100
AcDbEntity
  8
BLACK
  6
CONTINUOUS
100
AcDbLine
 10
153.8896249999999952
 20
-134.8644630000000006
 30
0
 11
153.9848629999999901
 21
-134.9597019999999929
 31
0
  0
LINE
  5
BA7
330
1A
100
AcDbEntity
  8
BLACK
  6
CONTINUOUS
100
AcDbLine
 10
153.9848629999999901
 20
-134.9597019999999929
 30
0
 11
154.1753389999999797
 21
-135.0549399999999878
 31
0
  0
LINE
  5
BA8
330
1A
100
AcDbEntity
  8
BLACK
  6
CONTINUOUS
100
AcDbLine
 10
154.1753389999999797
 20
-135.0549399999999878
 30
0
 11
154.5562919999999849
 21
-135.0549399999999878
 31
0
  0
LINE
  5
BA9
330
1A
100
AcDbEntity
  8
BLACK
  6
CONTINUOUS
100
AcDbLine
 10
154.5562919999999849
 20
-135.0549399999999878
 30
0
 11
154.746768000000003
 21
-134.9597019999999929
 31
0
  0
LINE
  5
BAA
330
1A
100
AcDbEntity
  8
BLACK
  6
CONTINUOUS
100
AcDbLine
 10
154.746768000000003
 20
-134.9597019999999929
 30
0
 11
154.8420059999999978
 21
-134.8644630000000006
 31
0
  0
LINE
  5
BAB
330
1A
100
AcDbEntity
  8
BLACK
  6
CONTINUOUS
100
AcDbLine
 10
154.8420059999999978
 20
-134.8644630000000006
 30
0
 11
154.9372439999999926
 21
-134.6739869999999826
 31
0
  0
LINE
  5
BAC
330
1A
100
AcDbEntity
  8
BLACK
  6
CONTINUOUS
100
AcDbLine
 10
154.9372439999999926
 20
-134.6739869999999826
 30
0
 11
154.9372439999999926
 21
-134.2930350000000033
 31
0
  0
LINE
  5
BAD
330
1A
100
AcDbEntity
  8
BLACK
  6
CONTINUOUS
100
AcDbLine
 10
154.9372439999999926
 20
-134.2930350000000033
 30
0
 11
154.8420059999999978
 21
-134.1025589999999852
 31
0
  0
LINE
  5
BAE
330
1A
100
AcDbEntity
  8
BLACK
  6
CONTINUOUS
100
AcDbLine
 10
154.8420059999999978
 20
-134.1025589999999852
 30
0
 11
154.746768000000003
 21
-134.0073209999999904
 31
0
  0
LINE
  5
BAF
330
1A
100
AcDbEntity
  8
BLACK
  6
CONTINUOUS
100
AcDbLine
 10
154.746768000000003
 20
-134.0073209999999904
 30
0
 11
154.5562919999999849
 21
-133.9120819999999981
 31
0
  0
LINE
  5
BB0
330
1A
100
AcDbEntity
  8
BLACK
  6
CONTINUOUS
100
AcDbLine
 10
157.3181969999999978
 20
-135.0549399999999878
 30
0
 11
157.3181969999999978
 21
-133.0549399999999878
 31
0
  0
LINE
  5
BB1
330
1A
100
AcDbEntity
  8
BLACK
  6
CONTINUOUS
100
AcDbLine
 10
158.1753400000000056
 20
-135.0549399999999878
 30
0
 11
158.1753400000000056
 21
-134.0073209999999904
 31
0
  0
LINE
  5
BB2
330
1A
100
AcDbEntity
  8
BLACK
  6
CONTINUOUS
100
AcDbLine
 10
158.1753400000000056
 20
-134.0073209999999904
 30
0
 11
158.0801019999999824
 21
-133.8168440000000032
 31
0
  0
LINE
  5
BB3
330
1A
100
AcDbEntity
  8
BLACK
  6
CONTINUOUS
100
AcDbLine
 10
158.0801019999999824
 20
-133.8168440000000032
 30
0
 11
157.8896259999999927
 21
-133.72160599999998
 31
0
  0
LINE
  5
BB4
330
1A
100
AcDbEntity
  8
BLACK
  6
CONTINUOUS
100
AcDbLine
 10
157.8896259999999927
 20
-133.72160599999998
 30
0
 11
157.6039109999999823
 21
-133.72160599999998
 31
0
  0
LINE
  5
BB5
330
1A
100
AcDbEntity
  8
BLACK
  6
CONTINUOUS
100
AcDbLine
 10
157.6039109999999823
 20
-133.72160599999998
 30
0
 11
157.4134349999999927
 21
-133.8168440000000032
 31
0
  0
LINE
  5
BB6
330
1A
100
AcDbEntity
  8
BLACK
  6
CONTINUOUS
100
AcDbLine
 10
157.4134349999999927
 20
-133.8168440000000032
 30
0
 11
157.3181969999999978
 21
-133.9120819999999981
 31
0
  0
LINE
  5
BB7
330
1A
100
AcDbEntity
  8
BLACK
  6
CONTINUOUS
100
AcDbLine
 10
159.4134349999999927
 20
-135.0549399999999878
 30
0
 11
159.222959000000003
 21
-134.9597019999999929
 31
0
  0
LINE
  5
BB8
330
1A
100
AcDbEntity
  8
BLACK
  6
CONTINUOUS
100
AcDbLine
 10
159.222959000000003
 20
-134.9597019999999929
 30
0
 11
159.1277209999999798
 21
-134.8644630000000006
 31
0
  0
LINE
  5
BB9
330
1A
100
AcDbEntity
  8
BLACK
  6
CONTINUOUS
100
AcDbLine
 10
159.1277209999999798
 20
-134.8644630000000006
 30
0
 11
159.0324829999999849
 21
-134.6739869999999826
 31
0
  0
LINE
  5
BBA
330
1A
100
AcDbEntity
  8
BLACK
  6
CONTINUOUS
100
AcDbLine
 10
159.0324829999999849
 20
-134.6739869999999826
 30
0
 11
159.0324829999999849
 21
-134.1025589999999852
 31
0
  0
LINE
  5
BBB
330
1A
100
AcDbEntity
  8
BLACK
  6
CONTINUOUS
100
AcDbLine
 10
159.0324829999999849
 20
-134.1025589999999852
 30
0
 11
159.1277209999999798
 21
-133.9120819999999981
 31
0
  0
LINE
  5
BBC
330
1A
100
AcDbEntity
  8
BLACK
  6
CONTINUOUS
100
AcDbLine
 10
159.1277209999999798
 20
-133.9120819999999981
 30
0
 11
159.222959000000003
 21
-133.8168440000000032
 31
0
  0
LINE
  5
BBD
330
1A
100
AcDbEntity
  8
BLACK
  6
CONTINUOUS
100
AcDbLine
 10
159.222959000000003
 20
-133.8168440000000032
 30
0
 11
159.4134349999999927
 21
-133.72160599999998
 31
0
  0
LINE
  5
BBE
330
1A
100
AcDbEntity
  8
BLACK
  6
CONTINUOUS
100
AcDbLine
 10
159.4134349999999927
 20
-133.72160599999998
 30
0
 11
159.699150000000003
 21
-133.72160599999998
 31
0
  0
LINE
  5
BBF
330
1A
100
AcDbEntity
  8
BLACK
  6
CONTINUOUS
100
AcDbLine
 10
159.699150000000003
 20
-133.72160599999998
 30
0
 11
159.8896259999999927
 21
-133.8168440000000032
 31
0
  0
LINE
  5
BC0
330
1A
100
AcDbEntity
  8
BLACK
  6
CONTINUOUS
100
AcDbLine
 10
159.8896259999999927
 20
-133.8168440000000032
 30
0
 11
159.9848639999999875
 21
-133.9120819999999981
 31
0
  0
LINE
  5
BC1
330
1A
100
AcDbEntity
  8
BLACK
  6
CONTINUOUS
100
AcDbLine
 10
159.9848639999999875
 20
-133.9120819999999981
 30
0
 11
160.0801019999999824
 21
-134.1025589999999852
 31
0
  0
LINE
  5
BC2
330
1A
100
AcDbEntity
  8
BLACK
  6
CONTINUOUS
100
AcDbLine
 10
160.0801019999999824
 20
-134.1025589999999852
 30
0
 11
160.0801019999999824
 21
-134.6739869999999826
 31
0
  0
LINE
  5
BC3
330
1A
100
AcDbEntity
  8
BLACK
  6
CONTINUOUS
100
AcDbLine
 10
160.0801019999999824
 20
-134.6739869999999826
 30
0
 11
159.9848639999999875
 21
-134.8644630000000006
 31
0
  0
LINE
  5
BC4
330
1A
100
AcDbEntity
  8
BLACK
  6
CONTINUOUS
100
AcDbLine
 10
159.9848639999999875
 20
-134.8644630000000006
 30
0
 11
159.8896259999999927
 21
-134.9597019999999929
 31
0
  0
LINE
  5
BC5
330
1A
100
AcDbEntity
  8
BLACK
  6
CONTINUOUS
100
AcDbLine
 10
159.8896259999999927
 20
-134.9597019999999929
 30
0
 11
159.699150000000003
 21
-135.0549399999999878
 31
0
  0
LINE
  5
BC6
330
1A
100
AcDbEntity
  8
BLACK
  6
CONTINUOUS
100
AcDbLine
 10
159.699150000000003
 20
-135.0549399999999878
 30
0
 11
159.4134349999999927
 21
-135.0549399999999878
 31
0
  0
LINE
  5
BC7
330
1A
100
AcDbEntity
  8
BLACK
  6
CONTINUOUS
100
AcDbLine
 10
161.222959000000003
 20
-135.0549399999999878
 30
0
 11
161.0324829999999849
 21
-134.9597019999999929
 31
0
  0
LINE
  5
BC8
330
1A
100
AcDbEntity
  8
BLACK
  6
CONTINUOUS
100
AcDbLine
 10
161.0324829999999849
 20
-134.9597019999999929
 30
0
 11
160.9372449999999901
 21
-134.7692250000000058
 31
0
  0
LINE
  5
BC9
330
1A
100
AcDbEntity
  8
BLACK
  6
CONTINUOUS
100
AcDbLine
 10
160.9372449999999901
 20
-134.7692250000000058
 30
0
 11
160.9372449999999901
 21
-133.0549399999999878
 31
0
  0
LINE
  5
BCA
330
1A
100
AcDbEntity
  8
BLACK
  6
CONTINUOUS
100
AcDbLine
 10
162.7467690000000005
 20
-134.9597019999999929
 30
0
 11
162.5562929999999824
 21
-135.0549399999999878
 31
0
  0
LINE
  5
BCB
330
1A
100
AcDbEntity
  8
BLACK
  6
CONTINUOUS
100
AcDbLine
 10
162.5562929999999824
 20
-135.0549399999999878
 30
0
 11
162.1753400000000056
 21
-135.0549399999999878
 31
0
  0
LINE
  5
BCC
330
1A
100
AcDbEntity
  8
BLACK
  6
CONTINUOUS
100
AcDbLine
 10
162.1753400000000056
 20
-135.0549399999999878
 30
0
 11
161.9848639999999875
 21
-134.9597019999999929
 31
0
  0
LINE
  5
BCD
330
1A
100
AcDbEntity
  8
BLACK
  6
CONTINUOUS
100
AcDbLine
 10
161.9848639999999875
 20
-134.9597019999999929
 30
0
 11
161.8896259999999927
 21
-134.7692250000000058
 31
0
  0
LINE
  5
BCE
330
1A
100
AcDbEntity
  8
BLACK
  6
CONTINUOUS
100
AcDbLine
 10
161.8896259999999927
 20
-134.7692250000000058
 30
0
 11
161.8896259999999927
 21
-134.0073209999999904
 31
0
  0
LINE
  5
BCF
330
1A
100
AcDbEntity
  8
BLACK
  6
CONTINUOUS
100
AcDbLine
 10
161.8896259999999927
 20
-134.0073209999999904
 30
0
 11
161.9848639999999875
 21
-133.8168440000000032
 31
0
  0
LINE
  5
BD0
330
1A
100
AcDbEntity
  8
BLACK
  6
CONTINUOUS
100
AcDbLine
 10
161.9848639999999875
 20
-133.8168440000000032
 30
0
 11
162.1753400000000056
 21
-133.72160599999998
 31
0
  0
LINE
  5
BD1
330
1A
100
AcDbEntity
  8
BLACK
  6
CONTINUOUS
100
AcDbLine
 10
162.1753400000000056
 20
-133.72160599999998
 30
0
 11
162.5562929999999824
 21
-133.72160599999998
 31
0
  0
LINE
  5
BD2
330
1A
100
AcDbEntity
  8
BLACK
  6
CONTINUOUS
100
AcDbLine
 10
162.5562929999999824
 20
-133.72160599999998
 30
0
 11
162.7467690000000005
 21
-133.8168440000000032
 31
0
  0
LINE
  5
BD3
330
1A
100
AcDbEntity
  8
BLACK
  6
CONTINUOUS
100
AcDbLine
 10
162.7467690000000005
 20
-133.8168440000000032
 30
0
 11
162.8420069999999953
 21
-134.0073209999999904
 31
0
  0
LINE
  5
BD4
330
1A
100
AcDbEntity
  8
BLACK
  6
CONTINUOUS
100
AcDbLine
 10
162.8420069999999953
 20
-134.0073209999999904
 30
0
 11
162.8420069999999953
 21
-134.19779699999998
 31
0
  0
LINE
  5
BD5
330
1A
100
AcDbEntity
  8
BLACK
  6
CONTINUOUS
100
AcDbLine
 10
162.8420069999999953
 20
-134.19779699999998
 30
0
 11
161.8896259999999927
 21
-134.3882729999999981
 31
0
  0
LINE
  5
BD6
330
1A
100
AcDbEntity
  8
BLACK
  6
CONTINUOUS
100
AcDbLine
 10
163.6039119999999798
 20
-134.9597019999999929
 30
0
 11
163.7943879999999979
 21
-135.0549399999999878
 31
0
  0
LINE
  5
BD7
330
1A
100
AcDbEntity
  8
BLACK
  6
CONTINUOUS
100
AcDbLine
 10
163.7943879999999979
 20
-135.0549399999999878
 30
0
 11
164.1753400000000056
 21
-135.0549399999999878
 31
0
  0
LINE
  5
BD8
330
1A
100
AcDbEntity
  8
BLACK
  6
CONTINUOUS
100
AcDbLine
 10
164.1753400000000056
 20
-135.0549399999999878
 30
0
 11
164.3658169999999927
 21
-134.9597019999999929
 31
0
  0
LINE
  5
BD9
330
1A
100
AcDbEntity
  8
BLACK
  6
CONTINUOUS
100
AcDbLine
 10
164.3658169999999927
 20
-134.9597019999999929
 30
0
 11
164.4610549999999876
 21
-134.7692250000000058
 31
0
  0
LINE
  5
BDA
330
1A
100
AcDbEntity
  8
BLACK
  6
CONTINUOUS
100
AcDbLine
 10
164.4610549999999876
 20
-134.7692250000000058
 30
0
 11
164.4610549999999876
 21
-134.6739869999999826
 31
0
  0
LINE
  5
BDB
330
1A
100
AcDbEntity
  8
BLACK
  6
CONTINUOUS
100
AcDbLine
 10
164.4610549999999876
 20
-134.6739869999999826
 30
0
 11
164.3658169999999927
 21
-134.4835109999999929
 31
0
  0
LINE
  5
BDC
330
1A
100
AcDbEntity
  8
BLACK
  6
CONTINUOUS
100
AcDbLine
 10
164.3658169999999927
 20
-134.4835109999999929
 30
0
 11
164.1753400000000056
 21
-134.3882729999999981
 31
0
  0
LINE
  5
BDD
330
1A
100
AcDbEntity
  8
BLACK
  6
CONTINUOUS
100
AcDbLine
 10
164.1753400000000056
 20
-134.3882729999999981
 30
0
 11
163.8896259999999927
 21
-134.3882729999999981
 31
0
  0
LINE
  5
BDE
330
1A
100
AcDbEntity
  8
BLACK
  6
CONTINUOUS
100
AcDbLine
 10
163.8896259999999927
 20
-134.3882729999999981
 30
0
 11
163.699150000000003
 21
-134.2930350000000033
 31
0
  0
LINE
  5
BDF
330
1A
100
AcDbEntity
  8
BLACK
  6
CONTINUOUS
100
AcDbLine
 10
163.699150000000003
 20
-134.2930350000000033
 30
0
 11
163.6039119999999798
 21
-134.1025589999999852
 31
0
  0
LINE
  5
BE0
330
1A
100
AcDbEntity
  8
BLACK
  6
CONTINUOUS
100
AcDbLine
 10
163.6039119999999798
 20
-134.1025589999999852
 30
0
 11
163.6039119999999798
 21
-134.0073209999999904
 31
0
  0
LINE
  5
BE1
330
1A
100
AcDbEntity
  8
BLACK
  6
CONTINUOUS
100
AcDbLine
 10
163.6039119999999798
 20
-134.0073209999999904
 30
0
 11
163.699150000000003
 21
-133.8168440000000032
 31
0
  0
LINE
  5
BE2
330
1A
100
AcDbEntity
  8
BLACK
  6
CONTINUOUS
100
AcDbLine
 10
163.699150000000003
 20
-133.8168440000000032
 30
0
 11
163.8896259999999927
 21
-133.72160599999998
 31
0
  0
LINE
  5
BE3
330
1A
100
AcDbEntity
  8
BLACK
  6
CONTINUOUS
100
AcDbLine
 10
163.8896259999999927
 20
-133.72160599999998
 30
0
 11
164.1753400000000056
 21
-133.72160599999998
 31
0
  0
LINE
  5
BE4
330
1A
100
AcDbEntity
  8
BLACK
  6
CONTINUOUS
100
AcDbLine
 10
164.1753400000000056
 20
-133.72160599999998
 30
0
 11
164.3658169999999927
 21
-133.8168440000000032
 31
0
  0
LINE
  5
BE5
330
1A
100
AcDbEntity
  8
BLACK
  6
CONTINUOUS
100
AcDbLine
 10
165.1277220000000057
 20
-135.8168440000000032
 30
0
 11
165.2229600000000005
 21
-135.72160599999998
 31
0
  0
LINE
  5
BE6
330
1A
100
AcDbEntity
  8
BLACK
  6
CONTINUOUS
100
AcDbLine
 10
165.2229600000000005
 20
-135.72160599999998
 30
0
 11
165.4134359999999901
 21
-135.4358919999999955
 31
0
  0
LINE
  5
BE7
330
1A
100
AcDbEntity
  8
BLACK
  6
CONTINUOUS
100
AcDbLine
 10
165.4134359999999901
 20
-135.4358919999999955
 30
0
 11
165.508673999999985
 21
-135.2454160000000059
 31
0
  0
LINE
  5
BE8
330
1A
100
AcDbEntity
  8
BLACK
  6
CONTINUOUS
100
AcDbLine
 10
165.508673999999985
 20
-135.2454160000000059
 30
0
 11
165.6039119999999798
 21
-134.9597019999999929
 31
0
  0
LINE
  5
BE9
330
1A
100
AcDbEntity
  8
BLACK
  6
CONTINUOUS
100
AcDbLine
 10
165.6039119999999798
 20
-134.9597019999999929
 30
0
 11
165.699150000000003
 21
-134.4835109999999929
 31
0
  0
LINE
  5
BEA
330
1A
100
AcDbEntity
  8
BLACK
  6
CONTINUOUS
100
AcDbLine
 10
165.699150000000003
 20
-134.4835109999999929
 30
0
 11
165.699150000000003
 21
-134.1025589999999852
 31
0
  0
LINE
  5
BEB
330
1A
100
AcDbEntity
  8
BLACK
  6
CONTINUOUS
100
AcDbLine
 10
165.699150000000003
 20
-134.1025589999999852
 30
0
 11
165.6039119999999798
 21
-133.6263679999999852
 31
0
  0
LINE
  5
BEC
330
1A
100
AcDbEntity
  8
BLACK
  6
CONTINUOUS
100
AcDbLine
 10
165.6039119999999798
 20
-133.6263679999999852
 30
0
 11
165.508673999999985
 21
-133.3406540000000007
 31
0
  0
LINE
  5
BED
330
1A
100
AcDbEntity
  8
BLACK
  6
CONTINUOUS
100
AcDbLine
 10
165.508673999999985
 20
-133.3406540000000007
 30
0
 11
165.4134359999999901
 21
-133.1501779999999826
 31
0
  0
LINE
  5
BEE
330
1A
100
AcDbEntity
  8
BLACK
  6
CONTINUOUS
100
AcDbLine
 10
165.4134359999999901
 20
-133.1501779999999826
 30
0
 11
165.2229600000000005
 21
-132.8644630000000006
 31
0
  0
LINE
  5
BEF
330
1A
100
AcDbEntity
  8
BLACK
  6
CONTINUOUS
100
AcDbLine
 10
165.2229600000000005
 20
-132.8644630000000006
 30
0
 11
165.1277220000000057
 21
-132.7692250000000058
 31
0
  0
LINE
  5
BF0
330
1A
100
AcDbEntity
  8
BLACK
  6
CONTINUOUS
100
AcDbLine
 10
113.4175679999999886
 20
-136.6301019999999937
 30
0
 11
113.4175679999999886
 21
-136.9301020000000051
 31
0
  0
LINE
  5
BF1
330
1A
100
AcDbEntity
  8
BLACK
  6
CONTINUOUS
100
AcDbLine
 10
113.2675679999999971
 20
-136.7801019999999994
 30
0
 11
113.5675679999999943
 21
-136.7801019999999994
 31
0
  0
LINE
  5
BF2
330
1A
100
AcDbEntity
  8
BLACK
  6
CONTINUOUS
100
AcDbLine
 10
116.556287999999995
 20
-135.6949400000000026
 30
0
 11
116.7467649999999963
 21
-135.6949400000000026
 31
0
  0
LINE
  5
BF3
330
1A
100
AcDbEntity
  8
BLACK
  6
CONTINUOUS
100
AcDbLine
 10
116.7467649999999963
 20
-135.6949400000000026
 30
0
 11
116.9372410000000002
 21
-135.7901779999999974
 31
0
  0
LINE
  5
BF4
330
1A
100
AcDbEntity
  8
BLACK
  6
CONTINUOUS
100
AcDbLine
 10
116.9372410000000002
 20
-135.7901779999999974
 30
0
 11
117.032478999999995
 21
-135.8854159999999922
 31
0
  0
LINE
  5
BF5
330
1A
100
AcDbEntity
  8
BLACK
  6
CONTINUOUS
100
AcDbLine
 10
117.032478999999995
 20
-135.8854159999999922
 30
0
 11
117.1277169999999899
 21
-136.0758919999999819
 31
0
  0
LINE
  5
BF6
330
1A
100
AcDbEntity
  8
BLACK
  6
CONTINUOUS
100
AcDbLine
 10
117.1277169999999899
 20
-136.0758919999999819
 30
0
 11
117.2229549999999989
 21
-136.4568439999999896
 31
0
  0
LINE
  5
BF7
330
1A
100
AcDbEntity
  8
BLACK
  6
CONTINUOUS
100
AcDbLine
 10
117.2229549999999989
 20
-136.4568439999999896
 30
0
 11
117.2229549999999989
 21
-136.9330349999999896
 31
0
  0
LINE
  5
BF8
330
1A
100
AcDbEntity
  8
BLACK
  6
CONTINUOUS
100
AcDbLine
 10
117.2229549999999989
 20
-136.9330349999999896
 30
0
 11
117.1277169999999899
 21
-137.3139869999999974
 31
0
  0
LINE
  5
BF9
330
1A
100
AcDbEntity
  8
BLACK
  6
CONTINUOUS
100
AcDbLine
 10
117.1277169999999899
 20
-137.3139869999999974
 30
0
 11
117.032478999999995
 21
-137.504462999999987
 31
0
  0
LINE
  5
BFA
330
1A
100
AcDbEntity
  8
BLACK
  6
CONTINUOUS
100
AcDbLine
 10
117.032478999999995
 20
-137.504462999999987
 30
0
 11
116.9372410000000002
 21
-137.5997020000000077
 31
0
  0
LINE
  5
BFB
330
1A
100
AcDbEntity
  8
BLACK
  6
CONTINUOUS
100
AcDbLine
 10
116.9372410000000002
 20
-137.5997020000000077
 30
0
 11
116.7467649999999963
 21
-137.6949400000000026
 31
0
  0
LINE
  5
BFC
330
1A
100
AcDbEntity
  8
BLACK
  6
CONTINUOUS
100
AcDbLine
 10
116.7467649999999963
 20
-137.6949400000000026
 30
0
 11
116.556287999999995
 21
-137.6949400000000026
 31
0
  0
LINE
  5
BFD
330
1A
100
AcDbEntity
  8
BLACK
  6
CONTINUOUS
100
AcDbLine
 10
116.556287999999995
 20
-137.6949400000000026
 30
0
 11
116.3658119999999911
 21
-137.5997020000000077
 31
0
  0
LINE
  5
BFE
330
1A
100
AcDbEntity
  8
BLACK
  6
CONTINUOUS
100
AcDbLine
 10
116.3658119999999911
 20
-137.5997020000000077
 30
0
 11
116.2705739999999963
 21
-137.504462999999987
 31
0
  0
LINE
  5
BFF
330
1A
100
AcDbEntity
  8
BLACK
  6
CONTINUOUS
100
AcDbLine
 10
116.2705739999999963
 20
-137.504462999999987
 30
0
 11
116.1753360000000015
 21
-137.3139869999999974
 31
0
  0
LINE
  5
C00
330
1A
100
AcDbEntity
  8
BLACK
  6
CONTINUOUS
100
AcDbLine
 10
116.1753360000000015
 20
-137.3139869999999974
 30
0
 11
116.0800979999999925
 21
-136.9330349999999896
 31
0
  0
LINE
  5
C01
330
1A
100
AcDbEntity
  8
BLACK
  6
CONTINUOUS
100
AcDbLine
 10
116.0800979999999925
 20
-136.9330349999999896
 30
0
 11
116.0800979999999925
 21
-136.4568439999999896
 31
0
  0
LINE
  5
C02
330
1A
100
AcDbEntity
  8
BLACK
  6
CONTINUOUS
100
AcDbLine
 10
116.0800979999999925
 20
-136.4568439999999896
 30
0
 11
116.1753360000000015
 21
-136.0758919999999819
 31
0
  0
LINE
  5
C03
330
1A
100
AcDbEntity
  8
BLACK
  6
CONTINUOUS
100
AcDbLine
 10
116.1753360000000015
 20
-136.0758919999999819
 30
0
 11
116.2705739999999963
 21
-135.8854159999999922
 31
0
  0
LINE
  5
C04
330
1A
100
AcDbEntity
  8
BLACK
  6
CONTINUOUS
100
AcDbLine
 10
116.2705739999999963
 20
-135.8854159999999922
 30
0
 11
116.3658119999999911
 21
-135.7901779999999974
 31
0
  0
LINE
  5
C05
330
1A
100
AcDbEntity
  8
BLACK
  6
CONTINUOUS
100
AcDbLine
 10
116.3658119999999911
 20
-135.7901779999999974
 30
0
 11
116.556287999999995
 21
-135.6949400000000026
 31
0
  0
LINE
  5
C06
330
1A
100
AcDbEntity
  8
BLACK
  6
CONTINUOUS
100
AcDbLine
 10
118.0800979999999925
 20
-137.504462999999987
 30
0
 11
118.1753360000000015
 21
-137.5997020000000077
 31
0
  0
LINE
  5
C07
330
1A
100
AcDbEntity
  8
BLACK
  6
CONTINUOUS
100
AcDbLine
 10
118.1753360000000015
 20
-137.5997020000000077
 30
0
 11
118.0800979999999925
 21
-137.6949400000000026
 31
0
  0
LINE
  5
C08
330
1A
100
AcDbEntity
  8
BLACK
  6
CONTINUOUS
100
AcDbLine
 10
118.0800979999999925
 20
-137.6949400000000026
 30
0
 11
117.9848599999999976
 21
-137.5997020000000077
 31
0
  0
LINE
  5
C09
330
1A
100
AcDbEntity
  8
BLACK
  6
CONTINUOUS
100
AcDbLine
 10
117.9848599999999976
 20
-137.5997020000000077
 30
0
 11
118.0800979999999925
 21
-137.504462999999987
 31
0
  0
LINE
  5
C0A
330
1A
100
AcDbEntity
  8
BLACK
  6
CONTINUOUS
100
AcDbLine
 10
118.0800979999999925
 20
-137.504462999999987
 30
0
 11
118.0800979999999925
 21
-137.6949400000000026
 31
0
  0
LINE
  5
C0B
330
1A
100
AcDbEntity
  8
BLACK
  6
CONTINUOUS
100
AcDbLine
 10
118.8420029999999912
 20
-135.6949400000000026
 30
0
 11
120.0800979999999925
 21
-135.6949400000000026
 31
0
  0
LINE
  5
C0C
330
1A
100
AcDbEntity
  8
BLACK
  6
CONTINUOUS
100
AcDbLine
 10
120.0800979999999925
 20
-135.6949400000000026
 30
0
 11
119.4134309999999886
 21
-136.4568439999999896
 31
0
  0
LINE
  5
C0D
330
1A
100
AcDbEntity
  8
BLACK
  6
CONTINUOUS
100
AcDbLine
 10
119.4134309999999886
 20
-136.4568439999999896
 30
0
 11
119.6991459999999989
 21
-136.4568439999999896
 31
0
  0
LINE
  5
C0E
330
1A
100
AcDbEntity
  8
BLACK
  6
CONTINUOUS
100
AcDbLine
 10
119.6991459999999989
 20
-136.4568439999999896
 30
0
 11
119.8896219999999886
 21
-136.5520819999999844
 31
0
  0
LINE
  5
C0F
330
1A
100
AcDbEntity
  8
BLACK
  6
CONTINUOUS
100
AcDbLine
 10
119.8896219999999886
 20
-136.5520819999999844
 30
0
 11
119.9848599999999976
 21
-136.6473210000000051
 31
0
  0
LINE
  5
C10
330
1A
100
AcDbEntity
  8
BLACK
  6
CONTINUOUS
100
AcDbLine
 10
119.9848599999999976
 20
-136.6473210000000051
 30
0
 11
120.0800979999999925
 21
-136.8377969999999948
 31
0
  0
LINE
  5
C11
330
1A
100
AcDbEntity
  8
BLACK
  6
CONTINUOUS
100
AcDbLine
 10
120.0800979999999925
 20
-136.8377969999999948
 30
0
 11
120.0800979999999925
 21
-137.3139869999999974
 31
0
  0
LINE
  5
C12
330
1A
100
AcDbEntity
  8
BLACK
  6
CONTINUOUS
100
AcDbLine
 10
120.0800979999999925
 20
-137.3139869999999974
 30
0
 11
119.9848599999999976
 21
-137.504462999999987
 31
0
  0
LINE
  5
C13
330
1A
100
AcDbEntity
  8
BLACK
  6
CONTINUOUS
100
AcDbLine
 10
119.9848599999999976
 20
-137.504462999999987
 30
0
 11
119.8896219999999886
 21
-137.5997020000000077
 31
0
  0
LINE
  5
C14
330
1A
100
AcDbEntity
  8
BLACK
  6
CONTINUOUS
100
AcDbLine
 10
119.8896219999999886
 20
-137.5997020000000077
 30
0
 11
119.6991459999999989
 21
-137.6949400000000026
 31
0
  0
LINE
  5
C15
330
1A
100
AcDbEntity
  8
BLACK
  6
CONTINUOUS
100
AcDbLine
 10
119.6991459999999989
 20
-137.6949400000000026
 30
0
 11
119.1277169999999899
 21
-137.6949400000000026
 31
0
  0
LINE
  5
C16
330
1A
100
AcDbEntity
  8
BLACK
  6
CONTINUOUS
100
AcDbLine
 10
119.1277169999999899
 20
-137.6949400000000026
 30
0
 11
118.9372410000000002
 21
-137.5997020000000077
 31
0
  0
LINE
  5
C17
330
1A
100
AcDbEntity
  8
BLACK
  6
CONTINUOUS
100
AcDbLine
 10
118.9372410000000002
 20
-137.5997020000000077
 30
0
 11
118.8420029999999912
 21
-137.504462999999987
 31
0
  0
LINE
  5
C18
330
1A
100
AcDbEntity
  8
BLACK
  6
CONTINUOUS
100
AcDbLine
 10
121.3181929999999937
 20
-135.6949400000000026
 30
0
 11
121.5086699999999951
 21
-135.6949400000000026
 31
0
  0
LINE
  5
C19
330
1A
100
AcDbEntity
  8
BLACK
  6
CONTINUOUS
100
AcDbLine
 10
121.5086699999999951
 20
-135.6949400000000026
 30
0
 11
121.6991459999999989
 21
-135.7901779999999974
 31
0
  0
LINE
  5
C1A
330
1A
100
AcDbEntity
  8
BLACK
  6
CONTINUOUS
100
AcDbLine
 10
121.6991459999999989
 20
-135.7901779999999974
 30
0
 11
121.7943839999999938
 21
-135.8854159999999922
 31
0
  0
LINE
  5
C1B
330
1A
100
AcDbEntity
  8
BLACK
  6
CONTINUOUS
100
AcDbLine
 10
121.7943839999999938
 20
-135.8854159999999922
 30
0
 11
121.8896219999999886
 21
-136.0758919999999819
 31
0
  0
LINE
  5
C1C
330
1A
100
AcDbEntity
  8
BLACK
  6
CONTINUOUS
100
AcDbLine
 10
121.8896219999999886
 20
-136.0758919999999819
 30
0
 11
121.9848599999999976
 21
-136.4568439999999896
 31
0
  0
LINE
  5
C1D
330
1A
100
AcDbEntity
  8
BLACK
  6
CONTINUOUS
100
AcDbLine
 10
121.9848599999999976
 20
-136.4568439999999896
 30
0
 11
121.9848599999999976
 21
-136.9330349999999896
 31
0
  0
LINE
  5
C1E
330
1A
100
AcDbEntity
  8
BLACK
  6
CONTINUOUS
100
AcDbLine
 10
121.9848599999999976
 20
-136.9330349999999896
 30
0
 11
121.8896219999999886
 21
-137.3139869999999974
 31
0
  0
LINE
  5
C1F
330
1A
100
AcDbEntity
  8
BLACK
  6
CONTINUOUS
100
AcDbLine
 10
121.8896219999999886
 20
-137.3139869999999974
 30
0
 11
121.7943839999999938
 21
-137.504462999999987
 31
0
  0
LINE
  5
C20
330
1A
100
AcDbEntity
  8
BLACK
  6
CONTINUOUS
100
AcDbLine
 10
121.7943839999999938
 20
-137.504462999999987
 30
0
 11
121.6991459999999989
 21
-137.5997020000000077
 31
0
  0
LINE
  5
C21
330
1A
100
AcDbEntity
  8
BLACK
  6
CONTINUOUS
100
AcDbLine
 10
121.6991459999999989
 20
-137.5997020000000077
 30
0
 11
121.5086699999999951
 21
-137.6949400000000026
 31
0
  0
LINE
  5
C22
330
1A
100
AcDbEntity
  8
BLACK
  6
CONTINUOUS
100
AcDbLine
 10
121.5086699999999951
 20
-137.6949400000000026
 30
0
 11
121.3181929999999937
 21
-137.6949400000000026
 31
0
  0
LINE
  5
C23
330
1A
100
AcDbEntity
  8
BLACK
  6
CONTINUOUS
100
AcDbLine
 10
121.3181929999999937
 20
-137.6949400000000026
 30
0
 11
121.1277169999999899
 21
-137.5997020000000077
 31
0
  0
LINE
  5
C24
330
1A
100
AcDbEntity
  8
BLACK
  6
CONTINUOUS
100
AcDbLine
 10
121.1277169999999899
 20
-137.5997020000000077
 30
0
 11
121.032478999999995
 21
-137.504462999999987
 31
0
  0
LINE
  5
C25
330
1A
100
AcDbEntity
  8
BLACK
  6
CONTINUOUS
100
AcDbLine
 10
121.032478999999995
 20
-137.504462999999987
 30
0
 11
120.9372410000000002
 21
-137.3139869999999974
 31
0
  0
LINE
  5
C26
330
1A
100
AcDbEntity
  8
BLACK
  6
CONTINUOUS
100
AcDbLine
 10
120.9372410000000002
 20
-137.3139869999999974
 30
0
 11
120.8420029999999912
 21
-136.9330349999999896
 31
0
  0
LINE
  5
C27
330
1A
100
AcDbEntity
  8
BLACK
  6
CONTINUOUS
100
AcDbLine
 10
120.8420029999999912
 20
-136.9330349999999896
 30
0
 11
120.8420029999999912
 21
-136.4568439999999896
 31
0
  0
LINE
  5
C28
330
1A
100
AcDbEntity
  8
BLACK
  6
CONTINUOUS
100
AcDbLine
 10
120.8420029999999912
 20
-136.4568439999999896
 30
0
 11
120.9372410000000002
 21
-136.0758919999999819
 31
0
  0
LINE
  5
C29
330
1A
100
AcDbEntity
  8
BLACK
  6
CONTINUOUS
100
AcDbLine
 10
120.9372410000000002
 20
-136.0758919999999819
 30
0
 11
121.032478999999995
 21
-135.8854159999999922
 31
0
  0
LINE
  5
C2A
330
1A
100
AcDbEntity
  8
BLACK
  6
CONTINUOUS
100
AcDbLine
 10
121.032478999999995
 20
-135.8854159999999922
 30
0
 11
121.1277169999999899
 21
-135.7901779999999974
 31
0
  0
LINE
  5
C2B
330
1A
100
AcDbEntity
  8
BLACK
  6
CONTINUOUS
100
AcDbLine
 10
121.1277169999999899
 20
-135.7901779999999974
 30
0
 11
121.3181929999999937
 21
-135.6949400000000026
 31
0
  0
LINE
  5
C2C
330
1A
100
AcDbEntity
  8
BLACK
  6
CONTINUOUS
100
AcDbLine
 10
123.2229549999999989
 20
-135.6949400000000026
 30
0
 11
123.4134320000000002
 21
-135.6949400000000026
 31
0
  0
LINE
  5
C2D
330
1A
100
AcDbEntity
  8
BLACK
  6
CONTINUOUS
100
AcDbLine
 10
123.4134320000000002
 20
-135.6949400000000026
 30
0
 11
123.6039079999999899
 21
-135.7901779999999974
 31
0
  0
LINE
  5
C2E
330
1A
100
AcDbEntity
  8
BLACK
  6
CONTINUOUS
100
AcDbLine
 10
123.6039079999999899
 20
-135.7901779999999974
 30
0
 11
123.6991459999999989
 21
-135.8854159999999922
 31
0
  0
LINE
  5
C2F
330
1A
100
AcDbEntity
  8
BLACK
  6
CONTINUOUS
100
AcDbLine
 10
123.6991459999999989
 20
-135.8854159999999922
 30
0
 11
123.7943839999999938
 21
-136.0758919999999819
 31
0
  0
LINE
  5
C30
330
1A
100
AcDbEntity
  8
BLACK
  6
CONTINUOUS
100
AcDbLine
 10
123.7943839999999938
 20
-136.0758919999999819
 30
0
 11
123.8896219999999886
 21
-136.4568439999999896
 31
0
  0
LINE
  5
C31
330
1A
100
AcDbEntity
  8
BLACK
  6
CONTINUOUS
100
AcDbLine
 10
123.8896219999999886
 20
-136.4568439999999896
 30
0
 11
123.8896219999999886
 21
-136.9330349999999896
 31
0
  0
LINE
  5
C32
330
1A
100
AcDbEntity
  8
BLACK
  6
CONTINUOUS
100
AcDbLine
 10
123.8896219999999886
 20
-136.9330349999999896
 30
0
 11
123.7943839999999938
 21
-137.3139869999999974
 31
0
  0
LINE
  5
C33
330
1A
100
AcDbEntity
  8
BLACK
  6
CONTINUOUS
100
AcDbLine
 10
123.7943839999999938
 20
-137.3139869999999974
 30
0
 11
123.6991459999999989
 21
-137.504462999999987
 31
0
  0
LINE
  5
C34
330
1A
100
AcDbEntity
  8
BLACK
  6
CONTINUOUS
100
AcDbLine
 10
123.6991459999999989
 20
-137.504462999999987
 30
0
 11
123.6039079999999899
 21
-137.5997020000000077
 31
0
  0
LINE
  5
C35
330
1A
100
AcDbEntity
  8
BLACK
  6
CONTINUOUS
100
AcDbLine
 10
123.6039079999999899
 20
-137.5997020000000077
 30
0
 11
123.4134320000000002
 21
-137.6949400000000026
 31
0
  0
LINE
  5
C36
330
1A
100
AcDbEntity
  8
BLACK
  6
CONTINUOUS
100
AcDbLine
 10
123.4134320000000002
 20
-137.6949400000000026
 30
0
 11
123.2229549999999989
 21
-137.6949400000000026
 31
0
  0
LINE
  5
C37
330
1A
100
AcDbEntity
  8
BLACK
  6
CONTINUOUS
100
AcDbLine
 10
123.2229549999999989
 20
-137.6949400000000026
 30
0
 11
123.032478999999995
 21
-137.5997020000000077
 31
0
  0
LINE
  5
C38
330
1A
100
AcDbEntity
  8
BLACK
  6
CONTINUOUS
100
AcDbLine
 10
123.032478999999995
 20
-137.5997020000000077
 30
0
 11
122.9372410000000002
 21
-137.504462999999987
 31
0
  0
LINE
  5
C39
330
1A
100
AcDbEntity
  8
BLACK
  6
CONTINUOUS
100
AcDbLine
 10
122.9372410000000002
 20
-137.504462999999987
 30
0
 11
122.8420029999999912
 21
-137.3139869999999974
 31
0
  0
LINE
  5
C3A
330
1A
100
AcDbEntity
  8
BLACK
  6
CONTINUOUS
100
AcDbLine
 10
122.8420029999999912
 20
-137.3139869999999974
 30
0
 11
122.7467649999999963
 21
-136.9330349999999896
 31
0
  0
LINE
  5
C3B
330
1A
100
AcDbEntity
  8
BLACK
  6
CONTINUOUS
100
AcDbLine
 10
122.7467649999999963
 20
-136.9330349999999896
 30
0
 11
122.7467649999999963
 21
-136.4568439999999896
 31
0
  0
LINE
  5
C3C
330
1A
100
AcDbEntity
  8
BLACK
  6
CONTINUOUS
100
AcDbLine
 10
122.7467649999999963
 20
-136.4568439999999896
 30
0
 11
122.8420029999999912
 21
-136.0758919999999819
 31
0
  0
LINE
  5
C3D
330
1A
100
AcDbEntity
  8
BLACK
  6
CONTINUOUS
100
AcDbLine
 10
122.8420029999999912
 20
-136.0758919999999819
 30
0
 11
122.9372410000000002
 21
-135.8854159999999922
 31
0
  0
LINE
  5
C3E
330
1A
100
AcDbEntity
  8
BLACK
  6
CONTINUOUS
100
AcDbLine
 10
122.9372410000000002
 20
-135.8854159999999922
 30
0
 11
123.032478999999995
 21
-135.7901779999999974
 31
0
  0
LINE
  5
C3F
330
1A
100
AcDbEntity
  8
BLACK
  6
CONTINUOUS
100
AcDbLine
 10
123.032478999999995
 20
-135.7901779999999974
 30
0
 11
123.2229549999999989
 21
-135.6949400000000026
 31
0
  0
LINE
  5
C40
330
1A
100
AcDbEntity
  8
BLACK
  6
CONTINUOUS
100
AcDbLine
 10
124.7467649999999963
 20
-137.6949400000000026
 30
0
 11
124.7467649999999963
 21
-136.3616059999999948
 31
0
  0
LINE
  5
C41
330
1A
100
AcDbEntity
  8
BLACK
  6
CONTINUOUS
100
AcDbLine
 10
124.7467649999999963
 20
-136.5520819999999844
 30
0
 11
124.8420029999999912
 21
-136.4568439999999896
 31
0
  0
LINE
  5
C42
330
1A
100
AcDbEntity
  8
BLACK
  6
CONTINUOUS
100
AcDbLine
 10
124.8420029999999912
 20
-136.4568439999999896
 30
0
 11
125.032478999999995
 21
-136.3616059999999948
 31
0
  0
LINE
  5
C43
330
1A
100
AcDbEntity
  8
BLACK
  6
CONTINUOUS
100
AcDbLine
 10
125.032478999999995
 20
-136.3616059999999948
 30
0
 11
125.3181939999999912
 21
-136.3616059999999948
 31
0
  0
LINE
  5
C44
330
1A
100
AcDbEntity
  8
BLACK
  6
CONTINUOUS
100
AcDbLine
 10
125.3181939999999912
 20
-136.3616059999999948
 30
0
 11
125.5086699999999951
 21
-136.4568439999999896
 31
0
  0
LINE
  5
C45
330
1A
100
AcDbEntity
  8
BLACK
  6
CONTINUOUS
100
AcDbLine
 10
125.5086699999999951
 20
-136.4568439999999896
 30
0
 11
125.6039079999999899
 21
-136.6473210000000051
 31
0
  0
LINE
  5
C46
330
1A
100
AcDbEntity
  8
BLACK
  6
CONTINUOUS
100
AcDbLine
 10
125.6039079999999899
 20
-136.6473210000000051
 30
0
 11
125.6039079999999899
 21
-137.6949400000000026
 31
0
  0
LINE
  5
C47
330
1A
100
AcDbEntity
  8
BLACK
  6
CONTINUOUS
100
AcDbLine
 10
125.6039079999999899
 20
-136.6473210000000051
 30
0
 11
125.6991459999999989
 21
-136.4568439999999896
 31
0
  0
LINE
  5
C48
330
1A
100
AcDbEntity
  8
BLACK
  6
CONTINUOUS
100
AcDbLine
 10
125.6991459999999989
 20
-136.4568439999999896
 30
0
 11
125.8896219999999886
 21
-136.3616059999999948
 31
0
  0
LINE
  5
C49
330
1A
100
AcDbEntity
  8
BLACK
  6
CONTINUOUS
100
AcDbLine
 10
125.8896219999999886
 20
-136.3616059999999948
 30
0
 11
126.1753359999999873
 21
-136.3616059999999948
 31
0
  0
LINE
  5
C4A
330
1A
100
AcDbEntity
  8
BLACK
  6
CONTINUOUS
100
AcDbLine
 10
126.1753359999999873
 20
-136.3616059999999948
 30
0
 11
126.3658129999999886
 21
-136.4568439999999896
 31
0
  0
LINE
  5
C4B
330
1A
100
AcDbEntity
  8
BLACK
  6
CONTINUOUS
100
AcDbLine
 10
126.3658129999999886
 20
-136.4568439999999896
 30
0
 11
126.4610509999999977
 21
-136.6473210000000051
 31
0
  0
LINE
  5
C4C
330
1A
100
AcDbEntity
  8
BLACK
  6
CONTINUOUS
100
AcDbLine
 10
126.4610509999999977
 20
-136.6473210000000051
 30
0
 11
126.4610509999999977
 21
-137.6949400000000026
 31
0
  0
LINE
  5
C4D
330
1A
100
AcDbEntity
  8
BLACK
  6
CONTINUOUS
100
AcDbLine
 10
127.4134320000000002
 20
-137.6949400000000026
 30
0
 11
127.4134320000000002
 21
-136.3616059999999948
 31
0
  0
LINE
  5
C4E
330
1A
100
AcDbEntity
  8
BLACK
  6
CONTINUOUS
100
AcDbLine
 10
127.4134320000000002
 20
-136.5520819999999844
 30
0
 11
127.5086699999999951
 21
-136.4568439999999896
 31
0
  0
LINE
  5
C4F
330
1A
100
AcDbEntity
  8
BLACK
  6
CONTINUOUS
100
AcDbLine
 10
127.5086699999999951
 20
-136.4568439999999896
 30
0
 11
127.6991459999999989
 21
-136.3616059999999948
 31
0
  0
LINE
  5
C50
330
1A
100
AcDbEntity
  8
BLACK
  6
CONTINUOUS
100
AcDbLine
 10
127.6991459999999989
 20
-136.3616059999999948
 30
0
 11
127.9848609999999951
 21
-136.3616059999999948
 31
0
  0
LINE
  5
C51
330
1A
100
AcDbEntity
  8
BLACK
  6
CONTINUOUS
100
AcDbLine
 10
127.9848609999999951
 20
-136.3616059999999948
 30
0
 11
128.1753369999999848
 21
-136.4568439999999896
 31
0
  0
LINE
  5
C52
330
1A
100
AcDbEntity
  8
BLACK
  6
CONTINUOUS
100
AcDbLine
 10
128.1753369999999848
 20
-136.4568439999999896
 30
0
 11
128.270575000000008
 21
-136.6473210000000051
 31
0
  0
LINE
  5
C53
330
1A
100
AcDbEntity
  8
BLACK
  6
CONTINUOUS
100
AcDbLine
 10
128.270575000000008
 20
-136.6473210000000051
 30
0
 11
128.270575000000008
 21
-137.6949400000000026
 31
0
  0
LINE
  5
C54
330
1A
100
AcDbEntity
  8
BLACK
  6
CONTINUOUS
100
AcDbLine
 10
128.270575000000008
 20
-136.6473210000000051
 30
0
 11
128.3658130000000028
 21
-136.4568439999999896
 31
0
  0
LINE
  5
C55
330
1A
100
AcDbEntity
  8
BLACK
  6
CONTINUOUS
100
AcDbLine
 10
128.3658130000000028
 20
-136.4568439999999896
 30
0
 11
128.5562889999999925
 21
-136.3616059999999948
 31
0
  0
LINE
  5
C56
330
1A
100
AcDbEntity
  8
BLACK
  6
CONTINUOUS
100
AcDbLine
 10
128.5562889999999925
 20
-136.3616059999999948
 30
0
 11
128.8420030000000054
 21
-136.3616059999999948
 31
0
  0
LINE
  5
C57
330
1A
100
AcDbEntity
  8
BLACK
  6
CONTINUOUS
100
AcDbLine
 10
128.8420030000000054
 20
-136.3616059999999948
 30
0
 11
129.0324799999999925
 21
-136.4568439999999896
 31
0
  0
LINE
  5
C58
330
1A
100
AcDbEntity
  8
BLACK
  6
CONTINUOUS
100
AcDbLine
 10
129.0324799999999925
 20
-136.4568439999999896
 30
0
 11
129.1277179999999873
 21
-136.6473210000000051
 31
0
  0
LINE
  5
C59
330
1A
100
AcDbEntity
  8
BLACK
  6
CONTINUOUS
100
AcDbLine
 10
129.1277179999999873
 20
-136.6473210000000051
 30
0
 11
129.1277179999999873
 21
-137.6949400000000026
 31
0
  0
LINE
  5
C5A
330
1A
100
AcDbEntity
  8
BLACK
  6
CONTINUOUS
100
AcDbLine
 10
133.0324799999999925
 20
-135.5997020000000077
 30
0
 11
131.3181950000000029
 21
-138.1711300000000051
 31
0
  0
LINE
  5
C5B
330
1A
100
AcDbEntity
  8
BLACK
  6
CONTINUOUS
100
AcDbLine
 10
135.6039089999999874
 20
-135.6949400000000026
 30
0
 11
135.7943860000000029
 21
-135.6949400000000026
 31
0
  0
LINE
  5
C5C
330
1A
100
AcDbEntity
  8
BLACK
  6
CONTINUOUS
100
AcDbLine
 10
135.7943860000000029
 20
-135.6949400000000026
 30
0
 11
135.9848619999999926
 21
-135.7901779999999974
 31
0
  0
LINE
  5
C5D
330
1A
100
AcDbEntity
  8
BLACK
  6
CONTINUOUS
100
AcDbLine
 10
135.9848619999999926
 20
-135.7901779999999974
 30
0
 11
136.0800999999999874
 21
-135.8854159999999922
 31
0
  0
LINE
  5
C5E
330
1A
100
AcDbEntity
  8
BLACK
  6
CONTINUOUS
100
AcDbLine
 10
136.0800999999999874
 20
-135.8854159999999922
 30
0
 11
136.1753379999999822
 21
-136.0758919999999819
 31
0
  0
LINE
  5
C5F
330
1A
100
AcDbEntity
  8
BLACK
  6
CONTINUOUS
100
AcDbLine
 10
136.1753379999999822
 20
-136.0758919999999819
 30
0
 11
136.2705760000000055
 21
-136.4568439999999896
 31
0
  0
LINE
  5
C60
330
1A
100
AcDbEntity
  8
BLACK
  6
CONTINUOUS
100
AcDbLine
 10
136.2705760000000055
 20
-136.4568439999999896
 30
0
 11
136.2705760000000055
 21
-136.9330349999999896
 31
0
  0
LINE
  5
C61
330
1A
100
AcDbEntity
  8
BLACK
  6
CONTINUOUS
100
AcDbLine
 10
136.2705760000000055
 20
-136.9330349999999896
 30
0
 11
136.1753379999999822
 21
-137.3139869999999974
 31
0
  0
LINE
  5
C62
330
1A
100
AcDbEntity
  8
BLACK
  6
CONTINUOUS
100
AcDbLine
 10
136.1753379999999822
 20
-137.3139869999999974
 30
0
 11
136.0800999999999874
 21
-137.504462999999987
 31
0
  0
LINE
  5
C63
330
1A
100
AcDbEntity
  8
BLACK
  6
CONTINUOUS
100
AcDbLine
 10
136.0800999999999874
 20
-137.504462999999987
 30
0
 11
135.9848619999999926
 21
-137.5997020000000077
 31
0
  0
LINE
  5
C64
330
1A
100
AcDbEntity
  8
BLACK
  6
CONTINUOUS
100
AcDbLine
 10
135.9848619999999926
 20
-137.5997020000000077
 30
0
 11
135.7943860000000029
 21
-137.6949400000000026
 31
0
  0
LINE
  5
C65
330
1A
100
AcDbEntity
  8
BLACK
  6
CONTINUOUS
100
AcDbLine
 10
135.7943860000000029
 20
-137.6949400000000026
 30
0
 11
135.6039089999999874
 21
-137.6949400000000026
 31
0
  0
LINE
  5
C66
330
1A
100
AcDbEntity
  8
BLACK
  6
CONTINUOUS
100
AcDbLine
 10
135.6039089999999874
 20
-137.6949400000000026
 30
0
 11
135.4134329999999977
 21
-137.5997020000000077
 31
0
  0
LINE
  5
C67
330
1A
100
AcDbEntity
  8
BLACK
  6
CONTINUOUS
100
AcDbLine
 10
135.4134329999999977
 20
-137.5997020000000077
 30
0
 11
135.3181950000000029
 21
-137.504462999999987
 31
0
  0
LINE
  5
C68
330
1A
100
AcDbEntity
  8
BLACK
  6
CONTINUOUS
100
AcDbLine
 10
135.3181950000000029
 20
-137.504462999999987
 30
0
 11
135.2229570000000081
 21
-137.3139869999999974
 31
0
  0
LINE
  5
C69
330
1A
100
AcDbEntity
  8
BLACK
  6
CONTINUOUS
100
AcDbLine
 10
135.2229570000000081
 20
-137.3139869999999974
 30
0
 11
135.1277189999999848
 21
-136.9330349999999896
 31
0
  0
LINE
  5
C6A
330
1A
100
AcDbEntity
  8
BLACK
  6
CONTINUOUS
100
AcDbLine
 10
135.1277189999999848
 20
-136.9330349999999896
 30
0
 11
135.1277189999999848
 21
-136.4568439999999896
 31
0
  0
LINE
  5
C6B
330
1A
100
AcDbEntity
  8
BLACK
  6
CONTINUOUS
100
AcDbLine
 10
135.1277189999999848
 20
-136.4568439999999896
 30
0
 11
135.2229570000000081
 21
-136.0758919999999819
 31
0
  0
LINE
  5
C6C
330
1A
100
AcDbEntity
  8
BLACK
  6
CONTINUOUS
100
AcDbLine
 10
135.2229570000000081
 20
-136.0758919999999819
 30
0
 11
135.3181950000000029
 21
-135.8854159999999922
 31
0
  0
LINE
  5
C6D
330
1A
100
AcDbEntity
  8
BLACK
  6
CONTINUOUS
100
AcDbLine
 10
135.3181950000000029
 20
-135.8854159999999922
 30
0
 11
135.4134329999999977
 21
-135.7901779999999974
 31
0
  0
LINE
  5
C6E
330
1A
100
AcDbEntity
  8
BLACK
  6
CONTINUOUS
100
AcDbLine
 10
135.4134329999999977
 20
-135.7901779999999974
 30
0
 11
135.6039089999999874
 21
-135.6949400000000026
 31
0
  0
LINE
  5
C6F
330
1A
100
AcDbEntity
  8
BLACK
  6
CONTINUOUS
100
AcDbLine
 10
137.1277189999999848
 20
-137.504462999999987
 30
0
 11
137.2229569999999796
 21
-137.5997020000000077
 31
0
  0
LINE
  5
C70
330
1A
100
AcDbEntity
  8
BLACK
  6
CONTINUOUS
100
AcDbLine
 10
137.2229569999999796
 20
-137.5997020000000077
 30
0
 11
137.1277189999999848
 21
-137.6949400000000026
 31
0
  0
LINE
  5
C71
330
1A
100
AcDbEntity
  8
BLACK
  6
CONTINUOUS
100
AcDbLine
 10
137.1277189999999848
 20
-137.6949400000000026
 30
0
 11
137.03248099999999
 21
-137.5997020000000077
 31
0
  0
LINE
  5
C72
330
1A
100
AcDbEntity
  8
BLACK
  6
CONTINUOUS
100
AcDbLine
 10
137.03248099999999
 20
-137.5997020000000077
 30
0
 11
137.1277189999999848
 21
-137.504462999999987
 31
0
  0
LINE
  5
C73
330
1A
100
AcDbEntity
  8
BLACK
  6
CONTINUOUS
100
AcDbLine
 10
137.1277189999999848
 20
-137.504462999999987
 30
0
 11
137.1277189999999848
 21
-137.6949400000000026
 31
0
  0
LINE
  5
C74
330
1A
100
AcDbEntity
  8
BLACK
  6
CONTINUOUS
100
AcDbLine
 10
138.4610519999999951
 20
-135.6949400000000026
 30
0
 11
138.6515289999999823
 21
-135.6949400000000026
 31
0
  0
LINE
  5
C75
330
1A
100
AcDbEntity
  8
BLACK
  6
CONTINUOUS
100
AcDbLine
 10
138.6515289999999823
 20
-135.6949400000000026
 30
0
 11
138.8420050000000003
 21
-135.7901779999999974
 31
0
  0
LINE
  5
C76
330
1A
100
AcDbEntity
  8
BLACK
  6
CONTINUOUS
100
AcDbLine
 10
138.8420050000000003
 20
-135.7901779999999974
 30
0
 11
138.9372429999999952
 21
-135.8854159999999922
 31
0
  0
LINE
  5
C77
330
1A
100
AcDbEntity
  8
BLACK
  6
CONTINUOUS
100
AcDbLine
 10
138.9372429999999952
 20
-135.8854159999999922
 30
0
 11
139.03248099999999
 21
-136.0758919999999819
 31
0
  0
LINE
  5
C78
330
1A
100
AcDbEntity
  8
BLACK
  6
CONTINUOUS
100
AcDbLine
 10
139.03248099999999
 20
-136.0758919999999819
 30
0
 11
139.1277189999999848
 21
-136.4568439999999896
 31
0
  0
LINE
  5
C79
330
1A
100
AcDbEntity
  8
BLACK
  6
CONTINUOUS
100
AcDbLine
 10
139.1277189999999848
 20
-136.4568439999999896
 30
0
 11
139.1277189999999848
 21
-136.9330349999999896
 31
0
  0
LINE
  5
C7A
330
1A
100
AcDbEntity
  8
BLACK
  6
CONTINUOUS
100
AcDbLine
 10
139.1277189999999848
 20
-136.9330349999999896
 30
0
 11
139.03248099999999
 21
-137.3139869999999974
 31
0
  0
LINE
  5
C7B
330
1A
100
AcDbEntity
  8
BLACK
  6
CONTINUOUS
100
AcDbLine
 10
139.03248099999999
 20
-137.3139869999999974
 30
0
 11
138.9372429999999952
 21
-137.504462999999987
 31
0
  0
LINE
  5
C7C
330
1A
100
AcDbEntity
  8
BLACK
  6
CONTINUOUS
100
AcDbLine
 10
138.9372429999999952
 20
-137.504462999999987
 30
0
 11
138.8420050000000003
 21
-137.5997020000000077
 31
0
  0
LINE
  5
C7D
330
1A
100
AcDbEntity
  8
BLACK
  6
CONTINUOUS
100
AcDbLine
 10
138.8420050000000003
 20
-137.5997020000000077
 30
0
 11
138.6515289999999823
 21
-137.6949400000000026
 31
0
  0
LINE
  5
C7E
330
1A
100
AcDbEntity
  8
BLACK
  6
CONTINUOUS
100
AcDbLine
 10
138.6515289999999823
 20
-137.6949400000000026
 30
0
 11
138.4610519999999951
 21
-137.6949400000000026
 31
0
  0
LINE
  5
C7F
330
1A
100
AcDbEntity
  8
BLACK
  6
CONTINUOUS
100
AcDbLine
 10
138.4610519999999951
 20
-137.6949400000000026
 30
0
 11
138.2705760000000055
 21
-137.5997020000000077
 31
0
  0
LINE
  5
C80
330
1A
100
AcDbEntity
  8
BLACK
  6
CONTINUOUS
100
AcDbLine
 10
138.2705760000000055
 20
-137.5997020000000077
 30
0
 11
138.1753379999999822
 21
-137.504462999999987
 31
0
  0
LINE
  5
C81
330
1A
100
AcDbEntity
  8
BLACK
  6
CONTINUOUS
100
AcDbLine
 10
138.1753379999999822
 20
-137.504462999999987
 30
0
 11
138.0800999999999874
 21
-137.3139869999999974
 31
0
  0
LINE
  5
C82
330
1A
100
AcDbEntity
  8
BLACK
  6
CONTINUOUS
100
AcDbLine
 10
138.0800999999999874
 20
-137.3139869999999974
 30
0
 11
137.9848619999999926
 21
-136.9330349999999896
 31
0
  0
LINE
  5
C83
330
1A
100
AcDbEntity
  8
BLACK
  6
CONTINUOUS
100
AcDbLine
 10
137.9848619999999926
 20
-136.9330349999999896
 30
0
 11
137.9848619999999926
 21
-136.4568439999999896
 31
0
  0
LINE
  5
C84
330
1A
100
AcDbEntity
  8
BLACK
  6
CONTINUOUS
100
AcDbLine
 10
137.9848619999999926
 20
-136.4568439999999896
 30
0
 11
138.0800999999999874
 21
-136.0758919999999819
 31
0
  0
LINE
  5
C85
330
1A
100
AcDbEntity
  8
BLACK
  6
CONTINUOUS
100
AcDbLine
 10
138.0800999999999874
 20
-136.0758919999999819
 30
0
 11
138.1753379999999822
 21
-135.8854159999999922
 31
0
  0
LINE
  5
C86
330
1A
100
AcDbEntity
  8
BLACK
  6
CONTINUOUS
100
AcDbLine
 10
138.1753379999999822
 20
-135.8854159999999922
 30
0
 11
138.2705760000000055
 21
-135.7901779999999974
 31
0
  0
LINE
  5
C87
330
1A
100
AcDbEntity
  8
BLACK
  6
CONTINUOUS
100
AcDbLine
 10
138.2705760000000055
 20
-135.7901779999999974
 30
0
 11
138.4610519999999951
 21
-135.6949400000000026
 31
0
  0
LINE
  5
C88
330
1A
100
AcDbEntity
  8
BLACK
  6
CONTINUOUS
100
AcDbLine
 10
141.03248099999999
 20
-137.6949400000000026
 30
0
 11
139.8896239999999977
 21
-137.6949400000000026
 31
0
  0
LINE
  5
C89
330
1A
100
AcDbEntity
  8
BLACK
  6
CONTINUOUS
100
AcDbLine
 10
140.4610519999999951
 20
-137.6949400000000026
 30
0
 11
140.4610519999999951
 21
-135.6949400000000026
 31
0
  0
LINE
  5
C8A
330
1A
100
AcDbEntity
  8
BLACK
  6
CONTINUOUS
100
AcDbLine
 10
140.4610519999999951
 20
-135.6949400000000026
 30
0
 11
140.2705760000000055
 21
-135.980653999999987
 31
0
  0
LINE
  5
C8B
330
1A
100
AcDbEntity
  8
BLACK
  6
CONTINUOUS
100
AcDbLine
 10
140.2705760000000055
 20
-135.980653999999987
 30
0
 11
140.0800999999999874
 21
-136.1711300000000051
 31
0
  0
LINE
  5
C8C
330
1A
100
AcDbEntity
  8
BLACK
  6
CONTINUOUS
100
AcDbLine
 10
140.0800999999999874
 20
-136.1711300000000051
 30
0
 11
139.8896239999999977
 21
-136.2663679999999999
 31
0
  0
LINE
  5
C8D
330
1A
100
AcDbEntity
  8
BLACK
  6
CONTINUOUS
100
AcDbLine
 10
142.9372429999999952
 20
-137.6949400000000026
 30
0
 11
141.7943860000000029
 21
-137.6949400000000026
 31
0
  0
LINE
  5
C8E
330
1A
100
AcDbEntity
  8
BLACK
  6
CONTINUOUS
100
AcDbLine
 10
142.3658140000000003
 20
-137.6949400000000026
 30
0
 11
142.3658140000000003
 21
-135.6949400000000026
 31
0
  0
LINE
  5
C8F
330
1A
100
AcDbEntity
  8
BLACK
  6
CONTINUOUS
100
AcDbLine
 10
142.3658140000000003
 20
-135.6949400000000026
 30
0
 11
142.1753379999999822
 21
-135.980653999999987
 31
0
  0
LINE
  5
C90
330
1A
100
AcDbEntity
  8
BLACK
  6
CONTINUOUS
100
AcDbLine
 10
142.1753379999999822
 20
-135.980653999999987
 30
0
 11
141.9848619999999926
 21
-136.1711300000000051
 31
0
  0
LINE
  5
C91
330
1A
100
AcDbEntity
  8
BLACK
  6
CONTINUOUS
100
AcDbLine
 10
141.9848619999999926
 20
-136.1711300000000051
 30
0
 11
141.7943860000000029
 21
-136.2663679999999999
 31
0
  0
LINE
  5
C92
330
1A
100
AcDbEntity
  8
BLACK
  6
CONTINUOUS
100
AcDbLine
 10
144.0800999999999874
 20
-136.5520819999999844
 30
0
 11
143.8896239999999977
 21
-136.4568439999999896
 31
0
  0
LINE
  5
C93
330
1A
100
AcDbEntity
  8
BLACK
  6
CONTINUOUS
100
AcDbLine
 10
143.8896239999999977
 20
-136.4568439999999896
 30
0
 11
143.7943860000000029
 21
-136.3616059999999948
 31
0
  0
LINE
  5
C94
330
1A
100
AcDbEntity
  8
BLACK
  6
CONTINUOUS
100
AcDbLine
 10
143.7943860000000029
 20
-136.3616059999999948
 30
0
 11
143.6991479999999797
 21
-136.1711300000000051
 31
0
  0
LINE
  5
C95
330
1A
100
AcDbEntity
  8
BLACK
  6
CONTINUOUS
100
AcDbLine
 10
143.6991479999999797
 20
-136.1711300000000051
 30
0
 11
143.6991479999999797
 21
-136.0758919999999819
 31
0
  0
LINE
  5
C96
330
1A
100
AcDbEntity
  8
BLACK
  6
CONTINUOUS
100
AcDbLine
 10
143.6991479999999797
 20
-136.0758919999999819
 30
0
 11
143.7943860000000029
 21
-135.8854159999999922
 31
0
  0
LINE
  5
C97
330
1A
100
AcDbEntity
  8
BLACK
  6
CONTINUOUS
100
AcDbLine
 10
143.7943860000000029
 20
-135.8854159999999922
 30
0
 11
143.8896239999999977
 21
-135.7901779999999974
 31
0
  0
LINE
  5
C98
330
1A
100
AcDbEntity
  8
BLACK
  6
CONTINUOUS
100
AcDbLine
 10
143.8896239999999977
 20
-135.7901779999999974
 30
0
 11
144.0800999999999874
 21
-135.6949400000000026
 31
0
  0
LINE
  5
C99
330
1A
100
AcDbEntity
  8
BLACK
  6
CONTINUOUS
100
AcDbLine
 10
144.0800999999999874
 20
-135.6949400000000026
 30
0
 11
144.4610529999999926
 21
-135.6949400000000026
 31
0
  0
LINE
  5
C9A
330
1A
100
AcDbEntity
  8
BLACK
  6
CONTINUOUS
100
AcDbLine
 10
144.4610529999999926
 20
-135.6949400000000026
 30
0
 11
144.6515289999999823
 21
-135.7901779999999974
 31
0
  0
LINE
  5
C9B
330
1A
100
AcDbEntity
  8
BLACK
  6
CONTINUOUS
100
AcDbLine
 10
144.6515289999999823
 20
-135.7901779999999974
 30
0
 11
144.7467670000000055
 21
-135.8854159999999922
 31
0
  0
LINE
  5
C9C
330
1A
100
AcDbEntity
  8
BLACK
  6
CONTINUOUS
100
AcDbLine
 10
144.7467670000000055
 20
-135.8854159999999922
 30
0
 11
144.8420050000000003
 21
-136.0758919999999819
 31
0
  0
LINE
  5
C9D
330
1A
100
AcDbEntity
  8
BLACK
  6
CONTINUOUS
100
AcDbLine
 10
144.8420050000000003
 20
-136.0758919999999819
 30
0
 11
144.8420050000000003
 21
-136.1711300000000051
 31
0
  0
LINE
  5
C9E
330
1A
100
AcDbEntity
  8
BLACK
  6
CONTINUOUS
100
AcDbLine
 10
144.8420050000000003
 20
-136.1711300000000051
 30
0
 11
144.7467670000000055
 21
-136.3616059999999948
 31
0
  0
LINE
  5
C9F
330
1A
100
AcDbEntity
  8
BLACK
  6
CONTINUOUS
100
AcDbLine
 10
144.7467670000000055
 20
-136.3616059999999948
 30
0
 11
144.6515289999999823
 21
-136.4568439999999896
 31
0
  0
LINE
  5
CA0
330
1A
100
AcDbEntity
  8
BLACK
  6
CONTINUOUS
100
AcDbLine
 10
144.6515289999999823
 20
-136.4568439999999896
 30
0
 11
144.4610529999999926
 21
-136.5520819999999844
 31
0
  0
LINE
  5
CA1
330
1A
100
AcDbEntity
  8
BLACK
  6
CONTINUOUS
100
AcDbLine
 10
144.4610529999999926
 20
-136.5520819999999844
 30
0
 11
144.0800999999999874
 21
-136.5520819999999844
 31
0
  0
LINE
  5
CA2
330
1A
100
AcDbEntity
  8
BLACK
  6
CONTINUOUS
100
AcDbLine
 10
144.0800999999999874
 20
-136.5520819999999844
 30
0
 11
143.8896239999999977
 21
-136.6473210000000051
 31
0
  0
LINE
  5
CA3
330
1A
100
AcDbEntity
  8
BLACK
  6
CONTINUOUS
100
AcDbLine
 10
143.8896239999999977
 20
-136.6473210000000051
 30
0
 11
143.7943860000000029
 21
-136.742559
 31
0
  0
LINE
  5
CA4
330
1A
100
AcDbEntity
  8
BLACK
  6
CONTINUOUS
100
AcDbLine
 10
143.7943860000000029
 20
-136.742559
 30
0
 11
143.6991479999999797
 21
-136.9330349999999896
 31
0
  0
LINE
  5
CA5
330
1A
100
AcDbEntity
  8
BLACK
  6
CONTINUOUS
100
AcDbLine
 10
143.6991479999999797
 20
-136.9330349999999896
 30
0
 11
143.6991479999999797
 21
-137.3139869999999974
 31
0
  0
LINE
  5
CA6
330
1A
100
AcDbEntity
  8
BLACK
  6
CONTINUOUS
100
AcDbLine
 10
143.6991479999999797
 20
-137.3139869999999974
 30
0
 11
143.7943860000000029
 21
-137.504462999999987
 31
0
  0
LINE
  5
CA7
330
1A
100
AcDbEntity
  8
BLACK
  6
CONTINUOUS
100
AcDbLine
 10
143.7943860000000029
 20
-137.504462999999987
 30
0
 11
143.8896239999999977
 21
-137.5997020000000077
 31
0
  0
LINE
  5
CA8
330
1A
100
AcDbEntity
  8
BLACK
  6
CONTINUOUS
100
AcDbLine
 10
143.8896239999999977
 20
-137.5997020000000077
 30
0
 11
144.0800999999999874
 21
-137.6949400000000026
 31
0
  0
LINE
  5
CA9
330
1A
100
AcDbEntity
  8
BLACK
  6
CONTINUOUS
100
AcDbLine
 10
144.0800999999999874
 20
-137.6949400000000026
 30
0
 11
144.4610529999999926
 21
-137.6949400000000026
 31
0
  0
LINE
  5
CAA
330
1A
100
AcDbEntity
  8
BLACK
  6
CONTINUOUS
100
AcDbLine
 10
144.4610529999999926
 20
-137.6949400000000026
 30
0
 11
144.6515289999999823
 21
-137.5997020000000077
 31
0
  0
LINE
  5
CAB
330
1A
100
AcDbEntity
  8
BLACK
  6
CONTINUOUS
100
AcDbLine
 10
144.6515289999999823
 20
-137.5997020000000077
 30
0
 11
144.7467670000000055
 21
-137.504462999999987
 31
0
  0
LINE
  5
CAC
330
1A
100
AcDbEntity
  8
BLACK
  6
CONTINUOUS
100
AcDbLine
 10
144.7467670000000055
 20
-137.504462999999987
 30
0
 11
144.8420050000000003
 21
-137.3139869999999974
 31
0
  0
LINE
  5
CAD
330
1A
100
AcDbEntity
  8
BLACK
  6
CONTINUOUS
100
AcDbLine
 10
144.8420050000000003
 20
-137.3139869999999974
 30
0
 11
144.8420050000000003
 21
-136.9330349999999896
 31
0
  0
LINE
  5
CAE
330
1A
100
AcDbEntity
  8
BLACK
  6
CONTINUOUS
100
AcDbLine
 10
144.8420050000000003
 20
-136.9330349999999896
 30
0
 11
144.7467670000000055
 21
-136.742559
 31
0
  0
LINE
  5
CAF
330
1A
100
AcDbEntity
  8
BLACK
  6
CONTINUOUS
100
AcDbLine
 10
144.7467670000000055
 20
-136.742559
 30
0
 11
144.6515289999999823
 21
-136.6473210000000051
 31
0
  0
LINE
  5
CB0
330
1A
100
AcDbEntity
  8
BLACK
  6
CONTINUOUS
100
AcDbLine
 10
144.6515289999999823
 20
-136.6473210000000051
 30
0
 11
144.4610529999999926
 21
-136.5520819999999844
 31
0
  0
LINE
  5
CB1
330
1A
100
AcDbEntity
  8
BLACK
  6
CONTINUOUS
100
AcDbLine
 10
145.6039099999999848
 20
-135.6949400000000026
 30
0
 11
145.6039099999999848
 21
-136.0758919999999819
 31
0
  0
LINE
  5
CB2
330
1A
100
AcDbEntity
  8
BLACK
  6
CONTINUOUS
100
AcDbLine
 10
146.3658149999999978
 20
-135.6949400000000026
 30
0
 11
146.3658149999999978
 21
-136.0758919999999819
 31
0
  0
LINE
  5
CB3
330
1A
100
AcDbEntity
  8
BLACK
  6
CONTINUOUS
100
AcDbLine
 10
149.3181969999999978
 20
-138.4568439999999896
 30
0
 11
149.2229580000000055
 21
-138.3616059999999948
 31
0
  0
LINE
  5
CB4
330
1A
100
AcDbEntity
  8
BLACK
  6
CONTINUOUS
100
AcDbLine
 10
149.2229580000000055
 20
-138.3616059999999948
 30
0
 11
149.0324819999999875
 21
-138.0758919999999819
 31
0
  0
LINE
  5
CB5
330
1A
100
AcDbEntity
  8
BLACK
  6
CONTINUOUS
100
AcDbLine
 10
149.0324819999999875
 20
-138.0758919999999819
 30
0
 11
148.9372439999999926
 21
-137.8854159999999922
 31
0
  0
LINE
  5
CB6
330
1A
100
AcDbEntity
  8
BLACK
  6
CONTINUOUS
100
AcDbLine
 10
148.9372439999999926
 20
-137.8854159999999922
 30
0
 11
148.8420059999999978
 21
-137.5997020000000077
 31
0
  0
LINE
  5
CB7
330
1A
100
AcDbEntity
  8
BLACK
  6
CONTINUOUS
100
AcDbLine
 10
148.8420059999999978
 20
-137.5997020000000077
 30
0
 11
148.746768000000003
 21
-137.1235110000000077
 31
0
  0
LINE
  5
CB8
330
1A
100
AcDbEntity
  8
BLACK
  6
CONTINUOUS
100
AcDbLine
 10
148.746768000000003
 20
-137.1235110000000077
 30
0
 11
148.746768000000003
 21
-136.742559
 31
0
  0
LINE
  5
CB9
330
1A
100
AcDbEntity
  8
BLACK
  6
CONTINUOUS
100
AcDbLine
 10
148.746768000000003
 20
-136.742559
 30
0
 11
148.8420059999999978
 21
-136.2663679999999999
 31
0
  0
LINE
  5
CBA
330
1A
100
AcDbEntity
  8
BLACK
  6
CONTINUOUS
100
AcDbLine
 10
148.8420059999999978
 20
-136.2663679999999999
 30
0
 11
148.9372439999999926
 21
-135.980653999999987
 31
0
  0
LINE
  5
CBB
330
1A
100
AcDbEntity
  8
BLACK
  6
CONTINUOUS
100
AcDbLine
 10
148.9372439999999926
 20
-135.980653999999987
 30
0
 11
149.0324819999999875
 21
-135.7901779999999974
 31
0
  0
LINE
  5
CBC
330
1A
100
AcDbEntity
  8
BLACK
  6
CONTINUOUS
100
AcDbLine
 10
149.0324819999999875
 20
-135.7901779999999974
 30
0
 11
149.2229580000000055
 21
-135.504462999999987
 31
0
  0
LINE
  5
CBD
330
1A
100
AcDbEntity
  8
BLACK
  6
CONTINUOUS
100
AcDbLine
 10
149.2229580000000055
 20
-135.504462999999987
 30
0
 11
149.3181969999999978
 21
-135.4092249999999922
 31
0
  0
LINE
  5
CBE
330
1A
100
AcDbEntity
  8
BLACK
  6
CONTINUOUS
100
AcDbLine
 10
151.1277199999999823
 20
-137.6949400000000026
 30
0
 11
149.9848629999999901
 21
-137.6949400000000026
 31
0
  0
LINE
  5
CBF
330
1A
100
AcDbEntity
  8
BLACK
  6
CONTINUOUS
100
AcDbLine
 10
150.5562909999999874
 20
-137.6949400000000026
 30
0
 11
150.5562909999999874
 21
-135.6949400000000026
 31
0
  0
LINE
  5
CC0
330
1A
100
AcDbEntity
  8
BLACK
  6
CONTINUOUS
100
AcDbLine
 10
150.5562909999999874
 20
-135.6949400000000026
 30
0
 11
150.3658149999999978
 21
-135.980653999999987
 31
0
  0
LINE
  5
CC1
330
1A
100
AcDbEntity
  8
BLACK
  6
CONTINUOUS
100
AcDbLine
 10
150.3658149999999978
 20
-135.980653999999987
 30
0
 11
150.1753389999999797
 21
-136.1711300000000051
 31
0
  0
LINE
  5
CC2
330
1A
100
AcDbEntity
  8
BLACK
  6
CONTINUOUS
100
AcDbLine
 10
150.1753389999999797
 20
-136.1711300000000051
 30
0
 11
149.9848629999999901
 21
-136.2663679999999999
 31
0
  0
LINE
  5
CC3
330
1A
100
AcDbEntity
  8
BLACK
  6
CONTINUOUS
100
AcDbLine
 10
151.8896249999999952
 20
-135.8854159999999922
 30
0
 11
151.9848629999999901
 21
-135.7901779999999974
 31
0
  0
LINE
  5
CC4
330
1A
100
AcDbEntity
  8
BLACK
  6
CONTINUOUS
100
AcDbLine
 10
151.9848629999999901
 20
-135.7901779999999974
 30
0
 11
152.1753389999999797
 21
-135.6949400000000026
 31
0
  0
LINE
  5
CC5
330
1A
100
AcDbEntity
  8
BLACK
  6
CONTINUOUS
100
AcDbLine
 10
152.1753389999999797
 20
-135.6949400000000026
 30
0
 11
152.6515299999999797
 21
-135.6949400000000026
 31
0
  0
LINE
  5
CC6
330
1A
100
AcDbEntity
  8
BLACK
  6
CONTINUOUS
100
AcDbLine
 10
152.6515299999999797
 20
-135.6949400000000026
 30
0
 11
152.8420059999999978
 21
-135.7901779999999974
 31
0
  0
LINE
  5
CC7
330
1A
100
AcDbEntity
  8
BLACK
  6
CONTINUOUS
100
AcDbLine
 10
152.8420059999999978
 20
-135.7901779999999974
 30
0
 11
152.9372439999999926
 21
-135.8854159999999922
 31
0
  0
LINE
  5
CC8
330
1A
100
AcDbEntity
  8
BLACK
  6
CONTINUOUS
100
AcDbLine
 10
152.9372439999999926
 20
-135.8854159999999922
 30
0
 11
153.0324819999999875
 21
-136.0758919999999819
 31
0
  0
LINE
  5
CC9
330
1A
100
AcDbEntity
  8
BLACK
  6
CONTINUOUS
100
AcDbLine
 10
153.0324819999999875
 20
-136.0758919999999819
 30
0
 11
153.0324819999999875
 21
-136.2663679999999999
 31
0
  0
LINE
  5
CCA
330
1A
100
AcDbEntity
  8
BLACK
  6
CONTINUOUS
100
AcDbLine
 10
153.0324819999999875
 20
-136.2663679999999999
 30
0
 11
152.9372439999999926
 21
-136.5520819999999844
 31
0
  0
LINE
  5
CCB
330
1A
100
AcDbEntity
  8
BLACK
  6
CONTINUOUS
100
AcDbLine
 10
152.9372439999999926
 20
-136.5520819999999844
 30
0
 11
151.7943870000000004
 21
-137.6949400000000026
 31
0
  0
LINE
  5
CCC
330
1A
100
AcDbEntity
  8
BLACK
  6
CONTINUOUS
100
AcDbLine
 10
151.7943870000000004
 20
-137.6949400000000026
 30
0
 11
153.0324819999999875
 21
-137.6949400000000026
 31
0
  0
LINE
  5
CCD
330
1A
100
AcDbEntity
  8
BLACK
  6
CONTINUOUS
100
AcDbLine
 10
154.270577000000003
 20
-135.6949400000000026
 30
0
 11
154.4610539999999901
 21
-135.6949400000000026
 31
0
  0
LINE
  5
CCE
330
1A
100
AcDbEntity
  8
BLACK
  6
CONTINUOUS
100
AcDbLine
 10
154.4610539999999901
 20
-135.6949400000000026
 30
0
 11
154.6515299999999797
 21
-135.7901779999999974
 31
0
  0
LINE
  5
CCF
330
1A
100
AcDbEntity
  8
BLACK
  6
CONTINUOUS
100
AcDbLine
 10
154.6515299999999797
 20
-135.7901779999999974
 30
0
 11
154.746768000000003
 21
-135.8854159999999922
 31
0
  0
LINE
  5
CD0
330
1A
100
AcDbEntity
  8
BLACK
  6
CONTINUOUS
100
AcDbLine
 10
154.746768000000003
 20
-135.8854159999999922
 30
0
 11
154.8420059999999978
 21
-136.0758919999999819
 31
0
  0
LINE
  5
CD1
330
1A
100
AcDbEntity
  8
BLACK
  6
CONTINUOUS
100
AcDbLine
 10
154.8420059999999978
 20
-136.0758919999999819
 30
0
 11
154.9372439999999926
 21
-136.4568439999999896
 31
0
  0
LINE
  5
CD2
330
1A
100
AcDbEntity
  8
BLACK
  6
CONTINUOUS
100
AcDbLine
 10
154.9372439999999926
 20
-136.4568439999999896
 30
0
 11
154.9372439999999926
 21
-136.9330349999999896
 31
0
  0
LINE
  5
CD3
330
1A
100
AcDbEntity
  8
BLACK
  6
CONTINUOUS
100
AcDbLine
 10
154.9372439999999926
 20
-136.9330349999999896
 30
0
 11
154.8420059999999978
 21
-137.3139869999999974
 31
0
  0
LINE
  5
CD4
330
1A
100
AcDbEntity
  8
BLACK
  6
CONTINUOUS
100
AcDbLine
 10
154.8420059999999978
 20
-137.3139869999999974
 30
0
 11
154.746768000000003
 21
-137.504462999999987
 31
0
  0
LINE
  5
CD5
330
1A
100
AcDbEntity
  8
BLACK
  6
CONTINUOUS
100
AcDbLine
 10
154.746768000000003
 20
-137.504462999999987
 30
0
 11
154.6515299999999797
 21
-137.5997020000000077
 31
0
  0
LINE
  5
CD6
330
1A
100
AcDbEntity
  8
BLACK
  6
CONTINUOUS
100
AcDbLine
 10
154.6515299999999797
 20
-137.5997020000000077
 30
0
 11
154.4610539999999901
 21
-137.6949400000000026
 31
0
  0
LINE
  5
CD7
330
1A
100
AcDbEntity
  8
BLACK
  6
CONTINUOUS
100
AcDbLine
 10
154.4610539999999901
 20
-137.6949400000000026
 30
0
 11
154.270577000000003
 21
-137.6949400000000026
 31
0
  0
LINE
  5
CD8
330
1A
100
AcDbEntity
  8
BLACK
  6
CONTINUOUS
100
AcDbLine
 10
154.270577000000003
 20
-137.6949400000000026
 30
0
 11
154.0801009999999849
 21
-137.5997020000000077
 31
0
  0
LINE
  5
CD9
330
1A
100
AcDbEntity
  8
BLACK
  6
CONTINUOUS
100
AcDbLine
 10
154.0801009999999849
 20
-137.5997020000000077
 30
0
 11
153.9848629999999901
 21
-137.504462999999987
 31
0
  0
LINE
  5
CDA
330
1A
100
AcDbEntity
  8
BLACK
  6
CONTINUOUS
100
AcDbLine
 10
153.9848629999999901
 20
-137.504462999999987
 30
0
 11
153.8896249999999952
 21
-137.3139869999999974
 31
0
  0
LINE
  5
CDB
330
1A
100
AcDbEntity
  8
BLACK
  6
CONTINUOUS
100
AcDbLine
 10
153.8896249999999952
 20
-137.3139869999999974
 30
0
 11
153.7943870000000004
 21
-136.9330349999999896
 31
0
  0
LINE
  5
CDC
330
1A
100
AcDbEntity
  8
BLACK
  6
CONTINUOUS
100
AcDbLine
 10
153.7943870000000004
 20
-136.9330349999999896
 30
0
 11
153.7943870000000004
 21
-136.4568439999999896
 31
0
  0
LINE
  5
CDD
330
1A
100
AcDbEntity
  8
BLACK
  6
CONTINUOUS
100
AcDbLine
 10
153.7943870000000004
 20
-136.4568439999999896
 30
0
 11
153.8896249999999952
 21
-136.0758919999999819
 31
0
  0
LINE
  5
CDE
330
1A
100
AcDbEntity
  8
BLACK
  6
CONTINUOUS
100
AcDbLine
 10
153.8896249999999952
 20
-136.0758919999999819
 30
0
 11
153.9848629999999901
 21
-135.8854159999999922
 31
0
  0
LINE
  5
CDF
330
1A
100
AcDbEntity
  8
BLACK
  6
CONTINUOUS
100
AcDbLine
 10
153.9848629999999901
 20
-135.8854159999999922
 30
0
 11
154.0801009999999849
 21
-135.7901779999999974
 31
0
  0
LINE
  5
CE0
330
1A
100
AcDbEntity
  8
BLACK
  6
CONTINUOUS
100
AcDbLine
 10
154.0801009999999849
 20
-135.7901779999999974
 30
0
 11
154.270577000000003
 21
-135.6949400000000026
 31
0
  0
LINE
  5
CE1
330
1A
100
AcDbEntity
  8
BLACK
  6
CONTINUOUS
100
AcDbLine
 10
157.3181969999999978
 20
-137.6949400000000026
 30
0
 11
157.3181969999999978
 21
-135.6949400000000026
 31
0
  0
LINE
  5
CE2
330
1A
100
AcDbEntity
  8
BLACK
  6
CONTINUOUS
100
AcDbLine
 10
158.1753400000000056
 20
-137.6949400000000026
 30
0
 11
158.1753400000000056
 21
-136.6473210000000051
 31
0
  0
LINE
  5
CE3
330
1A
100
AcDbEntity
  8
BLACK
  6
CONTINUOUS
100
AcDbLine
 10
158.1753400000000056
 20
-136.6473210000000051
 30
0
 11
158.0801019999999824
 21
-136.4568439999999896
 31
0
  0
LINE
  5
CE4
330
1A
100
AcDbEntity
  8
BLACK
  6
CONTINUOUS
100
AcDbLine
 10
158.0801019999999824
 20
-136.4568439999999896
 30
0
 11
157.8896259999999927
 21
-136.3616059999999948
 31
0
  0
LINE
  5
CE5
330
1A
100
AcDbEntity
  8
BLACK
  6
CONTINUOUS
100
AcDbLine
 10
157.8896259999999927
 20
-136.3616059999999948
 30
0
 11
157.6039109999999823
 21
-136.3616059999999948
 31
0
  0
LINE
  5
CE6
330
1A
100
AcDbEntity
  8
BLACK
  6
CONTINUOUS
100
AcDbLine
 10
157.6039109999999823
 20
-136.3616059999999948
 30
0
 11
157.4134349999999927
 21
-136.4568439999999896
 31
0
  0
LINE
  5
CE7
330
1A
100
AcDbEntity
  8
BLACK
  6
CONTINUOUS
100
AcDbLine
 10
157.4134349999999927
 20
-136.4568439999999896
 30
0
 11
157.3181969999999978
 21
-136.5520819999999844
 31
0
  0
LINE
  5
CE8
330
1A
100
AcDbEntity
  8
BLACK
  6
CONTINUOUS
100
AcDbLine
 10
159.4134349999999927
 20
-137.6949400000000026
 30
0
 11
159.222959000000003
 21
-137.5997020000000077
 31
0
  0
LINE
  5
CE9
330
1A
100
AcDbEntity
  8
BLACK
  6
CONTINUOUS
100
AcDbLine
 10
159.222959000000003
 20
-137.5997020000000077
 30
0
 11
159.1277209999999798
 21
-137.504462999999987
 31
0
  0
LINE
  5
CEA
330
1A
100
AcDbEntity
  8
BLACK
  6
CONTINUOUS
100
AcDbLine
 10
159.1277209999999798
 20
-137.504462999999987
 30
0
 11
159.0324829999999849
 21
-137.3139869999999974
 31
0
  0
LINE
  5
CEB
330
1A
100
AcDbEntity
  8
BLACK
  6
CONTINUOUS
100
AcDbLine
 10
159.0324829999999849
 20
-137.3139869999999974
 30
0
 11
159.0324829999999849
 21
-136.742559
 31
0
  0
LINE
  5
CEC
330
1A
100
AcDbEntity
  8
BLACK
  6
CONTINUOUS
100
AcDbLine
 10
159.0324829999999849
 20
-136.742559
 30
0
 11
159.1277209999999798
 21
-136.5520819999999844
 31
0
  0
LINE
  5
CED
330
1A
100
AcDbEntity
  8
BLACK
  6
CONTINUOUS
100
AcDbLine
 10
159.1277209999999798
 20
-136.5520819999999844
 30
0
 11
159.222959000000003
 21
-136.4568439999999896
 31
0
  0
LINE
  5
CEE
330
1A
100
AcDbEntity
  8
BLACK
  6
CONTINUOUS
100
AcDbLine
 10
159.222959000000003
 20
-136.4568439999999896
 30
0
 11
159.4134349999999927
 21
-136.3616059999999948
 31
0
  0
LINE
  5
CEF
330
1A
100
AcDbEntity
  8
BLACK
  6
CONTINUOUS
100
AcDbLine
 10
159.4134349999999927
 20
-136.3616059999999948
 30
0
 11
159.699150000000003
 21
-136.3616059999999948
 31
0
  0
LINE
  5
CF0
330
1A
100
AcDbEntity
  8
BLACK
  6
CONTINUOUS
100
AcDbLine
 10
159.699150000000003
 20
-136.3616059999999948
 30
0
 11
159.8896259999999927
 21
-136.4568439999999896
 31
0
  0
LINE
  5
CF1
330
1A
100
AcDbEntity
  8
BLACK
  6
CONTINUOUS
100
AcDbLine
 10
159.8896259999999927
 20
-136.4568439999999896
 30
0
 11
159.9848639999999875
 21
-136.5520819999999844
 31
0
  0
LINE
  5
CF2
330
1A
100
AcDbEntity
  8
BLACK
  6
CONTINUOUS
100
AcDbLine
 10
159.9848639999999875
 20
-136.5520819999999844
 30
0
 11
160.0801019999999824
 21
-136.742559
 31
0
  0
LINE
  5
CF3
330
1A
100
AcDbEntity
  8
BLACK
  6
CONTINUOUS
100
AcDbLine
 10
160.0801019999999824
 20
-136.742559
 30
0
 11
160.0801019999999824
 21
-137.3139869999999974
 31
0
  0
LINE
  5
CF4
330
1A
100
AcDbEntity
  8
BLACK
  6
CONTINUOUS
100
AcDbLine
 10
160.0801019999999824
 20
-137.3139869999999974
 30
0
 11
159.9848639999999875
 21
-137.504462999999987
 31
0
  0
LINE
  5
CF5
330
1A
100
AcDbEntity
  8
BLACK
  6
CONTINUOUS
100
AcDbLine
 10
159.9848639999999875
 20
-137.504462999999987
 30
0
 11
159.8896259999999927
 21
-137.5997020000000077
 31
0
  0
LINE
  5
CF6
330
1A
100
AcDbEntity
  8
BLACK
  6
CONTINUOUS
100
AcDbLine
 10
159.8896259999999927
 20
-137.5997020000000077
 30
0
 11
159.699150000000003
 21
-137.6949400000000026
 31
0
  0
LINE
  5
CF7
330
1A
100
AcDbEntity
  8
BLACK
  6
CONTINUOUS
100
AcDbLine
 10
159.699150000000003
 20
-137.6949400000000026
 30
0
 11
159.4134349999999927
 21
-137.6949400000000026
 31
0
  0
LINE
  5
CF8
330
1A
100
AcDbEntity
  8
BLACK
  6
CONTINUOUS
100
AcDbLine
 10
161.222959000000003
 20
-137.6949400000000026
 30
0
 11
161.0324829999999849
 21
-137.5997020000000077
 31
0
  0
LINE
  5
CF9
330
1A
100
AcDbEntity
  8
BLACK
  6
CONTINUOUS
100
AcDbLine
 10
161.0324829999999849
 20
-137.5997020000000077
 30
0
 11
160.9372449999999901
 21
-137.4092249999999922
 31
0
  0
LINE
  5
CFA
330
1A
100
AcDbEntity
  8
BLACK
  6
CONTINUOUS
100
AcDbLine
 10
160.9372449999999901
 20
-137.4092249999999922
 30
0
 11
160.9372449999999901
 21
-135.6949400000000026
 31
0
  0
LINE
  5
CFB
330
1A
100
AcDbEntity
  8
BLACK
  6
CONTINUOUS
100
AcDbLine
 10
162.7467690000000005
 20
-137.5997020000000077
 30
0
 11
162.5562929999999824
 21
-137.6949400000000026
 31
0
  0
LINE
  5
CFC
330
1A
100
AcDbEntity
  8
BLACK
  6
CONTINUOUS
100
AcDbLine
 10
162.5562929999999824
 20
-137.6949400000000026
 30
0
 11
162.1753400000000056
 21
-137.6949400000000026
 31
0
  0
LINE
  5
CFD
330
1A
100
AcDbEntity
  8
BLACK
  6
CONTINUOUS
100
AcDbLine
 10
162.1753400000000056
 20
-137.6949400000000026
 30
0
 11
161.9848639999999875
 21
-137.5997020000000077
 31
0
  0
LINE
  5
CFE
330
1A
100
AcDbEntity
  8
BLACK
  6
CONTINUOUS
100
AcDbLine
 10
161.9848639999999875
 20
-137.5997020000000077
 30
0
 11
161.8896259999999927
 21
-137.4092249999999922
 31
0
  0
LINE
  5
CFF
330
1A
100
AcDbEntity
  8
BLACK
  6
CONTINUOUS
100
AcDbLine
 10
161.8896259999999927
 20
-137.4092249999999922
 30
0
 11
161.8896259999999927
 21
-136.6473210000000051
 31
0
  0
LINE
  5
D00
330
1A
100
AcDbEntity
  8
BLACK
  6
CONTINUOUS
100
AcDbLine
 10
161.8896259999999927
 20
-136.6473210000000051
 30
0
 11
161.9848639999999875
 21
-136.4568439999999896
 31
0
  0
LINE
  5
D01
330
1A
100
AcDbEntity
  8
BLACK
  6
CONTINUOUS
100
AcDbLine
 10
161.9848639999999875
 20
-136.4568439999999896
 30
0
 11
162.1753400000000056
 21
-136.3616059999999948
 31
0
  0
LINE
  5
D02
330
1A
100
AcDbEntity
  8
BLACK
  6
CONTINUOUS
100
AcDbLine
 10
162.1753400000000056
 20
-136.3616059999999948
 30
0
 11
162.5562929999999824
 21
-136.3616059999999948
 31
0
  0
LINE
  5
D03
330
1A
100
AcDbEntity
  8
BLACK
  6
CONTINUOUS
100
AcDbLine
 10
162.5562929999999824
 20
-136.3616059999999948
 30
0
 11
162.7467690000000005
 21
-136.4568439999999896
 31
0
  0
LINE
  5
D04
330
1A
100
AcDbEntity
  8
BLACK
  6
CONTINUOUS
100
AcDbLine
 10
162.7467690000000005
 20
-136.4568439999999896
 30
0
 11
162.8420069999999953
 21
-136.6473210000000051
 31
0
  0
LINE
  5
D05
330
1A
100
AcDbEntity
  8
BLACK
  6
CONTINUOUS
100
AcDbLine
 10
162.8420069999999953
 20
-136.6473210000000051
 30
0
 11
162.8420069999999953
 21
-136.8377969999999948
 31
0
  0
LINE
  5
D06
330
1A
100
AcDbEntity
  8
BLACK
  6
CONTINUOUS
100
AcDbLine
 10
162.8420069999999953
 20
-136.8377969999999948
 30
0
 11
161.8896259999999927
 21
-137.0282729999999844
 31
0
  0
LINE
  5
D07
330
1A
100
AcDbEntity
  8
BLACK
  6
CONTINUOUS
100
AcDbLine
 10
163.6039119999999798
 20
-137.5997020000000077
 30
0
 11
163.7943879999999979
 21
-137.6949400000000026
 31
0
  0
LINE
  5
D08
330
1A
100
AcDbEntity
  8
BLACK
  6
CONTINUOUS
100
AcDbLine
 10
163.7943879999999979
 20
-137.6949400000000026
 30
0
 11
164.1753400000000056
 21
-137.6949400000000026
 31
0
  0
LINE
  5
D09
330
1A
100
AcDbEntity
  8
BLACK
  6
CONTINUOUS
100
AcDbLine
 10
164.1753400000000056
 20
-137.6949400000000026
 30
0
 11
164.3658169999999927
 21
-137.5997020000000077
 31
0
  0
LINE
  5
D0A
330
1A
100
AcDbEntity
  8
BLACK
  6
CONTINUOUS
100
AcDbLine
 10
164.3658169999999927
 20
-137.5997020000000077
 30
0
 11
164.4610549999999876
 21
-137.4092249999999922
 31
0
  0
LINE
  5
D0B
330
1A
100
AcDbEntity
  8
BLACK
  6
CONTINUOUS
100
AcDbLine
 10
164.4610549999999876
 20
-137.4092249999999922
 30
0
 11
164.4610549999999876
 21
-137.3139869999999974
 31
0
  0
LINE
  5
D0C
330
1A
100
AcDbEntity
  8
BLACK
  6
CONTINUOUS
100
AcDbLine
 10
164.4610549999999876
 20
-137.3139869999999974
 30
0
 11
164.3658169999999927
 21
-137.1235110000000077
 31
0
  0
LINE
  5
D0D
330
1A
100
AcDbEntity
  8
BLACK
  6
CONTINUOUS
100
AcDbLine
 10
164.3658169999999927
 20
-137.1235110000000077
 30
0
 11
164.1753400000000056
 21
-137.0282729999999844
 31
0
  0
LINE
  5
D0E
330
1A
100
AcDbEntity
  8
BLACK
  6
CONTINUOUS
100
AcDbLine
 10
164.1753400000000056
 20
-137.0282729999999844
 30
0
 11
163.8896259999999927
 21
-137.0282729999999844
 31
0
  0
LINE
  5
D0F
330
1A
100
AcDbEntity
  8
BLACK
  6
CONTINUOUS
100
AcDbLine
 10
163.8896259999999927
 20
-137.0282729999999844
 30
0
 11
163.699150000000003
 21
-136.9330349999999896
 31
0
  0
LINE
  5
D10
330
1A
100
AcDbEntity
  8
BLACK
  6
CONTINUOUS
100
AcDbLine
 10
163.699150000000003
 20
-136.9330349999999896
 30
0
 11
163.6039119999999798
 21
-136.742559
 31
0
  0
LINE
  5
D11
330
1A
100
AcDbEntity
  8
BLACK
  6
CONTINUOUS
100
AcDbLine
 10
163.6039119999999798
 20
-136.742559
 30
0
 11
163.6039119999999798
 21
-136.6473210000000051
 31
0
  0
LINE
  5
D12
330
1A
100
AcDbEntity
  8
BLACK
  6
CONTINUOUS
100
AcDbLine
 10
163.6039119999999798
 20
-136.6473210000000051
 30
0
 11
163.699150000000003
 21
-136.4568439999999896
 31
0
  0
LINE
  5
D13
330
1A
100
AcDbEntity
  8
BLACK
  6
CONTINUOUS
100
AcDbLine
 10
163.699150000000003
 20
-136.4568439999999896
 30
0
 11
163.8896259999999927
 21
-136.3616059999999948
 31
0
  0
LINE
  5
D14
330
1A
100
AcDbEntity
  8
BLACK
  6
CONTINUOUS
100
AcDbLine
 10
163.8896259999999927
 20
-136.3616059999999948
 30
0
 11
164.1753400000000056
 21
-136.3616059999999948
 31
0
  0
LINE
  5
D15
330
1A
100
AcDbEntity
  8
BLACK
  6
CONTINUOUS
100
AcDbLine
 10
164.1753400000000056
 20
-136.3616059999999948
 30
0
 11
164.3658169999999927
 21
-136.4568439999999896
 31
0
  0
LINE
  5
D16
330
1A
100
AcDbEntity
  8
BLACK
  6
CONTINUOUS
100
AcDbLine
 10
165.1277220000000057
 20
-138.4568439999999896
 30
0
 11
165.2229600000000005
 21
-138.3616059999999948
 31
0
  0
LINE
  5
D17
330
1A
100
AcDbEntity
  8
BLACK
  6
CONTINUOUS
100
AcDbLine
 10
165.2229600000000005
 20
-138.3616059999999948
 30
0
 11
165.4134359999999901
 21
-138.0758919999999819
 31
0
  0
LINE
  5
D18
330
1A
100
AcDbEntity
  8
BLACK
  6
CONTINUOUS
100
AcDbLine
 10
165.4134359999999901
 20
-138.0758919999999819
 30
0
 11
165.508673999999985
 21
-137.8854159999999922
 31
0
  0
LINE
  5
D19
330
1A
100
AcDbEntity
  8
BLACK
  6
CONTINUOUS
100
AcDbLine
 10
165.508673999999985
 20
-137.8854159999999922
 30
0
 11
165.6039119999999798
 21
-137.5997020000000077
 31
0
  0
LINE
  5
D1A
330
1A
100
AcDbEntity
  8
BLACK
  6
CONTINUOUS
100
AcDbLine
 10
165.6039119999999798
 20
-137.5997020000000077
 30
0
 11
165.699150000000003
 21
-137.1235110000000077
 31
0
  0
LINE
  5
D1B
330
1A
100
AcDbEntity
  8
BLACK
  6
CONTINUOUS
100
AcDbLine
 10
165.699150000000003
 20
-137.1235110000000077
 30
0
 11
165.699150000000003
 21
-136.742559
 31
0
  0
LINE
  5
D1C
330
1A
100
AcDbEntity
  8
BLACK
  6
CONTINUOUS
100
AcDbLine
 10
165.699150000000003
 20
-136.742559
 30
0
 11
165.6039119999999798
 21
-136.2663679999999999
 31
0
  0
LINE
  5
D1D
330
1A
100
AcDbEntity
  8
BLACK
  6
CONTINUOUS
100
AcDbLine
 10
165.6039119999999798
 20
-136.2663679999999999
 30
0
 11
165.508673999999985
 21
-135.980653999999987
 31
0
  0
LINE
  5
D1E
330
1A
100
AcDbEntity
  8
BLACK
  6
CONTINUOUS
100
AcDbLine
 10
165.508673999999985
 20
-135.980653999999987
 30
0
 11
165.4134359999999901
 21
-135.7901779999999974
 31
0
  0
LINE
  5
D1F
330
1A
100
AcDbEntity
  8
BLACK
  6
CONTINUOUS
100
AcDbLine
 10
165.4134359999999901
 20
-135.7901779999999974
 30
0
 11
165.2229600000000005
 21
-135.504462999999987
 31
0
  0
LINE
  5
D20
330
1A
100
AcDbEntity
  8
BLACK
  6
CONTINUOUS
100
AcDbLine
 10
165.2229600000000005
 20
-135.504462999999987
 30
0
 11
165.1277220000000057
 21
-135.4092249999999922
 31
0
  0
LINE
  5
D21
330
1A
100
AcDbEntity
  8
BLACK
  6
CONTINUOUS
100
AcDbLine
 10
113.4943459999999931
 20
-139.5968799999999987
 30
0
 11
113.4943459999999931
 21
-139.2433240000000012
 31
0
  0
LINE
  5
D22
330
1A
100
AcDbEntity
  8
BLACK
  6
CONTINUOUS
100
AcDbLine
 10
113.4943459999999931
 20
-139.2433240000000012
 30
0
 11
113.1407899999999955
 21
-139.2433240000000012
 31
0
  0
LINE
  5
D23
330
1A
100
AcDbEntity
  8
BLACK
  6
CONTINUOUS
100
AcDbLine
 10
113.1407899999999955
 20
-139.2433240000000012
 30
0
 11
113.1407899999999955
 21
-139.5968799999999987
 31
0
  0
LINE
  5
D24
330
1A
100
AcDbEntity
  8
BLACK
  6
CONTINUOUS
100
AcDbLine
 10
113.1407899999999955
 20
-139.5968799999999987
 30
0
 11
113.4943459999999931
 21
-139.5968799999999987
 31
0
  0
LINE
  5
D25
330
1A
100
AcDbEntity
  8
BLACK
  6
CONTINUOUS
100
AcDbLine
 10
116.556287999999995
 20
-138.3349399999999889
 30
0
 11
116.7467649999999963
 21
-138.3349399999999889
 31
0
  0
LINE
  5
D26
330
1A
100
AcDbEntity
  8
BLACK
  6
CONTINUOUS
100
AcDbLine
 10
116.7467649999999963
 20
-138.3349399999999889
 30
0
 11
116.9372410000000002
 21
-138.4301779999999837
 31
0
  0
LINE
  5
D27
330
1A
100
AcDbEntity
  8
BLACK
  6
CONTINUOUS
100
AcDbLine
 10
116.9372410000000002
 20
-138.4301779999999837
 30
0
 11
117.032478999999995
 21
-138.525416000000007
 31
0
  0
LINE
  5
D28
330
1A
100
AcDbEntity
  8
BLACK
  6
CONTINUOUS
100
AcDbLine
 10
117.032478999999995
 20
-138.525416000000007
 30
0
 11
117.1277169999999899
 21
-138.7158919999999966
 31
0
  0
LINE
  5
D29
330
1A
100
AcDbEntity
  8
BLACK
  6
CONTINUOUS
100
AcDbLine
 10
117.1277169999999899
 20
-138.7158919999999966
 30
0
 11
117.2229549999999989
 21
-139.0968440000000044
 31
0
  0
LINE
  5
D2A
330
1A
100
AcDbEntity
  8
BLACK
  6
CONTINUOUS
100
AcDbLine
 10
117.2229549999999989
 20
-139.0968440000000044
 30
0
 11
117.2229549999999989
 21
-139.5730350000000044
 31
0
  0
LINE
  5
D2B
330
1A
100
AcDbEntity
  8
BLACK
  6
CONTINUOUS
100
AcDbLine
 10
117.2229549999999989
 20
-139.5730350000000044
 30
0
 11
117.1277169999999899
 21
-139.9539869999999837
 31
0
  0
LINE
  5
D2C
330
1A
100
AcDbEntity
  8
BLACK
  6
CONTINUOUS
100
AcDbLine
 10
117.1277169999999899
 20
-139.9539869999999837
 30
0
 11
117.032478999999995
 21
-140.1444630000000018
 31
0
  0
LINE
  5
D2D
330
1A
100
AcDbEntity
  8
BLACK
  6
CONTINUOUS
100
AcDbLine
 10
117.032478999999995
 20
-140.1444630000000018
 30
0
 11
116.9372410000000002
 21
-140.2397019999999941
 31
0
  0
LINE
  5
D2E
330
1A
100
AcDbEntity
  8
BLACK
  6
CONTINUOUS
100
AcDbLine
 10
116.9372410000000002
 20
-140.2397019999999941
 30
0
 11
116.7467649999999963
 21
-140.3349399999999889
 31
0
  0
LINE
  5
D2F
330
1A
100
AcDbEntity
  8
BLACK
  6
CONTINUOUS
100
AcDbLine
 10
116.7467649999999963
 20
-140.3349399999999889
 30
0
 11
116.556287999999995
 21
-140.3349399999999889
 31
0
  0
LINE
  5
D30
330
1A
100
AcDbEntity
  8
BLACK
  6
CONTINUOUS
100
AcDbLine
 10
116.556287999999995
 20
-140.3349399999999889
 30
0
 11
116.3658119999999911
 21
-140.2397019999999941
 31
0
  0
LINE
  5
D31
330
1A
100
AcDbEntity
  8
BLACK
  6
CONTINUOUS
100
AcDbLine
 10
116.3658119999999911
 20
-140.2397019999999941
 30
0
 11
116.2705739999999963
 21
-140.1444630000000018
 31
0
  0
LINE
  5
D32
330
1A
100
AcDbEntity
  8
BLACK
  6
CONTINUOUS
100
AcDbLine
 10
116.2705739999999963
 20
-140.1444630000000018
 30
0
 11
116.1753360000000015
 21
-139.9539869999999837
 31
0
  0
LINE
  5
D33
330
1A
100
AcDbEntity
  8
BLACK
  6
CONTINUOUS
100
AcDbLine
 10
116.1753360000000015
 20
-139.9539869999999837
 30
0
 11
116.0800979999999925
 21
-139.5730350000000044
 31
0
  0
LINE
  5
D34
330
1A
100
AcDbEntity
  8
BLACK
  6
CONTINUOUS
100
AcDbLine
 10
116.0800979999999925
 20
-139.5730350000000044
 30
0
 11
116.0800979999999925
 21
-139.0968440000000044
 31
0
  0
LINE
  5
D35
330
1A
100
AcDbEntity
  8
BLACK
  6
CONTINUOUS
100
AcDbLine
 10
116.0800979999999925
 20
-139.0968440000000044
 30
0
 11
116.1753360000000015
 21
-138.7158919999999966
 31
0
  0
LINE
  5
D36
330
1A
100
AcDbEntity
  8
BLACK
  6
CONTINUOUS
100
AcDbLine
 10
116.1753360000000015
 20
-138.7158919999999966
 30
0
 11
116.2705739999999963
 21
-138.525416000000007
 31
0
  0
LINE
  5
D37
330
1A
100
AcDbEntity
  8
BLACK
  6
CONTINUOUS
100
AcDbLine
 10
116.2705739999999963
 20
-138.525416000000007
 30
0
 11
116.3658119999999911
 21
-138.4301779999999837
 31
0
  0
LINE
  5
D38
330
1A
100
AcDbEntity
  8
BLACK
  6
CONTINUOUS
100
AcDbLine
 10
116.3658119999999911
 20
-138.4301779999999837
 30
0
 11
116.556287999999995
 21
-138.3349399999999889
 31
0
  0
LINE
  5
D39
330
1A
100
AcDbEntity
  8
BLACK
  6
CONTINUOUS
100
AcDbLine
 10
118.0800979999999925
 20
-140.1444630000000018
 30
0
 11
118.1753360000000015
 21
-140.2397019999999941
 31
0
  0
LINE
  5
D3A
330
1A
100
AcDbEntity
  8
BLACK
  6
CONTINUOUS
100
AcDbLine
 10
118.1753360000000015
 20
-140.2397019999999941
 30
0
 11
118.0800979999999925
 21
-140.3349399999999889
 31
0
  0
LINE
  5
D3B
330
1A
100
AcDbEntity
  8
BLACK
  6
CONTINUOUS
100
AcDbLine
 10
118.0800979999999925
 20
-140.3349399999999889
 30
0
 11
117.9848599999999976
 21
-140.2397019999999941
 31
0
  0
LINE
  5
D3C
330
1A
100
AcDbEntity
  8
BLACK
  6
CONTINUOUS
100
AcDbLine
 10
117.9848599999999976
 20
-140.2397019999999941
 30
0
 11
118.0800979999999925
 21
-140.1444630000000018
 31
0
  0
LINE
  5
D3D
330
1A
100
AcDbEntity
  8
BLACK
  6
CONTINUOUS
100
AcDbLine
 10
118.0800979999999925
 20
-140.1444630000000018
 30
0
 11
118.0800979999999925
 21
-140.3349399999999889
 31
0
  0
LINE
  5
D3E
330
1A
100
AcDbEntity
  8
BLACK
  6
CONTINUOUS
100
AcDbLine
 10
119.9848599999999976
 20
-138.3349399999999889
 30
0
 11
119.032478999999995
 21
-138.3349399999999889
 31
0
  0
LINE
  5
D3F
330
1A
100
AcDbEntity
  8
BLACK
  6
CONTINUOUS
100
AcDbLine
 10
119.032478999999995
 20
-138.3349399999999889
 30
0
 11
118.9372410000000002
 21
-139.2873209999999915
 31
0
  0
LINE
  5
D40
330
1A
100
AcDbEntity
  8
BLACK
  6
CONTINUOUS
100
AcDbLine
 10
118.9372410000000002
 20
-139.2873209999999915
 30
0
 11
119.032478999999995
 21
-139.1920819999999992
 31
0
  0
LINE
  5
D41
330
1A
100
AcDbEntity
  8
BLACK
  6
CONTINUOUS
100
AcDbLine
 10
119.032478999999995
 20
-139.1920819999999992
 30
0
 11
119.2229549999999989
 21
-139.0968440000000044
 31
0
  0
LINE
  5
D42
330
1A
100
AcDbEntity
  8
BLACK
  6
CONTINUOUS
100
AcDbLine
 10
119.2229549999999989
 20
-139.0968440000000044
 30
0
 11
119.6991459999999989
 21
-139.0968440000000044
 31
0
  0
LINE
  5
D43
330
1A
100
AcDbEntity
  8
BLACK
  6
CONTINUOUS
100
AcDbLine
 10
119.6991459999999989
 20
-139.0968440000000044
 30
0
 11
119.8896219999999886
 21
-139.1920819999999992
 31
0
  0
LINE
  5
D44
330
1A
100
AcDbEntity
  8
BLACK
  6
CONTINUOUS
100
AcDbLine
 10
119.8896219999999886
 20
-139.1920819999999992
 30
0
 11
119.9848599999999976
 21
-139.2873209999999915
 31
0
  0
LINE
  5
D45
330
1A
100
AcDbEntity
  8
BLACK
  6
CONTINUOUS
100
AcDbLine
 10
119.9848599999999976
 20
-139.2873209999999915
 30
0
 11
120.0800979999999925
 21
-139.4777969999999812
 31
0
  0
LINE
  5
D46
330
1A
100
AcDbEntity
  8
BLACK
  6
CONTINUOUS
100
AcDbLine
 10
120.0800979999999925
 20
-139.4777969999999812
 30
0
 11
120.0800979999999925
 21
-139.9539869999999837
 31
0
  0
LINE
  5
D47
330
1A
100
AcDbEntity
  8
BLACK
  6
CONTINUOUS
100
AcDbLine
 10
120.0800979999999925
 20
-139.9539869999999837
 30
0
 11
119.9848599999999976
 21
-140.1444630000000018
 31
0
  0
LINE
  5
D48
330
1A
100
AcDbEntity
  8
BLACK
  6
CONTINUOUS
100
AcDbLine
 10
119.9848599999999976
 20
-140.1444630000000018
 30
0
 11
119.8896219999999886
 21
-140.2397019999999941
 31
0
  0
LINE
  5
D49
330
1A
100
AcDbEntity
  8
BLACK
  6
CONTINUOUS
100
AcDbLine
 10
119.8896219999999886
 20
-140.2397019999999941
 30
0
 11
119.6991459999999989
 21
-140.3349399999999889
 31
0
  0
LINE
  5
D4A
330
1A
100
AcDbEntity
  8
BLACK
  6
CONTINUOUS
100
AcDbLine
 10
119.6991459999999989
 20
-140.3349399999999889
 30
0
 11
119.2229549999999989
 21
-140.3349399999999889
 31
0
  0
LINE
  5
D4B
330
1A
100
AcDbEntity
  8
BLACK
  6
CONTINUOUS
100
AcDbLine
 10
119.2229549999999989
 20
-140.3349399999999889
 30
0
 11
119.032478999999995
 21
-140.2397019999999941
 31
0
  0
LINE
  5
D4C
330
1A
100
AcDbEntity
  8
BLACK
  6
CONTINUOUS
100
AcDbLine
 10
119.032478999999995
 20
-140.2397019999999941
 30
0
 11
118.9372410000000002
 21
-140.1444630000000018
 31
0
  0
LINE
  5
D4D
330
1A
100
AcDbEntity
  8
BLACK
  6
CONTINUOUS
100
AcDbLine
 10
121.3181929999999937
 20
-138.3349399999999889
 30
0
 11
121.5086699999999951
 21
-138.3349399999999889
 31
0
  0
LINE
  5
D4E
330
1A
100
AcDbEntity
  8
BLACK
  6
CONTINUOUS
100
AcDbLine
 10
121.5086699999999951
 20
-138.3349399999999889
 30
0
 11
121.6991459999999989
 21
-138.4301779999999837
 31
0
  0
LINE
  5
D4F
330
1A
100
AcDbEntity
  8
BLACK
  6
CONTINUOUS
100
AcDbLine
 10
121.6991459999999989
 20
-138.4301779999999837
 30
0
 11
121.7943839999999938
 21
-138.525416000000007
 31
0
  0
LINE
  5
D50
330
1A
100
AcDbEntity
  8
BLACK
  6
CONTINUOUS
100
AcDbLine
 10
121.7943839999999938
 20
-138.525416000000007
 30
0
 11
121.8896219999999886
 21
-138.7158919999999966
 31
0
  0
LINE
  5
D51
330
1A
100
AcDbEntity
  8
BLACK
  6
CONTINUOUS
100
AcDbLine
 10
121.8896219999999886
 20
-138.7158919999999966
 30
0
 11
121.9848599999999976
 21
-139.0968440000000044
 31
0
  0
LINE
  5
D52
330
1A
100
AcDbEntity
  8
BLACK
  6
CONTINUOUS
100
AcDbLine
 10
121.9848599999999976
 20
-139.0968440000000044
 30
0
 11
121.9848599999999976
 21
-139.5730350000000044
 31
0
  0
LINE
  5
D53
330
1A
100
AcDbEntity
  8
BLACK
  6
CONTINUOUS
100
AcDbLine
 10
121.9848599999999976
 20
-139.5730350000000044
 30
0
 11
121.8896219999999886
 21
-139.9539869999999837
 31
0
  0
LINE
  5
D54
330
1A
100
AcDbEntity
  8
BLACK
  6
CONTINUOUS
100
AcDbLine
 10
121.8896219999999886
 20
-139.9539869999999837
 30
0
 11
121.7943839999999938
 21
-140.1444630000000018
 31
0
  0
LINE
  5
D55
330
1A
100
AcDbEntity
  8
BLACK
  6
CONTINUOUS
100
AcDbLine
 10
121.7943839999999938
 20
-140.1444630000000018
 30
0
 11
121.6991459999999989
 21
-140.2397019999999941
 31
0
  0
LINE
  5
D56
330
1A
100
AcDbEntity
  8
BLACK
  6
CONTINUOUS
100
AcDbLine
 10
121.6991459999999989
 20
-140.2397019999999941
 30
0
 11
121.5086699999999951
 21
-140.3349399999999889
 31
0
  0
LINE
  5
D57
330
1A
100
AcDbEntity
  8
BLACK
  6
CONTINUOUS
100
AcDbLine
 10
121.5086699999999951
 20
-140.3349399999999889
 30
0
 11
121.3181929999999937
 21
-140.3349399999999889
 31
0
  0
LINE
  5
D58
330
1A
100
AcDbEntity
  8
BLACK
  6
CONTINUOUS
100
AcDbLine
 10
121.3181929999999937
 20
-140.3349399999999889
 30
0
 11
121.1277169999999899
 21
-140.2397019999999941
 31
0
  0
LINE
  5
D59
330
1A
100
AcDbEntity
  8
BLACK
  6
CONTINUOUS
100
AcDbLine
 10
121.1277169999999899
 20
-140.2397019999999941
 30
0
 11
121.032478999999995
 21
-140.1444630000000018
 31
0
  0
LINE
  5
D5A
330
1A
100
AcDbEntity
  8
BLACK
  6
CONTINUOUS
100
AcDbLine
 10
121.032478999999995
 20
-140.1444630000000018
 30
0
 11
120.9372410000000002
 21
-139.9539869999999837
 31
0
  0
LINE
  5
D5B
330
1A
100
AcDbEntity
  8
BLACK
  6
CONTINUOUS
100
AcDbLine
 10
120.9372410000000002
 20
-139.9539869999999837
 30
0
 11
120.8420029999999912
 21
-139.5730350000000044
 31
0
  0
LINE
  5
D5C
330
1A
100
AcDbEntity
  8
BLACK
  6
CONTINUOUS
100
AcDbLine
 10
120.8420029999999912
 20
-139.5730350000000044
 30
0
 11
120.8420029999999912
 21
-139.0968440000000044
 31
0
  0
LINE
  5
D5D
330
1A
100
AcDbEntity
  8
BLACK
  6
CONTINUOUS
100
AcDbLine
 10
120.8420029999999912
 20
-139.0968440000000044
 30
0
 11
120.9372410000000002
 21
-138.7158919999999966
 31
0
  0
LINE
  5
D5E
330
1A
100
AcDbEntity
  8
BLACK
  6
CONTINUOUS
100
AcDbLine
 10
120.9372410000000002
 20
-138.7158919999999966
 30
0
 11
121.032478999999995
 21
-138.525416000000007
 31
0
  0
LINE
  5
D5F
330
1A
100
AcDbEntity
  8
BLACK
  6
CONTINUOUS
100
AcDbLine
 10
121.032478999999995
 20
-138.525416000000007
 30
0
 11
121.1277169999999899
 21
-138.4301779999999837
 31
0
  0
LINE
  5
D60
330
1A
100
AcDbEntity
  8
BLACK
  6
CONTINUOUS
100
AcDbLine
 10
121.1277169999999899
 20
-138.4301779999999837
 30
0
 11
121.3181929999999937
 21
-138.3349399999999889
 31
0
  0
LINE
  5
D61
330
1A
100
AcDbEntity
  8
BLACK
  6
CONTINUOUS
100
AcDbLine
 10
123.2229549999999989
 20
-138.3349399999999889
 30
0
 11
123.4134320000000002
 21
-138.3349399999999889
 31
0
  0
LINE
  5
D62
330
1A
100
AcDbEntity
  8
BLACK
  6
CONTINUOUS
100
AcDbLine
 10
123.4134320000000002
 20
-138.3349399999999889
 30
0
 11
123.6039079999999899
 21
-138.4301779999999837
 31
0
  0
LINE
  5
D63
330
1A
100
AcDbEntity
  8
BLACK
  6
CONTINUOUS
100
AcDbLine
 10
123.6039079999999899
 20
-138.4301779999999837
 30
0
 11
123.6991459999999989
 21
-138.525416000000007
 31
0
  0
LINE
  5
D64
330
1A
100
AcDbEntity
  8
BLACK
  6
CONTINUOUS
100
AcDbLine
 10
123.6991459999999989
 20
-138.525416000000007
 30
0
 11
123.7943839999999938
 21
-138.7158919999999966
 31
0
  0
LINE
  5
D65
330
1A
100
AcDbEntity
  8
BLACK
  6
CONTINUOUS
100
AcDbLine
 10
123.7943839999999938
 20
-138.7158919999999966
 30
0
 11
123.8896219999999886
 21
-139.0968440000000044
 31
0
  0
LINE
  5
D66
330
1A
100
AcDbEntity
  8
BLACK
  6
CONTINUOUS
100
AcDbLine
 10
123.8896219999999886
 20
-139.0968440000000044
 30
0
 11
123.8896219999999886
 21
-139.5730350000000044
 31
0
  0
LINE
  5
D67
330
1A
100
AcDbEntity
  8
BLACK
  6
CONTINUOUS
100
AcDbLine
 10
123.8896219999999886
 20
-139.5730350000000044
 30
0
 11
123.7943839999999938
 21
-139.9539869999999837
 31
0
  0
LINE
  5
D68
330
1A
100
AcDbEntity
  8
BLACK
  6
CONTINUOUS
100
AcDbLine
 10
123.7943839999999938
 20
-139.9539869999999837
 30
0
 11
123.6991459999999989
 21
-140.1444630000000018
 31
0
  0
LINE
  5
D69
330
1A
100
AcDbEntity
  8
BLACK
  6
CONTINUOUS
100
AcDbLine
 10
123.6991459999999989
 20
-140.1444630000000018
 30
0
 11
123.6039079999999899
 21
-140.2397019999999941
 31
0
  0
LINE
  5
D6A
330
1A
100
AcDbEntity
  8
BLACK
  6
CONTINUOUS
100
AcDbLine
 10
123.6039079999999899
 20
-140.2397019999999941
 30
0
 11
123.4134320000000002
 21
-140.3349399999999889
 31
0
  0
LINE
  5
D6B
330
1A
100
AcDbEntity
  8
BLACK
  6
CONTINUOUS
100
AcDbLine
 10
123.4134320000000002
 20
-140.3349399999999889
 30
0
 11
123.2229549999999989
 21
-140.3349399999999889
 31
0
  0
LINE
  5
D6C
330
1A
100
AcDbEntity
  8
BLACK
  6
CONTINUOUS
100
AcDbLine
 10
123.2229549999999989
 20
-140.3349399999999889
 30
0
 11
123.032478999999995
 21
-140.2397019999999941
 31
0
  0
LINE
  5
D6D
330
1A
100
AcDbEntity
  8
BLACK
  6
CONTINUOUS
100
AcDbLine
 10
123.032478999999995
 20
-140.2397019999999941
 30
0
 11
122.9372410000000002
 21
-140.1444630000000018
 31
0
  0
LINE
  5
D6E
330
1A
100
AcDbEntity
  8
BLACK
  6
CONTINUOUS
100
AcDbLine
 10
122.9372410000000002
 20
-140.1444630000000018
 30
0
 11
122.8420029999999912
 21
-139.9539869999999837
 31
0
  0
LINE
  5
D6F
330
1A
100
AcDbEntity
  8
BLACK
  6
CONTINUOUS
100
AcDbLine
 10
122.8420029999999912
 20
-139.9539869999999837
 30
0
 11
122.7467649999999963
 21
-139.5730350000000044
 31
0
  0
LINE
  5
D70
330
1A
100
AcDbEntity
  8
BLACK
  6
CONTINUOUS
100
AcDbLine
 10
122.7467649999999963
 20
-139.5730350000000044
 30
0
 11
122.7467649999999963
 21
-139.0968440000000044
 31
0
  0
LINE
  5
D71
330
1A
100
AcDbEntity
  8
BLACK
  6
CONTINUOUS
100
AcDbLine
 10
122.7467649999999963
 20
-139.0968440000000044
 30
0
 11
122.8420029999999912
 21
-138.7158919999999966
 31
0
  0
LINE
  5
D72
330
1A
100
AcDbEntity
  8
BLACK
  6
CONTINUOUS
100
AcDbLine
 10
122.8420029999999912
 20
-138.7158919999999966
 30
0
 11
122.9372410000000002
 21
-138.525416000000007
 31
0
  0
LINE
  5
D73
330
1A
100
AcDbEntity
  8
BLACK
  6
CONTINUOUS
100
AcDbLine
 10
122.9372410000000002
 20
-138.525416000000007
 30
0
 11
123.032478999999995
 21
-138.4301779999999837
 31
0
  0
LINE
  5
D74
330
1A
100
AcDbEntity
  8
BLACK
  6
CONTINUOUS
100
AcDbLine
 10
123.032478999999995
 20
-138.4301779999999837
 30
0
 11
123.2229549999999989
 21
-138.3349399999999889
 31
0
  0
LINE
  5
D75
330
1A
100
AcDbEntity
  8
BLACK
  6
CONTINUOUS
100
AcDbLine
 10
124.7467649999999963
 20
-140.3349399999999889
 30
0
 11
124.7467649999999963
 21
-139.0016059999999811
 31
0
  0
LINE
  5
D76
330
1A
100
AcDbEntity
  8
BLACK
  6
CONTINUOUS
100
AcDbLine
 10
124.7467649999999963
 20
-139.1920819999999992
 30
0
 11
124.8420029999999912
 21
-139.0968440000000044
 31
0
  0
LINE
  5
D77
330
1A
100
AcDbEntity
  8
BLACK
  6
CONTINUOUS
100
AcDbLine
 10
124.8420029999999912
 20
-139.0968440000000044
 30
0
 11
125.032478999999995
 21
-139.0016059999999811
 31
0
  0
LINE
  5
D78
330
1A
100
AcDbEntity
  8
BLACK
  6
CONTINUOUS
100
AcDbLine
 10
125.032478999999995
 20
-139.0016059999999811
 30
0
 11
125.3181939999999912
 21
-139.0016059999999811
 31
0
  0
LINE
  5
D79
330
1A
100
AcDbEntity
  8
BLACK
  6
CONTINUOUS
100
AcDbLine
 10
125.3181939999999912
 20
-139.0016059999999811
 30
0
 11
125.5086699999999951
 21
-139.0968440000000044
 31
0
  0
LINE
  5
D7A
330
1A
100
AcDbEntity
  8
BLACK
  6
CONTINUOUS
100
AcDbLine
 10
125.5086699999999951
 20
-139.0968440000000044
 30
0
 11
125.6039079999999899
 21
-139.2873209999999915
 31
0
  0
LINE
  5
D7B
330
1A
100
AcDbEntity
  8
BLACK
  6
CONTINUOUS
100
AcDbLine
 10
125.6039079999999899
 20
-139.2873209999999915
 30
0
 11
125.6039079999999899
 21
-140.3349399999999889
 31
0
  0
LINE
  5
D7C
330
1A
100
AcDbEntity
  8
BLACK
  6
CONTINUOUS
100
AcDbLine
 10
125.6039079999999899
 20
-139.2873209999999915
 30
0
 11
125.6991459999999989
 21
-139.0968440000000044
 31
0
  0
LINE
  5
D7D
330
1A
100
AcDbEntity
  8
BLACK
  6
CONTINUOUS
100
AcDbLine
 10
125.6991459999999989
 20
-139.0968440000000044
 30
0
 11
125.8896219999999886
 21
-139.0016059999999811
 31
0
  0
LINE
  5
D7E
330
1A
100
AcDbEntity
  8
BLACK
  6
CONTINUOUS
100
AcDbLine
 10
125.8896219999999886
 20
-139.0016059999999811
 30
0
 11
126.1753359999999873
 21
-139.0016059999999811
 31
0
  0
LINE
  5
D7F
330
1A
100
AcDbEntity
  8
BLACK
  6
CONTINUOUS
100
AcDbLine
 10
126.1753359999999873
 20
-139.0016059999999811
 30
0
 11
126.3658129999999886
 21
-139.0968440000000044
 31
0
  0
LINE
  5
D80
330
1A
100
AcDbEntity
  8
BLACK
  6
CONTINUOUS
100
AcDbLine
 10
126.3658129999999886
 20
-139.0968440000000044
 30
0
 11
126.4610509999999977
 21
-139.2873209999999915
 31
0
  0
LINE
  5
D81
330
1A
100
AcDbEntity
  8
BLACK
  6
CONTINUOUS
100
AcDbLine
 10
126.4610509999999977
 20
-139.2873209999999915
 30
0
 11
126.4610509999999977
 21
-140.3349399999999889
 31
0
  0
LINE
  5
D82
330
1A
100
AcDbEntity
  8
BLACK
  6
CONTINUOUS
100
AcDbLine
 10
127.4134320000000002
 20
-140.3349399999999889
 30
0
 11
127.4134320000000002
 21
-139.0016059999999811
 31
0
  0
LINE
  5
D83
330
1A
100
AcDbEntity
  8
BLACK
  6
CONTINUOUS
100
AcDbLine
 10
127.4134320000000002
 20
-139.1920819999999992
 30
0
 11
127.5086699999999951
 21
-139.0968440000000044
 31
0
  0
LINE
  5
D84
330
1A
100
AcDbEntity
  8
BLACK
  6
CONTINUOUS
100
AcDbLine
 10
127.5086699999999951
 20
-139.0968440000000044
 30
0
 11
127.6991459999999989
 21
-139.0016059999999811
 31
0
  0
LINE
  5
D85
330
1A
100
AcDbEntity
  8
BLACK
  6
CONTINUOUS
100
AcDbLine
 10
127.6991459999999989
 20
-139.0016059999999811
 30
0
 11
127.9848609999999951
 21
-139.0016059999999811
 31
0
  0
LINE
  5
D86
330
1A
100
AcDbEntity
  8
BLACK
  6
CONTINUOUS
100
AcDbLine
 10
127.9848609999999951
 20
-139.0016059999999811
 30
0
 11
128.1753369999999848
 21
-139.0968440000000044
 31
0
  0
LINE
  5
D87
330
1A
100
AcDbEntity
  8
BLACK
  6
CONTINUOUS
100
AcDbLine
 10
128.1753369999999848
 20
-139.0968440000000044
 30
0
 11
128.270575000000008
 21
-139.2873209999999915
 31
0
  0
LINE
  5
D88
330
1A
100
AcDbEntity
  8
BLACK
  6
CONTINUOUS
100
AcDbLine
 10
128.270575000000008
 20
-139.2873209999999915
 30
0
 11
128.270575000000008
 21
-140.3349399999999889
 31
0
  0
LINE
  5
D89
330
1A
100
AcDbEntity
  8
BLACK
  6
CONTINUOUS
100
AcDbLine
 10
128.270575000000008
 20
-139.2873209999999915
 30
0
 11
128.3658130000000028
 21
-139.0968440000000044
 31
0
  0
LINE
  5
D8A
330
1A
100
AcDbEntity
  8
BLACK
  6
CONTINUOUS
100
AcDbLine
 10
128.3658130000000028
 20
-139.0968440000000044
 30
0
 11
128.5562889999999925
 21
-139.0016059999999811
 31
0
  0
LINE
  5
D8B
330
1A
100
AcDbEntity
  8
BLACK
  6
CONTINUOUS
100
AcDbLine
 10
128.5562889999999925
 20
-139.0016059999999811
 30
0
 11
128.8420030000000054
 21
-139.0016059999999811
 31
0
  0
LINE
  5
D8C
330
1A
100
AcDbEntity
  8
BLACK
  6
CONTINUOUS
100
AcDbLine
 10
128.8420030000000054
 20
-139.0016059999999811
 30
0
 11
129.0324799999999925
 21
-139.0968440000000044
 31
0
  0
LINE
  5
D8D
330
1A
100
AcDbEntity
  8
BLACK
  6
CONTINUOUS
100
AcDbLine
 10
129.0324799999999925
 20
-139.0968440000000044
 30
0
 11
129.1277179999999873
 21
-139.2873209999999915
 31
0
  0
LINE
  5
D8E
330
1A
100
AcDbEntity
  8
BLACK
  6
CONTINUOUS
100
AcDbLine
 10
129.1277179999999873
 20
-139.2873209999999915
 30
0
 11
129.1277179999999873
 21
-140.3349399999999889
 31
0
  0
LINE
  5
D8F
330
1A
100
AcDbEntity
  8
BLACK
  6
CONTINUOUS
100
AcDbLine
 10
133.0324799999999925
 20
-138.2397019999999941
 30
0
 11
131.3181950000000029
 21
-140.8111299999999915
 31
0
  0
LINE
  5
D90
330
1A
100
AcDbEntity
  8
BLACK
  6
CONTINUOUS
100
AcDbLine
 10
135.6039089999999874
 20
-138.3349399999999889
 30
0
 11
135.7943860000000029
 21
-138.3349399999999889
 31
0
  0
LINE
  5
D91
330
1A
100
AcDbEntity
  8
BLACK
  6
CONTINUOUS
100
AcDbLine
 10
135.7943860000000029
 20
-138.3349399999999889
 30
0
 11
135.9848619999999926
 21
-138.4301779999999837
 31
0
  0
LINE
  5
D92
330
1A
100
AcDbEntity
  8
BLACK
  6
CONTINUOUS
100
AcDbLine
 10
135.9848619999999926
 20
-138.4301779999999837
 30
0
 11
136.0800999999999874
 21
-138.525416000000007
 31
0
  0
LINE
  5
D93
330
1A
100
AcDbEntity
  8
BLACK
  6
CONTINUOUS
100
AcDbLine
 10
136.0800999999999874
 20
-138.525416000000007
 30
0
 11
136.1753379999999822
 21
-138.7158919999999966
 31
0
  0
LINE
  5
D94
330
1A
100
AcDbEntity
  8
BLACK
  6
CONTINUOUS
100
AcDbLine
 10
136.1753379999999822
 20
-138.7158919999999966
 30
0
 11
136.2705760000000055
 21
-139.0968440000000044
 31
0
  0
LINE
  5
D95
330
1A
100
AcDbEntity
  8
BLACK
  6
CONTINUOUS
100
AcDbLine
 10
136.2705760000000055
 20
-139.0968440000000044
 30
0
 11
136.2705760000000055
 21
-139.5730350000000044
 31
0
  0
LINE
  5
D96
330
1A
100
AcDbEntity
  8
BLACK
  6
CONTINUOUS
100
AcDbLine
 10
136.2705760000000055
 20
-139.5730350000000044
 30
0
 11
136.1753379999999822
 21
-139.9539869999999837
 31
0
  0
LINE
  5
D97
330
1A
100
AcDbEntity
  8
BLACK
  6
CONTINUOUS
100
AcDbLine
 10
136.1753379999999822
 20
-139.9539869999999837
 30
0
 11
136.0800999999999874
 21
-140.1444630000000018
 31
0
  0
LINE
  5
D98
330
1A
100
AcDbEntity
  8
BLACK
  6
CONTINUOUS
100
AcDbLine
 10
136.0800999999999874
 20
-140.1444630000000018
 30
0
 11
135.9848619999999926
 21
-140.2397019999999941
 31
0
  0
LINE
  5
D99
330
1A
100
AcDbEntity
  8
BLACK
  6
CONTINUOUS
100
AcDbLine
 10
135.9848619999999926
 20
-140.2397019999999941
 30
0
 11
135.7943860000000029
 21
-140.3349399999999889
 31
0
  0
LINE
  5
D9A
330
1A
100
AcDbEntity
  8
BLACK
  6
CONTINUOUS
100
AcDbLine
 10
135.7943860000000029
 20
-140.3349399999999889
 30
0
 11
135.6039089999999874
 21
-140.3349399999999889
 31
0
  0
LINE
  5
D9B
330
1A
100
AcDbEntity
  8
BLACK
  6
CONTINUOUS
100
AcDbLine
 10
135.6039089999999874
 20
-140.3349399999999889
 30
0
 11
135.4134329999999977
 21
-140.2397019999999941
 31
0
  0
LINE
  5
D9C
330
1A
100
AcDbEntity
  8
BLACK
  6
CONTINUOUS
100
AcDbLine
 10
135.4134329999999977
 20
-140.2397019999999941
 30
0
 11
135.3181950000000029
 21
-140.1444630000000018
 31
0
  0
LINE
  5
D9D
330
1A
100
AcDbEntity
  8
BLACK
  6
CONTINUOUS
100
AcDbLine
 10
135.3181950000000029
 20
-140.1444630000000018
 30
0
 11
135.2229570000000081
 21
-139.9539869999999837
 31
0
  0
LINE
  5
D9E
330
1A
100
AcDbEntity
  8
BLACK
  6
CONTINUOUS
100
AcDbLine
 10
135.2229570000000081
 20
-139.9539869999999837
 30
0
 11
135.1277189999999848
 21
-139.5730350000000044
 31
0
  0
LINE
  5
D9F
330
1A
100
AcDbEntity
  8
BLACK
  6
CONTINUOUS
100
AcDbLine
 10
135.1277189999999848
 20
-139.5730350000000044
 30
0
 11
135.1277189999999848
 21
-139.0968440000000044
 31
0
  0
LINE
  5
DA0
330
1A
100
AcDbEntity
  8
BLACK
  6
CONTINUOUS
100
AcDbLine
 10
135.1277189999999848
 20
-139.0968440000000044
 30
0
 11
135.2229570000000081
 21
-138.7158919999999966
 31
0
  0
LINE
  5
DA1
330
1A
100
AcDbEntity
  8
BLACK
  6
CONTINUOUS
100
AcDbLine
 10
135.2229570000000081
 20
-138.7158919999999966
 30
0
 11
135.3181950000000029
 21
-138.525416000000007
 31
0
  0
LINE
  5
DA2
330
1A
100
AcDbEntity
  8
BLACK
  6
CONTINUOUS
100
AcDbLine
 10
135.3181950000000029
 20
-138.525416000000007
 30
0
 11
135.4134329999999977
 21
-138.4301779999999837
 31
0
  0
LINE
  5
DA3
330
1A
100
AcDbEntity
  8
BLACK
  6
CONTINUOUS
100
AcDbLine
 10
135.4134329999999977
 20
-138.4301779999999837
 30
0
 11
135.6039089999999874
 21
-138.3349399999999889
 31
0
  0
LINE
  5
DA4
330
1A
100
AcDbEntity
  8
BLACK
  6
CONTINUOUS
100
AcDbLine
 10
137.1277189999999848
 20
-140.1444630000000018
 30
0
 11
137.2229569999999796
 21
-140.2397019999999941
 31
0
  0
LINE
  5
DA5
330
1A
100
AcDbEntity
  8
BLACK
  6
CONTINUOUS
100
AcDbLine
 10
137.2229569999999796
 20
-140.2397019999999941
 30
0
 11
137.1277189999999848
 21
-140.3349399999999889
 31
0
  0
LINE
  5
DA6
330
1A
100
AcDbEntity
  8
BLACK
  6
CONTINUOUS
100
AcDbLine
 10
137.1277189999999848
 20
-140.3349399999999889
 30
0
 11
137.03248099999999
 21
-140.2397019999999941
 31
0
  0
LINE
  5
DA7
330
1A
100
AcDbEntity
  8
BLACK
  6
CONTINUOUS
100
AcDbLine
 10
137.03248099999999
 20
-140.2397019999999941
 30
0
 11
137.1277189999999848
 21
-140.1444630000000018
 31
0
  0
LINE
  5
DA8
330
1A
100
AcDbEntity
  8
BLACK
  6
CONTINUOUS
100
AcDbLine
 10
137.1277189999999848
 20
-140.1444630000000018
 30
0
 11
137.1277189999999848
 21
-140.3349399999999889
 31
0
  0
LINE
  5
DA9
330
1A
100
AcDbEntity
  8
BLACK
  6
CONTINUOUS
100
AcDbLine
 10
138.4610519999999951
 20
-138.3349399999999889
 30
0
 11
138.6515289999999823
 21
-138.3349399999999889
 31
0
  0
LINE
  5
DAA
330
1A
100
AcDbEntity
  8
BLACK
  6
CONTINUOUS
100
AcDbLine
 10
138.6515289999999823
 20
-138.3349399999999889
 30
0
 11
138.8420050000000003
 21
-138.4301779999999837
 31
0
  0
LINE
  5
DAB
330
1A
100
AcDbEntity
  8
BLACK
  6
CONTINUOUS
100
AcDbLine
 10
138.8420050000000003
 20
-138.4301779999999837
 30
0
 11
138.9372429999999952
 21
-138.525416000000007
 31
0
  0
LINE
  5
DAC
330
1A
100
AcDbEntity
  8
BLACK
  6
CONTINUOUS
100
AcDbLine
 10
138.9372429999999952
 20
-138.525416000000007
 30
0
 11
139.03248099999999
 21
-138.7158919999999966
 31
0
  0
LINE
  5
DAD
330
1A
100
AcDbEntity
  8
BLACK
  6
CONTINUOUS
100
AcDbLine
 10
139.03248099999999
 20
-138.7158919999999966
 30
0
 11
139.1277189999999848
 21
-139.0968440000000044
 31
0
  0
LINE
  5
DAE
330
1A
100
AcDbEntity
  8
BLACK
  6
CONTINUOUS
100
AcDbLine
 10
139.1277189999999848
 20
-139.0968440000000044
 30
0
 11
139.1277189999999848
 21
-139.5730350000000044
 31
0
  0
LINE
  5
DAF
330
1A
100
AcDbEntity
  8
BLACK
  6
CONTINUOUS
100
AcDbLine
 10
139.1277189999999848
 20
-139.5730350000000044
 30
0
 11
139.03248099999999
 21
-139.9539869999999837
 31
0
  0
LINE
  5
DB0
330
1A
100
AcDbEntity
  8
BLACK
  6
CONTINUOUS
100
AcDbLine
 10
139.03248099999999
 20
-139.9539869999999837
 30
0
 11
138.9372429999999952
 21
-140.1444630000000018
 31
0
  0
LINE
  5
DB1
330
1A
100
AcDbEntity
  8
BLACK
  6
CONTINUOUS
100
AcDbLine
 10
138.9372429999999952
 20
-140.1444630000000018
 30
0
 11
138.8420050000000003
 21
-140.2397019999999941
 31
0
  0
LINE
  5
DB2
330
1A
100
AcDbEntity
  8
BLACK
  6
CONTINUOUS
100
AcDbLine
 10
138.8420050000000003
 20
-140.2397019999999941
 30
0
 11
138.6515289999999823
 21
-140.3349399999999889
 31
0
  0
LINE
  5
DB3
330
1A
100
AcDbEntity
  8
BLACK
  6
CONTINUOUS
100
AcDbLine
 10
138.6515289999999823
 20
-140.3349399999999889
 30
0
 11
138.4610519999999951
 21
-140.3349399999999889
 31
0
  0
LINE
  5
DB4
330
1A
100
AcDbEntity
  8
BLACK
  6
CONTINUOUS
100
AcDbLine
 10
138.4610519999999951
 20
-140.3349399999999889
 30
0
 11
138.2705760000000055
 21
-140.2397019999999941
 31
0
  0
LINE
  5
DB5
330
1A
100
AcDbEntity
  8
BLACK
  6
CONTINUOUS
100
AcDbLine
 10
138.2705760000000055
 20
-140.2397019999999941
 30
0
 11
138.1753379999999822
 21
-140.1444630000000018
 31
0
  0
LINE
  5
DB6
330
1A
100
AcDbEntity
  8
BLACK
  6
CONTINUOUS
100
AcDbLine
 10
138.1753379999999822
 20
-140.1444630000000018
 30
0
 11
138.0800999999999874
 21
-139.9539869999999837
 31
0
  0
LINE
  5
DB7
330
1A
100
AcDbEntity
  8
BLACK
  6
CONTINUOUS
100
AcDbLine
 10
138.0800999999999874
 20
-139.9539869999999837
 30
0
 11
137.9848619999999926
 21
-139.5730350000000044
 31
0
  0
LINE
  5
DB8
330
1A
100
AcDbEntity
  8
BLACK
  6
CONTINUOUS
100
AcDbLine
 10
137.9848619999999926
 20
-139.5730350000000044
 30
0
 11
137.9848619999999926
 21
-139.0968440000000044
 31
0
  0
LINE
  5
DB9
330
1A
100
AcDbEntity
  8
BLACK
  6
CONTINUOUS
100
AcDbLine
 10
137.9848619999999926
 20
-139.0968440000000044
 30
0
 11
138.0800999999999874
 21
-138.7158919999999966
 31
0
  0
LINE
  5
DBA
330
1A
100
AcDbEntity
  8
BLACK
  6
CONTINUOUS
100
AcDbLine
 10
138.0800999999999874
 20
-138.7158919999999966
 30
0
 11
138.1753379999999822
 21
-138.525416000000007
 31
0
  0
LINE
  5
DBB
330
1A
100
AcDbEntity
  8
BLACK
  6
CONTINUOUS
100
AcDbLine
 10
138.1753379999999822
 20
-138.525416000000007
 30
0
 11
138.2705760000000055
 21
-138.4301779999999837
 31
0
  0
LINE
  5
DBC
330
1A
100
AcDbEntity
  8
BLACK
  6
CONTINUOUS
100
AcDbLine
 10
138.2705760000000055
 20
-138.4301779999999837
 30
0
 11
138.4610519999999951
 21
-138.3349399999999889
 31
0
  0
LINE
  5
DBD
330
1A
100
AcDbEntity
  8
BLACK
  6
CONTINUOUS
100
AcDbLine
 10
141.03248099999999
 20
-140.3349399999999889
 30
0
 11
139.8896239999999977
 21
-140.3349399999999889
 31
0
  0
LINE
  5
DBE
330
1A
100
AcDbEntity
  8
BLACK
  6
CONTINUOUS
100
AcDbLine
 10
140.4610519999999951
 20
-140.3349399999999889
 30
0
 11
140.4610519999999951
 21
-138.3349399999999889
 31
0
  0
LINE
  5
DBF
330
1A
100
AcDbEntity
  8
BLACK
  6
CONTINUOUS
100
AcDbLine
 10
140.4610519999999951
 20
-138.3349399999999889
 30
0
 11
140.2705760000000055
 21
-138.6206540000000018
 31
0
  0
LINE
  5
DC0
330
1A
100
AcDbEntity
  8
BLACK
  6
CONTINUOUS
100
AcDbLine
 10
140.2705760000000055
 20
-138.6206540000000018
 30
0
 11
140.0800999999999874
 21
-138.8111299999999915
 31
0
  0
LINE
  5
DC1
330
1A
100
AcDbEntity
  8
BLACK
  6
CONTINUOUS
100
AcDbLine
 10
140.0800999999999874
 20
-138.8111299999999915
 30
0
 11
139.8896239999999977
 21
-138.9063679999999863
 31
0
  0
LINE
  5
DC2
330
1A
100
AcDbEntity
  8
BLACK
  6
CONTINUOUS
100
AcDbLine
 10
141.9848619999999926
 20
-140.3349399999999889
 30
0
 11
142.3658140000000003
 21
-140.3349399999999889
 31
0
  0
LINE
  5
DC3
330
1A
100
AcDbEntity
  8
BLACK
  6
CONTINUOUS
100
AcDbLine
 10
142.3658140000000003
 20
-140.3349399999999889
 30
0
 11
142.5562909999999874
 21
-140.2397019999999941
 31
0
  0
LINE
  5
DC4
330
1A
100
AcDbEntity
  8
BLACK
  6
CONTINUOUS
100
AcDbLine
 10
142.5562909999999874
 20
-140.2397019999999941
 30
0
 11
142.6515289999999823
 21
-140.1444630000000018
 31
0
  0
LINE
  5
DC5
330
1A
100
AcDbEntity
  8
BLACK
  6
CONTINUOUS
100
AcDbLine
 10
142.6515289999999823
 20
-140.1444630000000018
 30
0
 11
142.8420050000000003
 21
-139.8587489999999889
 31
0
  0
LINE
  5
DC6
330
1A
100
AcDbEntity
  8
BLACK
  6
CONTINUOUS
100
AcDbLine
 10
142.8420050000000003
 20
-139.8587489999999889
 30
0
 11
142.9372429999999952
 21
-139.4777969999999812
 31
0
  0
LINE
  5
DC7
330
1A
100
AcDbEntity
  8
BLACK
  6
CONTINUOUS
100
AcDbLine
 10
142.9372429999999952
 20
-139.4777969999999812
 30
0
 11
142.9372429999999952
 21
-138.7158919999999966
 31
0
  0
LINE
  5
DC8
330
1A
100
AcDbEntity
  8
BLACK
  6
CONTINUOUS
100
AcDbLine
 10
142.9372429999999952
 20
-138.7158919999999966
 30
0
 11
142.8420050000000003
 21
-138.525416000000007
 31
0
  0
LINE
  5
DC9
330
1A
100
AcDbEntity
  8
BLACK
  6
CONTINUOUS
100
AcDbLine
 10
142.8420050000000003
 20
-138.525416000000007
 30
0
 11
142.7467670000000055
 21
-138.4301779999999837
 31
0
  0
LINE
  5
DCA
330
1A
100
AcDbEntity
  8
BLACK
  6
CONTINUOUS
100
AcDbLine
 10
142.7467670000000055
 20
-138.4301779999999837
 30
0
 11
142.5562909999999874
 21
-138.3349399999999889
 31
0
  0
LINE
  5
DCB
330
1A
100
AcDbEntity
  8
BLACK
  6
CONTINUOUS
100
AcDbLine
 10
142.5562909999999874
 20
-138.3349399999999889
 30
0
 11
142.1753379999999822
 21
-138.3349399999999889
 31
0
  0
LINE
  5
DCC
330
1A
100
AcDbEntity
  8
BLACK
  6
CONTINUOUS
100
AcDbLine
 10
142.1753379999999822
 20
-138.3349399999999889
 30
0
 11
141.9848619999999926
 21
-138.4301779999999837
 31
0
  0
LINE
  5
DCD
330
1A
100
AcDbEntity
  8
BLACK
  6
CONTINUOUS
100
AcDbLine
 10
141.9848619999999926
 20
-138.4301779999999837
 30
0
 11
141.8896239999999977
 21
-138.525416000000007
 31
0
  0
LINE
  5
DCE
330
1A
100
AcDbEntity
  8
BLACK
  6
CONTINUOUS
100
AcDbLine
 10
141.8896239999999977
 20
-138.525416000000007
 30
0
 11
141.7943860000000029
 21
-138.7158919999999966
 31
0
  0
LINE
  5
DCF
330
1A
100
AcDbEntity
  8
BLACK
  6
CONTINUOUS
100
AcDbLine
 10
141.7943860000000029
 20
-138.7158919999999966
 30
0
 11
141.7943860000000029
 21
-139.1920819999999992
 31
0
  0
LINE
  5
DD0
330
1A
100
AcDbEntity
  8
BLACK
  6
CONTINUOUS
100
AcDbLine
 10
141.7943860000000029
 20
-139.1920819999999992
 30
0
 11
141.8896239999999977
 21
-139.3825589999999863
 31
0
  0
LINE
  5
DD1
330
1A
100
AcDbEntity
  8
BLACK
  6
CONTINUOUS
100
AcDbLine
 10
141.8896239999999977
 20
-139.3825589999999863
 30
0
 11
141.9848619999999926
 21
-139.4777969999999812
 31
0
  0
LINE
  5
DD2
330
1A
100
AcDbEntity
  8
BLACK
  6
CONTINUOUS
100
AcDbLine
 10
141.9848619999999926
 20
-139.4777969999999812
 30
0
 11
142.1753379999999822
 21
-139.5730350000000044
 31
0
  0
LINE
  5
DD3
330
1A
100
AcDbEntity
  8
BLACK
  6
CONTINUOUS
100
AcDbLine
 10
142.1753379999999822
 20
-139.5730350000000044
 30
0
 11
142.5562909999999874
 21
-139.5730350000000044
 31
0
  0
LINE
  5
DD4
330
1A
100
AcDbEntity
  8
BLACK
  6
CONTINUOUS
100
AcDbLine
 10
142.5562909999999874
 20
-139.5730350000000044
 30
0
 11
142.7467670000000055
 21
-139.4777969999999812
 31
0
  0
LINE
  5
DD5
330
1A
100
AcDbEntity
  8
BLACK
  6
CONTINUOUS
100
AcDbLine
 10
142.7467670000000055
 20
-139.4777969999999812
 30
0
 11
142.8420050000000003
 21
-139.3825589999999863
 31
0
  0
LINE
  5
DD6
330
1A
100
AcDbEntity
  8
BLACK
  6
CONTINUOUS
100
AcDbLine
 10
142.8420050000000003
 20
-139.3825589999999863
 30
0
 11
142.9372429999999952
 21
-139.1920819999999992
 31
0
  0
LINE
  5
DD7
330
1A
100
AcDbEntity
  8
BLACK
  6
CONTINUOUS
100
AcDbLine
 10
143.6039099999999848
 20
-138.3349399999999889
 30
0
 11
144.9372429999999952
 21
-138.3349399999999889
 31
0
  0
LINE
  5
DD8
330
1A
100
AcDbEntity
  8
BLACK
  6
CONTINUOUS
100
AcDbLine
 10
144.9372429999999952
 20
-138.3349399999999889
 30
0
 11
144.0800999999999874
 21
-140.3349399999999889
 31
0
  0
LINE
  5
DD9
330
1A
100
AcDbEntity
  8
BLACK
  6
CONTINUOUS
100
AcDbLine
 10
145.6039099999999848
 20
-138.3349399999999889
 30
0
 11
145.6039099999999848
 21
-138.7158919999999966
 31
0
  0
LINE
  5
DDA
330
1A
100
AcDbEntity
  8
BLACK
  6
CONTINUOUS
100
AcDbLine
 10
146.3658149999999978
 20
-138.3349399999999889
 30
0
 11
146.3658149999999978
 21
-138.7158919999999966
 31
0
  0
LINE
  5
DDB
330
1A
100
AcDbEntity
  8
BLACK
  6
CONTINUOUS
100
AcDbLine
 10
149.3181969999999978
 20
-141.0968440000000044
 30
0
 11
149.2229580000000055
 21
-141.0016059999999811
 31
0
  0
LINE
  5
DDC
330
1A
100
AcDbEntity
  8
BLACK
  6
CONTINUOUS
100
AcDbLine
 10
149.2229580000000055
 20
-141.0016059999999811
 30
0
 11
149.0324819999999875
 21
-140.7158919999999966
 31
0
  0
LINE
  5
DDD
330
1A
100
AcDbEntity
  8
BLACK
  6
CONTINUOUS
100
AcDbLine
 10
149.0324819999999875
 20
-140.7158919999999966
 30
0
 11
148.9372439999999926
 21
-140.525416000000007
 31
0
  0
LINE
  5
DDE
330
1A
100
AcDbEntity
  8
BLACK
  6
CONTINUOUS
100
AcDbLine
 10
148.9372439999999926
 20
-140.525416000000007
 30
0
 11
148.8420059999999978
 21
-140.2397019999999941
 31
0
  0
LINE
  5
DDF
330
1A
100
AcDbEntity
  8
BLACK
  6
CONTINUOUS
100
AcDbLine
 10
148.8420059999999978
 20
-140.2397019999999941
 30
0
 11
148.746768000000003
 21
-139.7635109999999941
 31
0
  0
LINE
  5
DE0
330
1A
100
AcDbEntity
  8
BLACK
  6
CONTINUOUS
100
AcDbLine
 10
148.746768000000003
 20
-139.7635109999999941
 30
0
 11
148.746768000000003
 21
-139.3825589999999863
 31
0
  0
LINE
  5
DE1
330
1A
100
AcDbEntity
  8
BLACK
  6
CONTINUOUS
100
AcDbLine
 10
148.746768000000003
 20
-139.3825589999999863
 30
0
 11
148.8420059999999978
 21
-138.9063679999999863
 31
0
  0
LINE
  5
DE2
330
1A
100
AcDbEntity
  8
BLACK
  6
CONTINUOUS
100
AcDbLine
 10
148.8420059999999978
 20
-138.9063679999999863
 30
0
 11
148.9372439999999926
 21
-138.6206540000000018
 31
0
  0
LINE
  5
DE3
330
1A
100
AcDbEntity
  8
BLACK
  6
CONTINUOUS
100
AcDbLine
 10
148.9372439999999926
 20
-138.6206540000000018
 30
0
 11
149.0324819999999875
 21
-138.4301779999999837
 31
0
  0
LINE
  5
DE4
330
1A
100
AcDbEntity
  8
BLACK
  6
CONTINUOUS
100
AcDbLine
 10
149.0324819999999875
 20
-138.4301779999999837
 30
0
 11
149.2229580000000055
 21
-138.1444630000000018
 31
0
  0
LINE
  5
DE5
330
1A
100
AcDbEntity
  8
BLACK
  6
CONTINUOUS
100
AcDbLine
 10
149.2229580000000055
 20
-138.1444630000000018
 30
0
 11
149.3181969999999978
 21
-138.049225000000007
 31
0
  0
LINE
  5
DE6
330
1A
100
AcDbEntity
  8
BLACK
  6
CONTINUOUS
100
AcDbLine
 10
149.9848629999999901
 20
-138.525416000000007
 30
0
 11
150.0801009999999849
 21
-138.4301779999999837
 31
0
  0
LINE
  5
DE7
330
1A
100
AcDbEntity
  8
BLACK
  6
CONTINUOUS
100
AcDbLine
 10
150.0801009999999849
 20
-138.4301779999999837
 30
0
 11
150.270577000000003
 21
-138.3349399999999889
 31
0
  0
LINE
  5
DE8
330
1A
100
AcDbEntity
  8
BLACK
  6
CONTINUOUS
100
AcDbLine
 10
150.270577000000003
 20
-138.3349399999999889
 30
0
 11
150.746768000000003
 21
-138.3349399999999889
 31
0
  0
LINE
  5
DE9
330
1A
100
AcDbEntity
  8
BLACK
  6
CONTINUOUS
100
AcDbLine
 10
150.746768000000003
 20
-138.3349399999999889
 30
0
 11
150.9372439999999926
 21
-138.4301779999999837
 31
0
  0
LINE
  5
DEA
330
1A
100
AcDbEntity
  8
BLACK
  6
CONTINUOUS
100
AcDbLine
 10
150.9372439999999926
 20
-138.4301779999999837
 30
0
 11
151.0324819999999875
 21
-138.525416000000007
 31
0
  0
LINE
  5
DEB
330
1A
100
AcDbEntity
  8
BLACK
  6
CONTINUOUS
100
AcDbLine
 10
151.0324819999999875
 20
-138.525416000000007
 30
0
 11
151.1277199999999823
 21
-138.7158919999999966
 31
0
  0
LINE
  5
DEC
330
1A
100
AcDbEntity
  8
BLACK
  6
CONTINUOUS
100
AcDbLine
 10
151.1277199999999823
 20
-138.7158919999999966
 30
0
 11
151.1277199999999823
 21
-138.9063679999999863
 31
0
  0
LINE
  5
DED
330
1A
100
AcDbEntity
  8
BLACK
  6
CONTINUOUS
100
AcDbLine
 10
151.1277199999999823
 20
-138.9063679999999863
 30
0
 11
151.0324819999999875
 21
-139.1920819999999992
 31
0
  0
LINE
  5
DEE
330
1A
100
AcDbEntity
  8
BLACK
  6
CONTINUOUS
100
AcDbLine
 10
151.0324819999999875
 20
-139.1920819999999992
 30
0
 11
149.8896249999999952
 21
-140.3349399999999889
 31
0
  0
LINE
  5
DEF
330
1A
100
AcDbEntity
  8
BLACK
  6
CONTINUOUS
100
AcDbLine
 10
149.8896249999999952
 20
-140.3349399999999889
 30
0
 11
151.1277199999999823
 21
-140.3349399999999889
 31
0
  0
LINE
  5
DF0
330
1A
100
AcDbEntity
  8
BLACK
  6
CONTINUOUS
100
AcDbLine
 10
153.0324819999999875
 20
-140.3349399999999889
 30
0
 11
151.8896249999999952
 21
-140.3349399999999889
 31
0
  0
LINE
  5
DF1
330
1A
100
AcDbEntity
  8
BLACK
  6
CONTINUOUS
100
AcDbLine
 10
152.4610529999999926
 20
-140.3349399999999889
 30
0
 11
152.4610529999999926
 21
-138.3349399999999889
 31
0
  0
LINE
  5
DF2
330
1A
100
AcDbEntity
  8
BLACK
  6
CONTINUOUS
100
AcDbLine
 10
152.4610529999999926
 20
-138.3349399999999889
 30
0
 11
152.270577000000003
 21
-138.6206540000000018
 31
0
  0
LINE
  5
DF3
330
1A
100
AcDbEntity
  8
BLACK
  6
CONTINUOUS
100
AcDbLine
 10
152.270577000000003
 20
-138.6206540000000018
 30
0
 11
152.0801009999999849
 21
-138.8111299999999915
 31
0
  0
LINE
  5
DF4
330
1A
100
AcDbEntity
  8
BLACK
  6
CONTINUOUS
100
AcDbLine
 10
152.0801009999999849
 20
-138.8111299999999915
 30
0
 11
151.8896249999999952
 21
-138.9063679999999863
 31
0
  0
LINE
  5
DF5
330
1A
100
AcDbEntity
  8
BLACK
  6
CONTINUOUS
100
AcDbLine
 10
155.4134349999999927
 20
-140.3349399999999889
 30
0
 11
155.4134349999999927
 21
-138.3349399999999889
 31
0
  0
LINE
  5
DF6
330
1A
100
AcDbEntity
  8
BLACK
  6
CONTINUOUS
100
AcDbLine
 10
156.2705780000000004
 20
-140.3349399999999889
 30
0
 11
156.2705780000000004
 21
-139.2873209999999915
 31
0
  0
LINE
  5
DF7
330
1A
100
AcDbEntity
  8
BLACK
  6
CONTINUOUS
100
AcDbLine
 10
156.2705780000000004
 20
-139.2873209999999915
 30
0
 11
156.1753400000000056
 21
-139.0968440000000044
 31
0
  0
LINE
  5
DF8
330
1A
100
AcDbEntity
  8
BLACK
  6
CONTINUOUS
100
AcDbLine
 10
156.1753400000000056
 20
-139.0968440000000044
 30
0
 11
155.9848639999999875
 21
-139.0016059999999811
 31
0
  0
LINE
  5
DF9
330
1A
100
AcDbEntity
  8
BLACK
  6
CONTINUOUS
100
AcDbLine
 10
155.9848639999999875
 20
-139.0016059999999811
 30
0
 11
155.6991490000000056
 21
-139.0016059999999811
 31
0
  0
LINE
  5
DFA
330
1A
100
AcDbEntity
  8
BLACK
  6
CONTINUOUS
100
AcDbLine
 10
155.6991490000000056
 20
-139.0016059999999811
 30
0
 11
155.5086729999999875
 21
-139.0968440000000044
 31
0
  0
LINE
  5
DFB
330
1A
100
AcDbEntity
  8
BLACK
  6
CONTINUOUS
100
AcDbLine
 10
155.5086729999999875
 20
-139.0968440000000044
 30
0
 11
155.4134349999999927
 21
-139.1920819999999992
 31
0
  0
LINE
  5
DFC
330
1A
100
AcDbEntity
  8
BLACK
  6
CONTINUOUS
100
AcDbLine
 10
157.5086729999999875
 20
-140.3349399999999889
 30
0
 11
157.3181969999999978
 21
-140.2397019999999941
 31
0
  0
LINE
  5
DFD
330
1A
100
AcDbEntity
  8
BLACK
  6
CONTINUOUS
100
AcDbLine
 10
157.3181969999999978
 20
-140.2397019999999941
 30
0
 11
157.222959000000003
 21
-140.1444630000000018
 31
0
  0
LINE
  5
DFE
330
1A
100
AcDbEntity
  8
BLACK
  6
CONTINUOUS
100
AcDbLine
 10
157.222959000000003
 20
-140.1444630000000018
 30
0
 11
157.1277209999999798
 21
-139.9539869999999837
 31
0
  0
LINE
  5
DFF
330
1A
100
AcDbEntity
  8
BLACK
  6
CONTINUOUS
100
AcDbLine
 10
157.1277209999999798
 20
-139.9539869999999837
 30
0
 11
157.1277209999999798
 21
-139.3825589999999863
 31
0
  0
LINE
  5
E00
330
1A
100
AcDbEntity
  8
BLACK
  6
CONTINUOUS
100
AcDbLine
 10
157.1277209999999798
 20
-139.3825589999999863
 30
0
 11
157.222959000000003
 21
-139.1920819999999992
 31
0
  0
LINE
  5
E01
330
1A
100
AcDbEntity
  8
BLACK
  6
CONTINUOUS
100
AcDbLine
 10
157.222959000000003
 20
-139.1920819999999992
 30
0
 11
157.3181969999999978
 21
-139.0968440000000044
 31
0
  0
LINE
  5
E02
330
1A
100
AcDbEntity
  8
BLACK
  6
CONTINUOUS
100
AcDbLine
 10
157.3181969999999978
 20
-139.0968440000000044
 30
0
 11
157.5086729999999875
 21
-139.0016059999999811
 31
0
  0
LINE
  5
E03
330
1A
100
AcDbEntity
  8
BLACK
  6
CONTINUOUS
100
AcDbLine
 10
157.5086729999999875
 20
-139.0016059999999811
 30
0
 11
157.7943879999999979
 21
-139.0016059999999811
 31
0
  0
LINE
  5
E04
330
1A
100
AcDbEntity
  8
BLACK
  6
CONTINUOUS
100
AcDbLine
 10
157.7943879999999979
 20
-139.0016059999999811
 30
0
 11
157.9848639999999875
 21
-139.0968440000000044
 31
0
  0
LINE
  5
E05
330
1A
100
AcDbEntity
  8
BLACK
  6
CONTINUOUS
100
AcDbLine
 10
157.9848639999999875
 20
-139.0968440000000044
 30
0
 11
158.0801019999999824
 21
-139.1920819999999992
 31
0
  0
LINE
  5
E06
330
1A
100
AcDbEntity
  8
BLACK
  6
CONTINUOUS
100
AcDbLine
 10
158.0801019999999824
 20
-139.1920819999999992
 30
0
 11
158.1753400000000056
 21
-139.3825589999999863
 31
0
  0
LINE
  5
E07
330
1A
100
AcDbEntity
  8
BLACK
  6
CONTINUOUS
100
AcDbLine
 10
158.1753400000000056
 20
-139.3825589999999863
 30
0
 11
158.1753400000000056
 21
-139.9539869999999837
 31
0
  0
LINE
  5
E08
330
1A
100
AcDbEntity
  8
BLACK
  6
CONTINUOUS
100
AcDbLine
 10
158.1753400000000056
 20
-139.9539869999999837
 30
0
 11
158.0801019999999824
 21
-140.1444630000000018
 31
0
  0
LINE
  5
E09
330
1A
100
AcDbEntity
  8
BLACK
  6
CONTINUOUS
100
AcDbLine
 10
158.0801019999999824
 20
-140.1444630000000018
 30
0
 11
157.9848639999999875
 21
-140.2397019999999941
 31
0
  0
LINE
  5
E0A
330
1A
100
AcDbEntity
  8
BLACK
  6
CONTINUOUS
100
AcDbLine
 10
157.9848639999999875
 20
-140.2397019999999941
 30
0
 11
157.7943879999999979
 21
-140.3349399999999889
 31
0
  0
LINE
  5
E0B
330
1A
100
AcDbEntity
  8
BLACK
  6
CONTINUOUS
100
AcDbLine
 10
157.7943879999999979
 20
-140.3349399999999889
 30
0
 11
157.5086729999999875
 21
-140.3349399999999889
 31
0
  0
LINE
  5
E0C
330
1A
100
AcDbEntity
  8
BLACK
  6
CONTINUOUS
100
AcDbLine
 10
159.3181969999999978
 20
-140.3349399999999889
 30
0
 11
159.1277209999999798
 21
-140.2397019999999941
 31
0
  0
LINE
  5
E0D
330
1A
100
AcDbEntity
  8
BLACK
  6
CONTINUOUS
100
AcDbLine
 10
159.1277209999999798
 20
-140.2397019999999941
 30
0
 11
159.0324829999999849
 21
-140.049225000000007
 31
0
  0
LINE
  5
E0E
330
1A
100
AcDbEntity
  8
BLACK
  6
CONTINUOUS
100
AcDbLine
 10
159.0324829999999849
 20
-140.049225000000007
 30
0
 11
159.0324829999999849
 21
-138.3349399999999889
 31
0
  0
LINE
  5
E0F
330
1A
100
AcDbEntity
  8
BLACK
  6
CONTINUOUS
100
AcDbLine
 10
160.8420069999999953
 20
-140.2397019999999941
 30
0
 11
160.6515310000000056
 21
-140.3349399999999889
 31
0
  0
LINE
  5
E10
330
1A
100
AcDbEntity
  8
BLACK
  6
CONTINUOUS
100
AcDbLine
 10
160.6515310000000056
 20
-140.3349399999999889
 30
0
 11
160.2705780000000004
 21
-140.3349399999999889
 31
0
  0
LINE
  5
E11
330
1A
100
AcDbEntity
  8
BLACK
  6
CONTINUOUS
100
AcDbLine
 10
160.2705780000000004
 20
-140.3349399999999889
 30
0
 11
160.0801019999999824
 21
-140.2397019999999941
 31
0
  0
LINE
  5
E12
330
1A
100
AcDbEntity
  8
BLACK
  6
CONTINUOUS
100
AcDbLine
 10
160.0801019999999824
 20
-140.2397019999999941
 30
0
 11
159.9848639999999875
 21
-140.049225000000007
 31
0
  0
LINE
  5
E13
330
1A
100
AcDbEntity
  8
BLACK
  6
CONTINUOUS
100
AcDbLine
 10
159.9848639999999875
 20
-140.049225000000007
 30
0
 11
159.9848639999999875
 21
-139.2873209999999915
 31
0
  0
LINE
  5
E14
330
1A
100
AcDbEntity
  8
BLACK
  6
CONTINUOUS
100
AcDbLine
 10
159.9848639999999875
 20
-139.2873209999999915
 30
0
 11
160.0801019999999824
 21
-139.0968440000000044
 31
0
  0
LINE
  5
E15
330
1A
100
AcDbEntity
  8
BLACK
  6
CONTINUOUS
100
AcDbLine
 10
160.0801019999999824
 20
-139.0968440000000044
 30
0
 11
160.2705780000000004
 21
-139.0016059999999811
 31
0
  0
LINE
  5
E16
330
1A
100
AcDbEntity
  8
BLACK
  6
CONTINUOUS
100
AcDbLine
 10
160.2705780000000004
 20
-139.0016059999999811
 30
0
 11
160.6515310000000056
 21
-139.0016059999999811
 31
0
  0
LINE
  5
E17
330
1A
100
AcDbEntity
  8
BLACK
  6
CONTINUOUS
100
AcDbLine
 10
160.6515310000000056
 20
-139.0016059999999811
 30
0
 11
160.8420069999999953
 21
-139.0968440000000044
 31
0
  0
LINE
  5
E18
330
1A
100
AcDbEntity
  8
BLACK
  6
CONTINUOUS
100
AcDbLine
 10
160.8420069999999953
 20
-139.0968440000000044
 30
0
 11
160.9372449999999901
 21
-139.2873209999999915
 31
0
  0
LINE
  5
E19
330
1A
100
AcDbEntity
  8
BLACK
  6
CONTINUOUS
100
AcDbLine
 10
160.9372449999999901
 20
-139.2873209999999915
 30
0
 11
160.9372449999999901
 21
-139.4777969999999812
 31
0
  0
LINE
  5
E1A
330
1A
100
AcDbEntity
  8
BLACK
  6
CONTINUOUS
100
AcDbLine
 10
160.9372449999999901
 20
-139.4777969999999812
 30
0
 11
159.9848639999999875
 21
-139.6682729999999992
 31
0
  0
LINE
  5
E1B
330
1A
100
AcDbEntity
  8
BLACK
  6
CONTINUOUS
100
AcDbLine
 10
161.699150000000003
 20
-140.2397019999999941
 30
0
 11
161.8896259999999927
 21
-140.3349399999999889
 31
0
  0
LINE
  5
E1C
330
1A
100
AcDbEntity
  8
BLACK
  6
CONTINUOUS
100
AcDbLine
 10
161.8896259999999927
 20
-140.3349399999999889
 30
0
 11
162.2705780000000004
 21
-140.3349399999999889
 31
0
  0
LINE
  5
E1D
330
1A
100
AcDbEntity
  8
BLACK
  6
CONTINUOUS
100
AcDbLine
 10
162.2705780000000004
 20
-140.3349399999999889
 30
0
 11
162.4610549999999876
 21
-140.2397019999999941
 31
0
  0
LINE
  5
E1E
330
1A
100
AcDbEntity
  8
BLACK
  6
CONTINUOUS
100
AcDbLine
 10
162.4610549999999876
 20
-140.2397019999999941
 30
0
 11
162.5562929999999824
 21
-140.049225000000007
 31
0
  0
LINE
  5
E1F
330
1A
100
AcDbEntity
  8
BLACK
  6
CONTINUOUS
100
AcDbLine
 10
162.5562929999999824
 20
-140.049225000000007
 30
0
 11
162.5562929999999824
 21
-139.9539869999999837
 31
0
  0
LINE
  5
E20
330
1A
100
AcDbEntity
  8
BLACK
  6
CONTINUOUS
100
AcDbLine
 10
162.5562929999999824
 20
-139.9539869999999837
 30
0
 11
162.4610549999999876
 21
-139.7635109999999941
 31
0
  0
LINE
  5
E21
330
1A
100
AcDbEntity
  8
BLACK
  6
CONTINUOUS
100
AcDbLine
 10
162.4610549999999876
 20
-139.7635109999999941
 30
0
 11
162.2705780000000004
 21
-139.6682729999999992
 31
0
  0
LINE
  5
E22
330
1A
100
AcDbEntity
  8
BLACK
  6
CONTINUOUS
100
AcDbLine
 10
162.2705780000000004
 20
-139.6682729999999992
 30
0
 11
161.9848639999999875
 21
-139.6682729999999992
 31
0
  0
LINE
  5
E23
330
1A
100
AcDbEntity
  8
BLACK
  6
CONTINUOUS
100
AcDbLine
 10
161.9848639999999875
 20
-139.6682729999999992
 30
0
 11
161.7943879999999979
 21
-139.5730350000000044
 31
0
  0
LINE
  5
E24
330
1A
100
AcDbEntity
  8
BLACK
  6
CONTINUOUS
100
AcDbLine
 10
161.7943879999999979
 20
-139.5730350000000044
 30
0
 11
161.699150000000003
 21
-139.3825589999999863
 31
0
  0
LINE
  5
E25
330
1A
100
AcDbEntity
  8
BLACK
  6
CONTINUOUS
100
AcDbLine
 10
161.699150000000003
 20
-139.3825589999999863
 30
0
 11
161.699150000000003
 21
-139.2873209999999915
 31
0
  0
LINE
  5
E26
330
1A
100
AcDbEntity
  8
BLACK
  6
CONTINUOUS
100
AcDbLine
 10
161.699150000000003
 20
-139.2873209999999915
 30
0
 11
161.7943879999999979
 21
-139.0968440000000044
 31
0
  0
LINE
  5
E27
330
1A
100
AcDbEntity
  8
BLACK
  6
CONTINUOUS
100
AcDbLine
 10
161.7943879999999979
 20
-139.0968440000000044
 30
0
 11
161.9848639999999875
 21
-139.0016059999999811
 31
0
  0
LINE
  5
E28
330
1A
100
AcDbEntity
  8
BLACK
  6
CONTINUOUS
100
AcDbLine
 10
161.9848639999999875
 20
-139.0016059999999811
 30
0
 11
162.2705780000000004
 21
-139.0016059999999811
 31
0
  0
LINE
  5
E29
330
1A
100
AcDbEntity
  8
BLACK
  6
CONTINUOUS
100
AcDbLine
 10
162.2705780000000004
 20
-139.0016059999999811
 30
0
 11
162.4610549999999876
 21
-139.0968440000000044
 31
0
  0
LINE
  5
E2A
330
1A
100
AcDbEntity
  8
BLACK
  6
CONTINUOUS
100
AcDbLine
 10
163.2229600000000005
 20
-141.0968440000000044
 30
0
 11
163.3181979999999953
 21
-141.0016059999999811
 31
0
  0
LINE
  5
E2B
330
1A
100
AcDbEntity
  8
BLACK
  6
CONTINUOUS
100
AcDbLine
 10
163.3181979999999953
 20
-141.0016059999999811
 30
0
 11
163.508673999999985
 21
-140.7158919999999966
 31
0
  0
LINE
  5
E2C
330
1A
100
AcDbEntity
  8
BLACK
  6
CONTINUOUS
100
AcDbLine
 10
163.508673999999985
 20
-140.7158919999999966
 30
0
 11
163.6039119999999798
 21
-140.525416000000007
 31
0
  0
LINE
  5
E2D
330
1A
100
AcDbEntity
  8
BLACK
  6
CONTINUOUS
100
AcDbLine
 10
163.6039119999999798
 20
-140.525416000000007
 30
0
 11
163.699150000000003
 21
-140.2397019999999941
 31
0
  0
LINE
  5
E2E
330
1A
100
AcDbEntity
  8
BLACK
  6
CONTINUOUS
100
AcDbLine
 10
163.699150000000003
 20
-140.2397019999999941
 30
0
 11
163.7943879999999979
 21
-139.7635109999999941
 31
0
  0
LINE
  5
E2F
330
1A
100
AcDbEntity
  8
BLACK
  6
CONTINUOUS
100
AcDbLine
 10
163.7943879999999979
 20
-139.7635109999999941
 30
0
 11
163.7943879999999979
 21
-139.3825589999999863
 31
0
  0
LINE
  5
E30
330
1A
100
AcDbEntity
  8
BLACK
  6
CONTINUOUS
100
AcDbLine
 10
163.7943879999999979
 20
-139.3825589999999863
 30
0
 11
163.699150000000003
 21
-138.9063679999999863
 31
0
  0
LINE
  5
E31
330
1A
100
AcDbEntity
  8
BLACK
  6
CONTINUOUS
100
AcDbLine
 10
163.699150000000003
 20
-138.9063679999999863
 30
0
 11
163.6039119999999798
 21
-138.6206540000000018
 31
0
  0
LINE
  5
E32
330
1A
100
AcDbEntity
  8
BLACK
  6
CONTINUOUS
100
AcDbLine
 10
163.6039119999999798
 20
-138.6206540000000018
 30
0
 11
163.508673999999985
 21
-138.4301779999999837
 31
0
  0
LINE
  5
E33
330
1A
100
AcDbEntity
  8
BLACK
  6
CONTINUOUS
100
AcDbLine
 10
163.508673999999985
 20
-138.4301779999999837
 30
0
 11
163.3181979999999953
 21
-138.1444630000000018
 31
0
  0
LINE
  5
E34
330
1A
100
AcDbEntity
  8
BLACK
  6
CONTINUOUS
100
AcDbLine
 10
163.3181979999999953
 20
-138.1444630000000018
 30
0
 11
163.2229600000000005
 21
-138.049225000000007
 31
0
  0
LINE
  5
E35
330
1A
100
AcDbEntity
  8
BLACK
  6
CONTINUOUS
100
AcDbLine
 10
113.2675679999999971
 20
-142.3601019999999835
 30
0
 11
113.5675679999999943
 21
-142.0601020000000005
 31
0
  0
LINE
  5
E36
330
1A
100
AcDbEntity
  8
BLACK
  6
CONTINUOUS
100
AcDbLine
 10
113.5675679999999943
 20
-142.0601020000000005
 30
0
 11
113.2675679999999971
 21
-141.7601019999999892
 31
0
  0
LINE
  5
E37
330
1A
100
AcDbEntity
  8
BLACK
  6
CONTINUOUS
100
AcDbLine
 10
113.2675679999999971
 20
-141.7601019999999892
 30
0
 11
112.967568
 21
-142.0601020000000005
 31
0
  0
LINE
  5
E38
330
1A
100
AcDbEntity
  8
BLACK
  6
CONTINUOUS
100
AcDbLine
 10
112.967568
 20
-142.0601020000000005
 30
0
 11
113.2675679999999971
 21
-142.3601019999999835
 31
0
  0
LINE
  5
E39
330
1A
100
AcDbEntity
  8
BLACK
  6
CONTINUOUS
100
AcDbLine
 10
116.556287999999995
 20
-140.9749400000000037
 30
0
 11
116.7467649999999963
 21
-140.9749400000000037
 31
0
  0
LINE
  5
E3A
330
1A
100
AcDbEntity
  8
BLACK
  6
CONTINUOUS
100
AcDbLine
 10
116.7467649999999963
 20
-140.9749400000000037
 30
0
 11
116.9372410000000002
 21
-141.0701779999999985
 31
0
  0
LINE
  5
E3B
330
1A
100
AcDbEntity
  8
BLACK
  6
CONTINUOUS
100
AcDbLine
 10
116.9372410000000002
 20
-141.0701779999999985
 30
0
 11
117.032478999999995
 21
-141.1654159999999933
 31
0
  0
LINE
  5
E3C
330
1A
100
AcDbEntity
  8
BLACK
  6
CONTINUOUS
100
AcDbLine
 10
117.032478999999995
 20
-141.1654159999999933
 30
0
 11
117.1277169999999899
 21
-141.355891999999983
 31
0
  0
LINE
  5
E3D
330
1A
100
AcDbEntity
  8
BLACK
  6
CONTINUOUS
100
AcDbLine
 10
117.1277169999999899
 20
-141.355891999999983
 30
0
 11
117.2229549999999989
 21
-141.7368439999999907
 31
0
  0
LINE
  5
E3E
330
1A
100
AcDbEntity
  8
BLACK
  6
CONTINUOUS
100
AcDbLine
 10
117.2229549999999989
 20
-141.7368439999999907
 30
0
 11
117.2229549999999989
 21
-142.2130349999999908
 31
0
  0
LINE
  5
E3F
330
1A
100
AcDbEntity
  8
BLACK
  6
CONTINUOUS
100
AcDbLine
 10
117.2229549999999989
 20
-142.2130349999999908
 30
0
 11
117.1277169999999899
 21
-142.5939869999999985
 31
0
  0
LINE
  5
E40
330
1A
100
AcDbEntity
  8
BLACK
  6
CONTINUOUS
100
AcDbLine
 10
117.1277169999999899
 20
-142.5939869999999985
 30
0
 11
117.032478999999995
 21
-142.7844629999999881
 31
0
  0
LINE
  5
E41
330
1A
100
AcDbEntity
  8
BLACK
  6
CONTINUOUS
100
AcDbLine
 10
117.032478999999995
 20
-142.7844629999999881
 30
0
 11
116.9372410000000002
 21
-142.8797019999999804
 31
0
  0
LINE
  5
E42
330
1A
100
AcDbEntity
  8
BLACK
  6
CONTINUOUS
100
AcDbLine
 10
116.9372410000000002
 20
-142.8797019999999804
 30
0
 11
116.7467649999999963
 21
-142.9749400000000037
 31
0
  0
LINE
  5
E43
330
1A
100
AcDbEntity
  8
BLACK
  6
CONTINUOUS
100
AcDbLine
 10
116.7467649999999963
 20
-142.9749400000000037
 30
0
 11
116.556287999999995
 21
-142.9749400000000037
 31
0
  0
LINE
  5
E44
330
1A
100
AcDbEntity
  8
BLACK
  6
CONTINUOUS
100
AcDbLine
 10
116.556287999999995
 20
-142.9749400000000037
 30
0
 11
116.3658119999999911
 21
-142.8797019999999804
 31
0
  0
LINE
  5
E45
330
1A
100
AcDbEntity
  8
BLACK
  6
CONTINUOUS
100
AcDbLine
 10
116.3658119999999911
 20
-142.8797019999999804
 30
0
 11
116.2705739999999963
 21
-142.7844629999999881
 31
0
  0
LINE
  5
E46
330
1A
100
AcDbEntity
  8
BLACK
  6
CONTINUOUS
100
AcDbLine
 10
116.2705739999999963
 20
-142.7844629999999881
 30
0
 11
116.1753360000000015
 21
-142.5939869999999985
 31
0
  0
LINE
  5
E47
330
1A
100
AcDbEntity
  8
BLACK
  6
CONTINUOUS
100
AcDbLine
 10
116.1753360000000015
 20
-142.5939869999999985
 30
0
 11
116.0800979999999925
 21
-142.2130349999999908
 31
0
  0
LINE
  5
E48
330
1A
100
AcDbEntity
  8
BLACK
  6
CONTINUOUS
100
AcDbLine
 10
116.0800979999999925
 20
-142.2130349999999908
 30
0
 11
116.0800979999999925
 21
-141.7368439999999907
 31
0
  0
LINE
  5
E49
330
1A
100
AcDbEntity
  8
BLACK
  6
CONTINUOUS
100
AcDbLine
 10
116.0800979999999925
 20
-141.7368439999999907
 30
0
 11
116.1753360000000015
 21
-141.355891999999983
 31
0
  0
LINE
  5
E4A
330
1A
100
AcDbEntity
  8
BLACK
  6
CONTINUOUS
100
AcDbLine
 10
116.1753360000000015
 20
-141.355891999999983
 30
0
 11
116.2705739999999963
 21
-141.1654159999999933
 31
0
  0
LINE
  5
E4B
330
1A
100
AcDbEntity
  8
BLACK
  6
CONTINUOUS
100
AcDbLine
 10
116.2705739999999963
 20
-141.1654159999999933
 30
0
 11
116.3658119999999911
 21
-141.0701779999999985
 31
0
  0
LINE
  5
E4C
330
1A
100
AcDbEntity
  8
BLACK
  6
CONTINUOUS
100
AcDbLine
 10
116.3658119999999911
 20
-141.0701779999999985
 30
0
 11
116.556287999999995
 21
-140.9749400000000037
 31
0
  0
LINE
  5
E4D
330
1A
100
AcDbEntity
  8
BLACK
  6
CONTINUOUS
100
AcDbLine
 10
118.0800979999999925
 20
-142.7844629999999881
 30
0
 11
118.1753360000000015
 21
-142.8797019999999804
 31
0
  0
LINE
  5
E4E
330
1A
100
AcDbEntity
  8
BLACK
  6
CONTINUOUS
100
AcDbLine
 10
118.1753360000000015
 20
-142.8797019999999804
 30
0
 11
118.0800979999999925
 21
-142.9749400000000037
 31
0
  0
LINE
  5
E4F
330
1A
100
AcDbEntity
  8
BLACK
  6
CONTINUOUS
100
AcDbLine
 10
118.0800979999999925
 20
-142.9749400000000037
 30
0
 11
117.9848599999999976
 21
-142.8797019999999804
 31
0
  0
LINE
  5
E50
330
1A
100
AcDbEntity
  8
BLACK
  6
CONTINUOUS
100
AcDbLine
 10
117.9848599999999976
 20
-142.8797019999999804
 30
0
 11
118.0800979999999925
 21
-142.7844629999999881
 31
0
  0
LINE
  5
E51
330
1A
100
AcDbEntity
  8
BLACK
  6
CONTINUOUS
100
AcDbLine
 10
118.0800979999999925
 20
-142.7844629999999881
 30
0
 11
118.0800979999999925
 21
-142.9749400000000037
 31
0
  0
LINE
  5
E52
330
1A
100
AcDbEntity
  8
BLACK
  6
CONTINUOUS
100
AcDbLine
 10
119.8896219999999886
 20
-140.9749400000000037
 30
0
 11
119.5086689999999976
 21
-140.9749400000000037
 31
0
  0
LINE
  5
E53
330
1A
100
AcDbEntity
  8
BLACK
  6
CONTINUOUS
100
AcDbLine
 10
119.5086689999999976
 20
-140.9749400000000037
 30
0
 11
119.3181929999999937
 21
-141.0701779999999985
 31
0
  0
LINE
  5
E54
330
1A
100
AcDbEntity
  8
BLACK
  6
CONTINUOUS
100
AcDbLine
 10
119.3181929999999937
 20
-141.0701779999999985
 30
0
 11
119.2229549999999989
 21
-141.1654159999999933
 31
0
  0
LINE
  5
E55
330
1A
100
AcDbEntity
  8
BLACK
  6
CONTINUOUS
100
AcDbLine
 10
119.2229549999999989
 20
-141.1654159999999933
 30
0
 11
119.032478999999995
 21
-141.4511300000000062
 31
0
  0
LINE
  5
E56
330
1A
100
AcDbEntity
  8
BLACK
  6
CONTINUOUS
100
AcDbLine
 10
119.032478999999995
 20
-141.4511300000000062
 30
0
 11
118.9372410000000002
 21
-141.8320819999999856
 31
0
  0
LINE
  5
E57
330
1A
100
AcDbEntity
  8
BLACK
  6
CONTINUOUS
100
AcDbLine
 10
118.9372410000000002
 20
-141.8320819999999856
 30
0
 11
118.9372410000000002
 21
-142.5939869999999985
 31
0
  0
LINE
  5
E58
330
1A
100
AcDbEntity
  8
BLACK
  6
CONTINUOUS
100
AcDbLine
 10
118.9372410000000002
 20
-142.5939869999999985
 30
0
 11
119.032478999999995
 21
-142.7844629999999881
 31
0
  0
LINE
  5
E59
330
1A
100
AcDbEntity
  8
BLACK
  6
CONTINUOUS
100
AcDbLine
 10
119.032478999999995
 20
-142.7844629999999881
 30
0
 11
119.1277169999999899
 21
-142.8797019999999804
 31
0
  0
LINE
  5
E5A
330
1A
100
AcDbEntity
  8
BLACK
  6
CONTINUOUS
100
AcDbLine
 10
119.1277169999999899
 20
-142.8797019999999804
 30
0
 11
119.3181929999999937
 21
-142.9749400000000037
 31
0
  0
LINE
  5
E5B
330
1A
100
AcDbEntity
  8
BLACK
  6
CONTINUOUS
100
AcDbLine
 10
119.3181929999999937
 20
-142.9749400000000037
 30
0
 11
119.6991459999999989
 21
-142.9749400000000037
 31
0
  0
LINE
  5
E5C
330
1A
100
AcDbEntity
  8
BLACK
  6
CONTINUOUS
100
AcDbLine
 10
119.6991459999999989
 20
-142.9749400000000037
 30
0
 11
119.8896219999999886
 21
-142.8797019999999804
 31
0
  0
LINE
  5
E5D
330
1A
100
AcDbEntity
  8
BLACK
  6
CONTINUOUS
100
AcDbLine
 10
119.8896219999999886
 20
-142.8797019999999804
 30
0
 11
119.9848599999999976
 21
-142.7844629999999881
 31
0
  0
LINE
  5
E5E
330
1A
100
AcDbEntity
  8
BLACK
  6
CONTINUOUS
100
AcDbLine
 10
119.9848599999999976
 20
-142.7844629999999881
 30
0
 11
120.0800979999999925
 21
-142.5939869999999985
 31
0
  0
LINE
  5
E5F
330
1A
100
AcDbEntity
  8
BLACK
  6
CONTINUOUS
100
AcDbLine
 10
120.0800979999999925
 20
-142.5939869999999985
 30
0
 11
120.0800979999999925
 21
-142.1177969999999959
 31
0
  0
LINE
  5
E60
330
1A
100
AcDbEntity
  8
BLACK
  6
CONTINUOUS
100
AcDbLine
 10
120.0800979999999925
 20
-142.1177969999999959
 30
0
 11
119.9848599999999976
 21
-141.9273210000000063
 31
0
  0
LINE
  5
E61
330
1A
100
AcDbEntity
  8
BLACK
  6
CONTINUOUS
100
AcDbLine
 10
119.9848599999999976
 20
-141.9273210000000063
 30
0
 11
119.8896219999999886
 21
-141.8320819999999856
 31
0
  0
LINE
  5
E62
330
1A
100
AcDbEntity
  8
BLACK
  6
CONTINUOUS
100
AcDbLine
 10
119.8896219999999886
 20
-141.8320819999999856
 30
0
 11
119.6991459999999989
 21
-141.7368439999999907
 31
0
  0
LINE
  5
E63
330
1A
100
AcDbEntity
  8
BLACK
  6
CONTINUOUS
100
AcDbLine
 10
119.6991459999999989
 20
-141.7368439999999907
 30
0
 11
119.3181929999999937
 21
-141.7368439999999907
 31
0
  0
LINE
  5
E64
330
1A
100
AcDbEntity
  8
BLACK
  6
CONTINUOUS
100
AcDbLine
 10
119.3181929999999937
 20
-141.7368439999999907
 30
0
 11
119.1277169999999899
 21
-141.8320819999999856
 31
0
  0
LINE
  5
E65
330
1A
100
AcDbEntity
  8
BLACK
  6
CONTINUOUS
100
AcDbLine
 10
119.1277169999999899
 20
-141.8320819999999856
 30
0
 11
119.032478999999995
 21
-141.9273210000000063
 31
0
  0
LINE
  5
E66
330
1A
100
AcDbEntity
  8
BLACK
  6
CONTINUOUS
100
AcDbLine
 10
119.032478999999995
 20
-141.9273210000000063
 30
0
 11
118.9372410000000002
 21
-142.1177969999999959
 31
0
  0
LINE
  5
E67
330
1A
100
AcDbEntity
  8
BLACK
  6
CONTINUOUS
100
AcDbLine
 10
121.3181929999999937
 20
-140.9749400000000037
 30
0
 11
121.5086699999999951
 21
-140.9749400000000037
 31
0
  0
LINE
  5
E68
330
1A
100
AcDbEntity
  8
BLACK
  6
CONTINUOUS
100
AcDbLine
 10
121.5086699999999951
 20
-140.9749400000000037
 30
0
 11
121.6991459999999989
 21
-141.0701779999999985
 31
0
  0
LINE
  5
E69
330
1A
100
AcDbEntity
  8
BLACK
  6
CONTINUOUS
100
AcDbLine
 10
121.6991459999999989
 20
-141.0701779999999985
 30
0
 11
121.7943839999999938
 21
-141.1654159999999933
 31
0
  0
LINE
  5
E6A
330
1A
100
AcDbEntity
  8
BLACK
  6
CONTINUOUS
100
AcDbLine
 10
121.7943839999999938
 20
-141.1654159999999933
 30
0
 11
121.8896219999999886
 21
-141.355891999999983
 31
0
  0
LINE
  5
E6B
330
1A
100
AcDbEntity
  8
BLACK
  6
CONTINUOUS
100
AcDbLine
 10
121.8896219999999886
 20
-141.355891999999983
 30
0
 11
121.9848599999999976
 21
-141.7368439999999907
 31
0
  0
LINE
  5
E6C
330
1A
100
AcDbEntity
  8
BLACK
  6
CONTINUOUS
100
AcDbLine
 10
121.9848599999999976
 20
-141.7368439999999907
 30
0
 11
121.9848599999999976
 21
-142.2130349999999908
 31
0
  0
LINE
  5
E6D
330
1A
100
AcDbEntity
  8
BLACK
  6
CONTINUOUS
100
AcDbLine
 10
121.9848599999999976
 20
-142.2130349999999908
 30
0
 11
121.8896219999999886
 21
-142.5939869999999985
 31
0
  0
LINE
  5
E6E
330
1A
100
AcDbEntity
  8
BLACK
  6
CONTINUOUS
100
AcDbLine
 10
121.8896219999999886
 20
-142.5939869999999985
 30
0
 11
121.7943839999999938
 21
-142.7844629999999881
 31
0
  0
LINE
  5
E6F
330
1A
100
AcDbEntity
  8
BLACK
  6
CONTINUOUS
100
AcDbLine
 10
121.7943839999999938
 20
-142.7844629999999881
 30
0
 11
121.6991459999999989
 21
-142.8797019999999804
 31
0
  0
LINE
  5
E70
330
1A
100
AcDbEntity
  8
BLACK
  6
CONTINUOUS
100
AcDbLine
 10
121.6991459999999989
 20
-142.8797019999999804
 30
0
 11
121.5086699999999951
 21
-142.9749400000000037
 31
0
  0
LINE
  5
E71
330
1A
100
AcDbEntity
  8
BLACK
  6
CONTINUOUS
100
AcDbLine
 10
121.5086699999999951
 20
-142.9749400000000037
 30
0
 11
121.3181929999999937
 21
-142.9749400000000037
 31
0
  0
LINE
  5
E72
330
1A
100
AcDbEntity
  8
BLACK
  6
CONTINUOUS
100
AcDbLine
 10
121.3181929999999937
 20
-142.9749400000000037
 30
0
 11
121.1277169999999899
 21
-142.8797019999999804
 31
0
  0
LINE
  5
E73
330
1A
100
AcDbEntity
  8
BLACK
  6
CONTINUOUS
100
AcDbLine
 10
121.1277169999999899
 20
-142.8797019999999804
 30
0
 11
121.032478999999995
 21
-142.7844629999999881
 31
0
  0
LINE
  5
E74
330
1A
100
AcDbEntity
  8
BLACK
  6
CONTINUOUS
100
AcDbLine
 10
121.032478999999995
 20
-142.7844629999999881
 30
0
 11
120.9372410000000002
 21
-142.5939869999999985
 31
0
  0
LINE
  5
E75
330
1A
100
AcDbEntity
  8
BLACK
  6
CONTINUOUS
100
AcDbLine
 10
120.9372410000000002
 20
-142.5939869999999985
 30
0
 11
120.8420029999999912
 21
-142.2130349999999908
 31
0
  0
LINE
  5
E76
330
1A
100
AcDbEntity
  8
BLACK
  6
CONTINUOUS
100
AcDbLine
 10
120.8420029999999912
 20
-142.2130349999999908
 30
0
 11
120.8420029999999912
 21
-141.7368439999999907
 31
0
  0
LINE
  5
E77
330
1A
100
AcDbEntity
  8
BLACK
  6
CONTINUOUS
100
AcDbLine
 10
120.8420029999999912
 20
-141.7368439999999907
 30
0
 11
120.9372410000000002
 21
-141.355891999999983
 31
0
  0
LINE
  5
E78
330
1A
100
AcDbEntity
  8
BLACK
  6
CONTINUOUS
100
AcDbLine
 10
120.9372410000000002
 20
-141.355891999999983
 30
0
 11
121.032478999999995
 21
-141.1654159999999933
 31
0
  0
LINE
  5
E79
330
1A
100
AcDbEntity
  8
BLACK
  6
CONTINUOUS
100
AcDbLine
 10
121.032478999999995
 20
-141.1654159999999933
 30
0
 11
121.1277169999999899
 21
-141.0701779999999985
 31
0
  0
LINE
  5
E7A
330
1A
100
AcDbEntity
  8
BLACK
  6
CONTINUOUS
100
AcDbLine
 10
121.1277169999999899
 20
-141.0701779999999985
 30
0
 11
121.3181929999999937
 21
-140.9749400000000037
 31
0
  0
LINE
  5
E7B
330
1A
100
AcDbEntity
  8
BLACK
  6
CONTINUOUS
100
AcDbLine
 10
123.2229549999999989
 20
-140.9749400000000037
 30
0
 11
123.4134320000000002
 21
-140.9749400000000037
 31
0
  0
LINE
  5
E7C
330
1A
100
AcDbEntity
  8
BLACK
  6
CONTINUOUS
100
AcDbLine
 10
123.4134320000000002
 20
-140.9749400000000037
 30
0
 11
123.6039079999999899
 21
-141.0701779999999985
 31
0
  0
LINE
  5
E7D
330
1A
100
AcDbEntity
  8
BLACK
  6
CONTINUOUS
100
AcDbLine
 10
123.6039079999999899
 20
-141.0701779999999985
 30
0
 11
123.6991459999999989
 21
-141.1654159999999933
 31
0
  0
LINE
  5
E7E
330
1A
100
AcDbEntity
  8
BLACK
  6
CONTINUOUS
100
AcDbLine
 10
123.6991459999999989
 20
-141.1654159999999933
 30
0
 11
123.7943839999999938
 21
-141.355891999999983
 31
0
  0
LINE
  5
E7F
330
1A
100
AcDbEntity
  8
BLACK
  6
CONTINUOUS
100
AcDbLine
 10
123.7943839999999938
 20
-141.355891999999983
 30
0
 11
123.8896219999999886
 21
-141.7368439999999907
 31
0
  0
LINE
  5
E80
330
1A
100
AcDbEntity
  8
BLACK
  6
CONTINUOUS
100
AcDbLine
 10
123.8896219999999886
 20
-141.7368439999999907
 30
0
 11
123.8896219999999886
 21
-142.2130349999999908
 31
0
  0
LINE
  5
E81
330
1A
100
AcDbEntity
  8
BLACK
  6
CONTINUOUS
100
AcDbLine
 10
123.8896219999999886
 20
-142.2130349999999908
 30
0
 11
123.7943839999999938
 21
-142.5939869999999985
 31
0
  0
LINE
  5
E82
330
1A
100
AcDbEntity
  8
BLACK
  6
CONTINUOUS
100
AcDbLine
 10
123.7943839999999938
 20
-142.5939869999999985
 30
0
 11
123.6991459999999989
 21
-142.7844629999999881
 31
0
  0
LINE
  5
E83
330
1A
100
AcDbEntity
  8
BLACK
  6
CONTINUOUS
100
AcDbLine
 10
123.6991459999999989
 20
-142.7844629999999881
 30
0
 11
123.6039079999999899
 21
-142.8797019999999804
 31
0
  0
LINE
  5
E84
330
1A
100
AcDbEntity
  8
BLACK
  6
CONTINUOUS
100
AcDbLine
 10
123.6039079999999899
 20
-142.8797019999999804
 30
0
 11
123.4134320000000002
 21
-142.9749400000000037
 31
0
  0
LINE
  5
E85
330
1A
100
AcDbEntity
  8
BLACK
  6
CONTINUOUS
100
AcDbLine
 10
123.4134320000000002
 20
-142.9749400000000037
 30
0
 11
123.2229549999999989
 21
-142.9749400000000037
 31
0
  0
LINE
  5
E86
330
1A
100
AcDbEntity
  8
BLACK
  6
CONTINUOUS
100
AcDbLine
 10
123.2229549999999989
 20
-142.9749400000000037
 30
0
 11
123.032478999999995
 21
-142.8797019999999804
 31
0
  0
LINE
  5
E87
330
1A
100
AcDbEntity
  8
BLACK
  6
CONTINUOUS
100
AcDbLine
 10
123.032478999999995
 20
-142.8797019999999804
 30
0
 11
122.9372410000000002
 21
-142.7844629999999881
 31
0
  0
LINE
  5
E88
330
1A
100
AcDbEntity
  8
BLACK
  6
CONTINUOUS
100
AcDbLine
 10
122.9372410000000002
 20
-142.7844629999999881
 30
0
 11
122.8420029999999912
 21
-142.5939869999999985
 31
0
  0
LINE
  5
E89
330
1A
100
AcDbEntity
  8
BLACK
  6
CONTINUOUS
100
AcDbLine
 10
122.8420029999999912
 20
-142.5939869999999985
 30
0
 11
122.7467649999999963
 21
-142.2130349999999908
 31
0
  0
LINE
  5
E8A
330
1A
100
AcDbEntity
  8
BLACK
  6
CONTINUOUS
100
AcDbLine
 10
122.7467649999999963
 20
-142.2130349999999908
 30
0
 11
122.7467649999999963
 21
-141.7368439999999907
 31
0
  0
LINE
  5
E8B
330
1A
100
AcDbEntity
  8
BLACK
  6
CONTINUOUS
100
AcDbLine
 10
122.7467649999999963
 20
-141.7368439999999907
 30
0
 11
122.8420029999999912
 21
-141.355891999999983
 31
0
  0
LINE
  5
E8C
330
1A
100
AcDbEntity
  8
BLACK
  6
CONTINUOUS
100
AcDbLine
 10
122.8420029999999912
 20
-141.355891999999983
 30
0
 11
122.9372410000000002
 21
-141.1654159999999933
 31
0
  0
LINE
  5
E8D
330
1A
100
AcDbEntity
  8
BLACK
  6
CONTINUOUS
100
AcDbLine
 10
122.9372410000000002
 20
-141.1654159999999933
 30
0
 11
123.032478999999995
 21
-141.0701779999999985
 31
0
  0
LINE
  5
E8E
330
1A
100
AcDbEntity
  8
BLACK
  6
CONTINUOUS
100
AcDbLine
 10
123.032478999999995
 20
-141.0701779999999985
 30
0
 11
123.2229549999999989
 21
-140.9749400000000037
 31
0
  0
LINE
  5
E8F
330
1A
100
AcDbEntity
  8
BLACK
  6
CONTINUOUS
100
AcDbLine
 10
124.7467649999999963
 20
-142.9749400000000037
 30
0
 11
124.7467649999999963
 21
-141.6416059999999959
 31
0
  0
LINE
  5
E90
330
1A
100
AcDbEntity
  8
BLACK
  6
CONTINUOUS
100
AcDbLine
 10
124.7467649999999963
 20
-141.8320819999999856
 30
0
 11
124.8420029999999912
 21
-141.7368439999999907
 31
0
  0
LINE
  5
E91
330
1A
100
AcDbEntity
  8
BLACK
  6
CONTINUOUS
100
AcDbLine
 10
124.8420029999999912
 20
-141.7368439999999907
 30
0
 11
125.032478999999995
 21
-141.6416059999999959
 31
0
  0
LINE
  5
E92
330
1A
100
AcDbEntity
  8
BLACK
  6
CONTINUOUS
100
AcDbLine
 10
125.032478999999995
 20
-141.6416059999999959
 30
0
 11
125.3181939999999912
 21
-141.6416059999999959
 31
0
  0
LINE
  5
E93
330
1A
100
AcDbEntity
  8
BLACK
  6
CONTINUOUS
100
AcDbLine
 10
125.3181939999999912
 20
-141.6416059999999959
 30
0
 11
125.5086699999999951
 21
-141.7368439999999907
 31
0
  0
LINE
  5
E94
330
1A
100
AcDbEntity
  8
BLACK
  6
CONTINUOUS
100
AcDbLine
 10
125.5086699999999951
 20
-141.7368439999999907
 30
0
 11
125.6039079999999899
 21
-141.9273210000000063
 31
0
  0
LINE
  5
E95
330
1A
100
AcDbEntity
  8
BLACK
  6
CONTINUOUS
100
AcDbLine
 10
125.6039079999999899
 20
-141.9273210000000063
 30
0
 11
125.6039079999999899
 21
-142.9749400000000037
 31
0
  0
LINE
  5
E96
330
1A
100
AcDbEntity
  8
BLACK
  6
CONTINUOUS
100
AcDbLine
 10
125.6039079999999899
 20
-141.9273210000000063
 30
0
 11
125.6991459999999989
 21
-141.7368439999999907
 31
0
  0
LINE
  5
E97
330
1A
100
AcDbEntity
  8
BLACK
  6
CONTINUOUS
100
AcDbLine
 10
125.6991459999999989
 20
-141.7368439999999907
 30
0
 11
125.8896219999999886
 21
-141.6416059999999959
 31
0
  0
LINE
  5
E98
330
1A
100
AcDbEntity
  8
BLACK
  6
CONTINUOUS
100
AcDbLine
 10
125.8896219999999886
 20
-141.6416059999999959
 30
0
 11
126.1753359999999873
 21
-141.6416059999999959
 31
0
  0
LINE
  5
E99
330
1A
100
AcDbEntity
  8
BLACK
  6
CONTINUOUS
100
AcDbLine
 10
126.1753359999999873
 20
-141.6416059999999959
 30
0
 11
126.3658129999999886
 21
-141.7368439999999907
 31
0
  0
LINE
  5
E9A
330
1A
100
AcDbEntity
  8
BLACK
  6
CONTINUOUS
100
AcDbLine
 10
126.3658129999999886
 20
-141.7368439999999907
 30
0
 11
126.4610509999999977
 21
-141.9273210000000063
 31
0
  0
LINE
  5
E9B
330
1A
100
AcDbEntity
  8
BLACK
  6
CONTINUOUS
100
AcDbLine
 10
126.4610509999999977
 20
-141.9273210000000063
 30
0
 11
126.4610509999999977
 21
-142.9749400000000037
 31
0
  0
LINE
  5
E9C
330
1A
100
AcDbEntity
  8
BLACK
  6
CONTINUOUS
100
AcDbLine
 10
127.4134320000000002
 20
-142.9749400000000037
 30
0
 11
127.4134320000000002
 21
-141.6416059999999959
 31
0
  0
LINE
  5
E9D
330
1A
100
AcDbEntity
  8
BLACK
  6
CONTINUOUS
100
AcDbLine
 10
127.4134320000000002
 20
-141.8320819999999856
 30
0
 11
127.5086699999999951
 21
-141.7368439999999907
 31
0
  0
LINE
  5
E9E
330
1A
100
AcDbEntity
  8
BLACK
  6
CONTINUOUS
100
AcDbLine
 10
127.5086699999999951
 20
-141.7368439999999907
 30
0
 11
127.6991459999999989
 21
-141.6416059999999959
 31
0
  0
LINE
  5
E9F
330
1A
100
AcDbEntity
  8
BLACK
  6
CONTINUOUS
100
AcDbLine
 10
127.6991459999999989
 20
-141.6416059999999959
 30
0
 11
127.9848609999999951
 21
-141.6416059999999959
 31
0
  0
LINE
  5
EA0
330
1A
100
AcDbEntity
  8
BLACK
  6
CONTINUOUS
100
AcDbLine
 10
127.9848609999999951
 20
-141.6416059999999959
 30
0
 11
128.1753369999999848
 21
-141.7368439999999907
 31
0
  0
LINE
  5
EA1
330
1A
100
AcDbEntity
  8
BLACK
  6
CONTINUOUS
100
AcDbLine
 10
128.1753369999999848
 20
-141.7368439999999907
 30
0
 11
128.270575000000008
 21
-141.9273210000000063
 31
0
  0
LINE
  5
EA2
330
1A
100
AcDbEntity
  8
BLACK
  6
CONTINUOUS
100
AcDbLine
 10
128.270575000000008
 20
-141.9273210000000063
 30
0
 11
128.270575000000008
 21
-142.9749400000000037
 31
0
  0
LINE
  5
EA3
330
1A
100
AcDbEntity
  8
BLACK
  6
CONTINUOUS
100
AcDbLine
 10
128.270575000000008
 20
-141.9273210000000063
 30
0
 11
128.3658130000000028
 21
-141.7368439999999907
 31
0
  0
LINE
  5
EA4
330
1A
100
AcDbEntity
  8
BLACK
  6
CONTINUOUS
100
AcDbLine
 10
128.3658130000000028
 20
-141.7368439999999907
 30
0
 11
128.5562889999999925
 21
-141.6416059999999959
 31
0
  0
LINE
  5
EA5
330
1A
100
AcDbEntity
  8
BLACK
  6
CONTINUOUS
100
AcDbLine
 10
128.5562889999999925
 20
-141.6416059999999959
 30
0
 11
128.8420030000000054
 21
-141.6416059999999959
 31
0
  0
LINE
  5
EA6
330
1A
100
AcDbEntity
  8
BLACK
  6
CONTINUOUS
100
AcDbLine
 10
128.8420030000000054
 20
-141.6416059999999959
 30
0
 11
129.0324799999999925
 21
-141.7368439999999907
 31
0
  0
LINE
  5
EA7
330
1A
100
AcDbEntity
  8
BLACK
  6
CONTINUOUS
100
AcDbLine
 10
129.0324799999999925
 20
-141.7368439999999907
 30
0
 11
129.1277179999999873
 21
-141.9273210000000063
 31
0
  0
LINE
  5
EA8
330
1A
100
AcDbEntity
  8
BLACK
  6
CONTINUOUS
100
AcDbLine
 10
129.1277179999999873
 20
-141.9273210000000063
 30
0
 11
129.1277179999999873
 21
-142.9749400000000037
 31
0
  0
LINE
  5
EA9
330
1A
100
AcDbEntity
  8
BLACK
  6
CONTINUOUS
100
AcDbLine
 10
133.0324799999999925
 20
-140.8797019999999804
 30
0
 11
131.3181950000000029
 21
-143.4511300000000062
 31
0
  0
LINE
  5
EAA
330
1A
100
AcDbEntity
  8
BLACK
  6
CONTINUOUS
100
AcDbLine
 10
135.6039089999999874
 20
-140.9749400000000037
 30
0
 11
135.7943860000000029
 21
-140.9749400000000037
 31
0
  0
LINE
  5
EAB
330
1A
100
AcDbEntity
  8
BLACK
  6
CONTINUOUS
100
AcDbLine
 10
135.7943860000000029
 20
-140.9749400000000037
 30
0
 11
135.9848619999999926
 21
-141.0701779999999985
 31
0
  0
LINE
  5
EAC
330
1A
100
AcDbEntity
  8
BLACK
  6
CONTINUOUS
100
AcDbLine
 10
135.9848619999999926
 20
-141.0701779999999985
 30
0
 11
136.0800999999999874
 21
-141.1654159999999933
 31
0
  0
LINE
  5
EAD
330
1A
100
AcDbEntity
  8
BLACK
  6
CONTINUOUS
100
AcDbLine
 10
136.0800999999999874
 20
-141.1654159999999933
 30
0
 11
136.1753379999999822
 21
-141.355891999999983
 31
0
  0
LINE
  5
EAE
330
1A
100
AcDbEntity
  8
BLACK
  6
CONTINUOUS
100
AcDbLine
 10
136.1753379999999822
 20
-141.355891999999983
 30
0
 11
136.2705760000000055
 21
-141.7368439999999907
 31
0
  0
LINE
  5
EAF
330
1A
100
AcDbEntity
  8
BLACK
  6
CONTINUOUS
100
AcDbLine
 10
136.2705760000000055
 20
-141.7368439999999907
 30
0
 11
136.2705760000000055
 21
-142.2130349999999908
 31
0
  0
LINE
  5
EB0
330
1A
100
AcDbEntity
  8
BLACK
  6
CONTINUOUS
100
AcDbLine
 10
136.2705760000000055
 20
-142.2130349999999908
 30
0
 11
136.1753379999999822
 21
-142.5939869999999985
 31
0
  0
LINE
  5
EB1
330
1A
100
AcDbEntity
  8
BLACK
  6
CONTINUOUS
100
AcDbLine
 10
136.1753379999999822
 20
-142.5939869999999985
 30
0
 11
136.0800999999999874
 21
-142.7844629999999881
 31
0
  0
LINE
  5
EB2
330
1A
100
AcDbEntity
  8
BLACK
  6
CONTINUOUS
100
AcDbLine
 10
136.0800999999999874
 20
-142.7844629999999881
 30
0
 11
135.9848619999999926
 21
-142.8797019999999804
 31
0
  0
LINE
  5
EB3
330
1A
100
AcDbEntity
  8
BLACK
  6
CONTINUOUS
100
AcDbLine
 10
135.9848619999999926
 20
-142.8797019999999804
 30
0
 11
135.7943860000000029
 21
-142.9749400000000037
 31
0
  0
LINE
  5
EB4
330
1A
100
AcDbEntity
  8
BLACK
  6
CONTINUOUS
100
AcDbLine
 10
135.7943860000000029
 20
-142.9749400000000037
 30
0
 11
135.6039089999999874
 21
-142.9749400000000037
 31
0
  0
LINE
  5
EB5
330
1A
100
AcDbEntity
  8
BLACK
  6
CONTINUOUS
100
AcDbLine
 10
135.6039089999999874
 20
-142.9749400000000037
 30
0
 11
135.4134329999999977
 21
-142.8797019999999804
 31
0
  0
LINE
  5
EB6
330
1A
100
AcDbEntity
  8
BLACK
  6
CONTINUOUS
100
AcDbLine
 10
135.4134329999999977
 20
-142.8797019999999804
 30
0
 11
135.3181950000000029
 21
-142.7844629999999881
 31
0
  0
LINE
  5
EB7
330
1A
100
AcDbEntity
  8
BLACK
  6
CONTINUOUS
100
AcDbLine
 10
135.3181950000000029
 20
-142.7844629999999881
 30
0
 11
135.2229570000000081
 21
-142.5939869999999985
 31
0
  0
LINE
  5
EB8
330
1A
100
AcDbEntity
  8
BLACK
  6
CONTINUOUS
100
AcDbLine
 10
135.2229570000000081
 20
-142.5939869999999985
 30
0
 11
135.1277189999999848
 21
-142.2130349999999908
 31
0
  0
LINE
  5
EB9
330
1A
100
AcDbEntity
  8
BLACK
  6
CONTINUOUS
100
AcDbLine
 10
135.1277189999999848
 20
-142.2130349999999908
 30
0
 11
135.1277189999999848
 21
-141.7368439999999907
 31
0
  0
LINE
  5
EBA
330
1A
100
AcDbEntity
  8
BLACK
  6
CONTINUOUS
100
AcDbLine
 10
135.1277189999999848
 20
-141.7368439999999907
 30
0
 11
135.2229570000000081
 21
-141.355891999999983
 31
0
  0
LINE
  5
EBB
330
1A
100
AcDbEntity
  8
BLACK
  6
CONTINUOUS
100
AcDbLine
 10
135.2229570000000081
 20
-141.355891999999983
 30
0
 11
135.3181950000000029
 21
-141.1654159999999933
 31
0
  0
LINE
  5
EBC
330
1A
100
AcDbEntity
  8
BLACK
  6
CONTINUOUS
100
AcDbLine
 10
135.3181950000000029
 20
-141.1654159999999933
 30
0
 11
135.4134329999999977
 21
-141.0701779999999985
 31
0
  0
LINE
  5
EBD
330
1A
100
AcDbEntity
  8
BLACK
  6
CONTINUOUS
100
AcDbLine
 10
135.4134329999999977
 20
-141.0701779999999985
 30
0
 11
135.6039089999999874
 21
-140.9749400000000037
 31
0
  0
LINE
  5
EBE
330
1A
100
AcDbEntity
  8
BLACK
  6
CONTINUOUS
100
AcDbLine
 10
137.1277189999999848
 20
-142.7844629999999881
 30
0
 11
137.2229569999999796
 21
-142.8797019999999804
 31
0
  0
LINE
  5
EBF
330
1A
100
AcDbEntity
  8
BLACK
  6
CONTINUOUS
100
AcDbLine
 10
137.2229569999999796
 20
-142.8797019999999804
 30
0
 11
137.1277189999999848
 21
-142.9749400000000037
 31
0
  0
LINE
  5
EC0
330
1A
100
AcDbEntity
  8
BLACK
  6
CONTINUOUS
100
AcDbLine
 10
137.1277189999999848
 20
-142.9749400000000037
 30
0
 11
137.03248099999999
 21
-142.8797019999999804
 31
0
  0
LINE
  5
EC1
330
1A
100
AcDbEntity
  8
BLACK
  6
CONTINUOUS
100
AcDbLine
 10
137.03248099999999
 20
-142.8797019999999804
 30
0
 11
137.1277189999999848
 21
-142.7844629999999881
 31
0
  0
LINE
  5
EC2
330
1A
100
AcDbEntity
  8
BLACK
  6
CONTINUOUS
100
AcDbLine
 10
137.1277189999999848
 20
-142.7844629999999881
 30
0
 11
137.1277189999999848
 21
-142.9749400000000037
 31
0
  0
LINE
  5
EC3
330
1A
100
AcDbEntity
  8
BLACK
  6
CONTINUOUS
100
AcDbLine
 10
138.4610519999999951
 20
-140.9749400000000037
 30
0
 11
138.6515289999999823
 21
-140.9749400000000037
 31
0
  0
LINE
  5
EC4
330
1A
100
AcDbEntity
  8
BLACK
  6
CONTINUOUS
100
AcDbLine
 10
138.6515289999999823
 20
-140.9749400000000037
 30
0
 11
138.8420050000000003
 21
-141.0701779999999985
 31
0
  0
LINE
  5
EC5
330
1A
100
AcDbEntity
  8
BLACK
  6
CONTINUOUS
100
AcDbLine
 10
138.8420050000000003
 20
-141.0701779999999985
 30
0
 11
138.9372429999999952
 21
-141.1654159999999933
 31
0
  0
LINE
  5
EC6
330
1A
100
AcDbEntity
  8
BLACK
  6
CONTINUOUS
100
AcDbLine
 10
138.9372429999999952
 20
-141.1654159999999933
 30
0
 11
139.03248099999999
 21
-141.355891999999983
 31
0
  0
LINE
  5
EC7
330
1A
100
AcDbEntity
  8
BLACK
  6
CONTINUOUS
100
AcDbLine
 10
139.03248099999999
 20
-141.355891999999983
 30
0
 11
139.1277189999999848
 21
-141.7368439999999907
 31
0
  0
LINE
  5
EC8
330
1A
100
AcDbEntity
  8
BLACK
  6
CONTINUOUS
100
AcDbLine
 10
139.1277189999999848
 20
-141.7368439999999907
 30
0
 11
139.1277189999999848
 21
-142.2130349999999908
 31
0
  0
LINE
  5
EC9
330
1A
100
AcDbEntity
  8
BLACK
  6
CONTINUOUS
100
AcDbLine
 10
139.1277189999999848
 20
-142.2130349999999908
 30
0
 11
139.03248099999999
 21
-142.5939869999999985
 31
0
  0
LINE
  5
ECA
330
1A
100
AcDbEntity
  8
BLACK
  6
CONTINUOUS
100
AcDbLine
 10
139.03248099999999
 20
-142.5939869999999985
 30
0
 11
138.9372429999999952
 21
-142.7844629999999881
 31
0
  0
LINE
  5
ECB
330
1A
100
AcDbEntity
  8
BLACK
  6
CONTINUOUS
100
AcDbLine
 10
138.9372429999999952
 20
-142.7844629999999881
 30
0
 11
138.8420050000000003
 21
-142.8797019999999804
 31
0
  0
LINE
  5
ECC
330
1A
100
AcDbEntity
  8
BLACK
  6
CONTINUOUS
100
AcDbLine
 10
138.8420050000000003
 20
-142.8797019999999804
 30
0
 11
138.6515289999999823
 21
-142.9749400000000037
 31
0
  0
LINE
  5
ECD
330
1A
100
AcDbEntity
  8
BLACK
  6
CONTINUOUS
100
AcDbLine
 10
138.6515289999999823
 20
-142.9749400000000037
 30
0
 11
138.4610519999999951
 21
-142.9749400000000037
 31
0
  0
LINE
  5
ECE
330
1A
100
AcDbEntity
  8
BLACK
  6
CONTINUOUS
100
AcDbLine
 10
138.4610519999999951
 20
-142.9749400000000037
 30
0
 11
138.2705760000000055
 21
-142.8797019999999804
 31
0
  0
LINE
  5
ECF
330
1A
100
AcDbEntity
  8
BLACK
  6
CONTINUOUS
100
AcDbLine
 10
138.2705760000000055
 20
-142.8797019999999804
 30
0
 11
138.1753379999999822
 21
-142.7844629999999881
 31
0
  0
LINE
  5
ED0
330
1A
100
AcDbEntity
  8
BLACK
  6
CONTINUOUS
100
AcDbLine
 10
138.1753379999999822
 20
-142.7844629999999881
 30
0
 11
138.0800999999999874
 21
-142.5939869999999985
 31
0
  0
LINE
  5
ED1
330
1A
100
AcDbEntity
  8
BLACK
  6
CONTINUOUS
100
AcDbLine
 10
138.0800999999999874
 20
-142.5939869999999985
 30
0
 11
137.9848619999999926
 21
-142.2130349999999908
 31
0
  0
LINE
  5
ED2
330
1A
100
AcDbEntity
  8
BLACK
  6
CONTINUOUS
100
AcDbLine
 10
137.9848619999999926
 20
-142.2130349999999908
 30
0
 11
137.9848619999999926
 21
-141.7368439999999907
 31
0
  0
LINE
  5
ED3
330
1A
100
AcDbEntity
  8
BLACK
  6
CONTINUOUS
100
AcDbLine
 10
137.9848619999999926
 20
-141.7368439999999907
 30
0
 11
138.0800999999999874
 21
-141.355891999999983
 31
0
  0
LINE
  5
ED4
330
1A
100
AcDbEntity
  8
BLACK
  6
CONTINUOUS
100
AcDbLine
 10
138.0800999999999874
 20
-141.355891999999983
 30
0
 11
138.1753379999999822
 21
-141.1654159999999933
 31
0
  0
LINE
  5
ED5
330
1A
100
AcDbEntity
  8
BLACK
  6
CONTINUOUS
100
AcDbLine
 10
138.1753379999999822
 20
-141.1654159999999933
 30
0
 11
138.2705760000000055
 21
-141.0701779999999985
 31
0
  0
LINE
  5
ED6
330
1A
100
AcDbEntity
  8
BLACK
  6
CONTINUOUS
100
AcDbLine
 10
138.2705760000000055
 20
-141.0701779999999985
 30
0
 11
138.4610519999999951
 21
-140.9749400000000037
 31
0
  0
LINE
  5
ED7
330
1A
100
AcDbEntity
  8
BLACK
  6
CONTINUOUS
100
AcDbLine
 10
139.8896239999999977
 20
-141.1654159999999933
 30
0
 11
139.9848619999999926
 21
-141.0701779999999985
 31
0
  0
LINE
  5
ED8
330
1A
100
AcDbEntity
  8
BLACK
  6
CONTINUOUS
100
AcDbLine
 10
139.9848619999999926
 20
-141.0701779999999985
 30
0
 11
140.1753379999999822
 21
-140.9749400000000037
 31
0
  0
LINE
  5
ED9
330
1A
100
AcDbEntity
  8
BLACK
  6
CONTINUOUS
100
AcDbLine
 10
140.1753379999999822
 20
-140.9749400000000037
 30
0
 11
140.6515289999999823
 21
-140.9749400000000037
 31
0
  0
LINE
  5
EDA
330
1A
100
AcDbEntity
  8
BLACK
  6
CONTINUOUS
100
AcDbLine
 10
140.6515289999999823
 20
-140.9749400000000037
 30
0
 11
140.8420050000000003
 21
-141.0701779999999985
 31
0
  0
LINE
  5
EDB
330
1A
100
AcDbEntity
  8
BLACK
  6
CONTINUOUS
100
AcDbLine
 10
140.8420050000000003
 20
-141.0701779999999985
 30
0
 11
140.9372429999999952
 21
-141.1654159999999933
 31
0
  0
LINE
  5
EDC
330
1A
100
AcDbEntity
  8
BLACK
  6
CONTINUOUS
100
AcDbLine
 10
140.9372429999999952
 20
-141.1654159999999933
 30
0
 11
141.03248099999999
 21
-141.355891999999983
 31
0
  0
LINE
  5
EDD
330
1A
100
AcDbEntity
  8
BLACK
  6
CONTINUOUS
100
AcDbLine
 10
141.03248099999999
 20
-141.355891999999983
 30
0
 11
141.03248099999999
 21
-141.5463680000000011
 31
0
  0
LINE
  5
EDE
330
1A
100
AcDbEntity
  8
BLACK
  6
CONTINUOUS
100
AcDbLine
 10
141.03248099999999
 20
-141.5463680000000011
 30
0
 11
140.9372429999999952
 21
-141.8320819999999856
 31
0
  0
LINE
  5
EDF
330
1A
100
AcDbEntity
  8
BLACK
  6
CONTINUOUS
100
AcDbLine
 10
140.9372429999999952
 20
-141.8320819999999856
 30
0
 11
139.7943860000000029
 21
-142.9749400000000037
 31
0
  0
LINE
  5
EE0
330
1A
100
AcDbEntity
  8
BLACK
  6
CONTINUOUS
100
AcDbLine
 10
139.7943860000000029
 20
-142.9749400000000037
 30
0
 11
141.03248099999999
 21
-142.9749400000000037
 31
0
  0
LINE
  5
EE1
330
1A
100
AcDbEntity
  8
BLACK
  6
CONTINUOUS
100
AcDbLine
 10
141.6991479999999797
 20
-140.9749400000000037
 30
0
 11
142.9372429999999952
 21
-140.9749400000000037
 31
0
  0
LINE
  5
EE2
330
1A
100
AcDbEntity
  8
BLACK
  6
CONTINUOUS
100
AcDbLine
 10
142.9372429999999952
 20
-140.9749400000000037
 30
0
 11
142.2705760000000055
 21
-141.7368439999999907
 31
0
  0
LINE
  5
EE3
330
1A
100
AcDbEntity
  8
BLACK
  6
CONTINUOUS
100
AcDbLine
 10
142.2705760000000055
 20
-141.7368439999999907
 30
0
 11
142.5562909999999874
 21
-141.7368439999999907
 31
0
  0
LINE
  5
EE4
330
1A
100
AcDbEntity
  8
BLACK
  6
CONTINUOUS
100
AcDbLine
 10
142.5562909999999874
 20
-141.7368439999999907
 30
0
 11
142.7467670000000055
 21
-141.8320819999999856
 31
0
  0
LINE
  5
EE5
330
1A
100
AcDbEntity
  8
BLACK
  6
CONTINUOUS
100
AcDbLine
 10
142.7467670000000055
 20
-141.8320819999999856
 30
0
 11
142.8420050000000003
 21
-141.9273210000000063
 31
0
  0
LINE
  5
EE6
330
1A
100
AcDbEntity
  8
BLACK
  6
CONTINUOUS
100
AcDbLine
 10
142.8420050000000003
 20
-141.9273210000000063
 30
0
 11
142.9372429999999952
 21
-142.1177969999999959
 31
0
  0
LINE
  5
EE7
330
1A
100
AcDbEntity
  8
BLACK
  6
CONTINUOUS
100
AcDbLine
 10
142.9372429999999952
 20
-142.1177969999999959
 30
0
 11
142.9372429999999952
 21
-142.5939869999999985
 31
0
  0
LINE
  5
EE8
330
1A
100
AcDbEntity
  8
BLACK
  6
CONTINUOUS
100
AcDbLine
 10
142.9372429999999952
 20
-142.5939869999999985
 30
0
 11
142.8420050000000003
 21
-142.7844629999999881
 31
0
  0
LINE
  5
EE9
330
1A
100
AcDbEntity
  8
BLACK
  6
CONTINUOUS
100
AcDbLine
 10
142.8420050000000003
 20
-142.7844629999999881
 30
0
 11
142.7467670000000055
 21
-142.8797019999999804
 31
0
  0
LINE
  5
EEA
330
1A
100
AcDbEntity
  8
BLACK
  6
CONTINUOUS
100
AcDbLine
 10
142.7467670000000055
 20
-142.8797019999999804
 30
0
 11
142.5562909999999874
 21
-142.9749400000000037
 31
0
  0
LINE
  5
EEB
330
1A
100
AcDbEntity
  8
BLACK
  6
CONTINUOUS
100
AcDbLine
 10
142.5562909999999874
 20
-142.9749400000000037
 30
0
 11
141.9848619999999926
 21
-142.9749400000000037
 31
0
  0
LINE
  5
EEC
330
1A
100
AcDbEntity
  8
BLACK
  6
CONTINUOUS
100
AcDbLine
 10
141.9848619999999926
 20
-142.9749400000000037
 30
0
 11
141.7943860000000029
 21
-142.8797019999999804
 31
0
  0
LINE
  5
EED
330
1A
100
AcDbEntity
  8
BLACK
  6
CONTINUOUS
100
AcDbLine
 10
141.7943860000000029
 20
-142.8797019999999804
 30
0
 11
141.6991479999999797
 21
-142.7844629999999881
 31
0
  0
LINE
  5
EEE
330
1A
100
AcDbEntity
  8
BLACK
  6
CONTINUOUS
100
AcDbLine
 10
144.6515289999999823
 20
-140.9749400000000037
 30
0
 11
144.2705760000000055
 21
-140.9749400000000037
 31
0
  0
LINE
  5
EEF
330
1A
100
AcDbEntity
  8
BLACK
  6
CONTINUOUS
100
AcDbLine
 10
144.2705760000000055
 20
-140.9749400000000037
 30
0
 11
144.0800999999999874
 21
-141.0701779999999985
 31
0
  0
LINE
  5
EF0
330
1A
100
AcDbEntity
  8
BLACK
  6
CONTINUOUS
100
AcDbLine
 10
144.0800999999999874
 20
-141.0701779999999985
 30
0
 11
143.9848619999999926
 21
-141.1654159999999933
 31
0
  0
LINE
  5
EF1
330
1A
100
AcDbEntity
  8
BLACK
  6
CONTINUOUS
100
AcDbLine
 10
143.9848619999999926
 20
-141.1654159999999933
 30
0
 11
143.7943860000000029
 21
-141.4511300000000062
 31
0
  0
LINE
  5
EF2
330
1A
100
AcDbEntity
  8
BLACK
  6
CONTINUOUS
100
AcDbLine
 10
143.7943860000000029
 20
-141.4511300000000062
 30
0
 11
143.6991479999999797
 21
-141.8320819999999856
 31
0
  0
LINE
  5
EF3
330
1A
100
AcDbEntity
  8
BLACK
  6
CONTINUOUS
100
AcDbLine
 10
143.6991479999999797
 20
-141.8320819999999856
 30
0
 11
143.6991479999999797
 21
-142.5939869999999985
 31
0
  0
LINE
  5
EF4
330
1A
100
AcDbEntity
  8
BLACK
  6
CONTINUOUS
100
AcDbLine
 10
143.6991479999999797
 20
-142.5939869999999985
 30
0
 11
143.7943860000000029
 21
-142.7844629999999881
 31
0
  0
LINE
  5
EF5
330
1A
100
AcDbEntity
  8
BLACK
  6
CONTINUOUS
100
AcDbLine
 10
143.7943860000000029
 20
-142.7844629999999881
 30
0
 11
143.8896239999999977
 21
-142.8797019999999804
 31
0
  0
LINE
  5
EF6
330
1A
100
AcDbEntity
  8
BLACK
  6
CONTINUOUS
100
AcDbLine
 10
143.8896239999999977
 20
-142.8797019999999804
 30
0
 11
144.0800999999999874
 21
-142.9749400000000037
 31
0
  0
LINE
  5
EF7
330
1A
100
AcDbEntity
  8
BLACK
  6
CONTINUOUS
100
AcDbLine
 10
144.0800999999999874
 20
-142.9749400000000037
 30
0
 11
144.4610529999999926
 21
-142.9749400000000037
 31
0
  0
LINE
  5
EF8
330
1A
100
AcDbEntity
  8
BLACK
  6
CONTINUOUS
100
AcDbLine
 10
144.4610529999999926
 20
-142.9749400000000037
 30
0
 11
144.6515289999999823
 21
-142.8797019999999804
 31
0
  0
LINE
  5
EF9
330
1A
100
AcDbEntity
  8
BLACK
  6
CONTINUOUS
100
AcDbLine
 10
144.6515289999999823
 20
-142.8797019999999804
 30
0
 11
144.7467670000000055
 21
-142.7844629999999881
 31
0
  0
LINE
  5
EFA
330
1A
100
AcDbEntity
  8
BLACK
  6
CONTINUOUS
100
AcDbLine
 10
144.7467670000000055
 20
-142.7844629999999881
 30
0
 11
144.8420050000000003
 21
-142.5939869999999985
 31
0
  0
LINE
  5
EFB
330
1A
100
AcDbEntity
  8
BLACK
  6
CONTINUOUS
100
AcDbLine
 10
144.8420050000000003
 20
-142.5939869999999985
 30
0
 11
144.8420050000000003
 21
-142.1177969999999959
 31
0
  0
LINE
  5
EFC
330
1A
100
AcDbEntity
  8
BLACK
  6
CONTINUOUS
100
AcDbLine
 10
144.8420050000000003
 20
-142.1177969999999959
 30
0
 11
144.7467670000000055
 21
-141.9273210000000063
 31
0
  0
LINE
  5
EFD
330
1A
100
AcDbEntity
  8
BLACK
  6
CONTINUOUS
100
AcDbLine
 10
144.7467670000000055
 20
-141.9273210000000063
 30
0
 11
144.6515289999999823
 21
-141.8320819999999856
 31
0
  0
LINE
  5
EFE
330
1A
100
AcDbEntity
  8
BLACK
  6
CONTINUOUS
100
AcDbLine
 10
144.6515289999999823
 20
-141.8320819999999856
 30
0
 11
144.4610529999999926
 21
-141.7368439999999907
 31
0
  0
LINE
  5
EFF
330
1A
100
AcDbEntity
  8
BLACK
  6
CONTINUOUS
100
AcDbLine
 10
144.4610529999999926
 20
-141.7368439999999907
 30
0
 11
144.0800999999999874
 21
-141.7368439999999907
 31
0
  0
LINE
  5
F00
330
1A
100
AcDbEntity
  8
BLACK
  6
CONTINUOUS
100
AcDbLine
 10
144.0800999999999874
 20
-141.7368439999999907
 30
0
 11
143.8896239999999977
 21
-141.8320819999999856
 31
0
  0
LINE
  5
F01
330
1A
100
AcDbEntity
  8
BLACK
  6
CONTINUOUS
100
AcDbLine
 10
143.8896239999999977
 20
-141.8320819999999856
 30
0
 11
143.7943860000000029
 21
-141.9273210000000063
 31
0
  0
LINE
  5
F02
330
1A
100
AcDbEntity
  8
BLACK
  6
CONTINUOUS
100
AcDbLine
 10
143.7943860000000029
 20
-141.9273210000000063
 30
0
 11
143.6991479999999797
 21
-142.1177969999999959
 31
0
  0
LINE
  5
F03
330
1A
100
AcDbEntity
  8
BLACK
  6
CONTINUOUS
100
AcDbLine
 10
145.6039099999999848
 20
-140.9749400000000037
 30
0
 11
145.6039099999999848
 21
-141.355891999999983
 31
0
  0
LINE
  5
F04
330
1A
100
AcDbEntity
  8
BLACK
  6
CONTINUOUS
100
AcDbLine
 10
146.3658149999999978
 20
-140.9749400000000037
 30
0
 11
146.3658149999999978
 21
-141.355891999999983
 31
0
  0
LINE
  5
F05
330
1A
100
AcDbEntity
  8
BLACK
  6
CONTINUOUS
100
AcDbLine
 10
149.3181969999999978
 20
-143.7368439999999907
 30
0
 11
149.2229580000000055
 21
-143.6416059999999959
 31
0
  0
LINE
  5
F06
330
1A
100
AcDbEntity
  8
BLACK
  6
CONTINUOUS
100
AcDbLine
 10
149.2229580000000055
 20
-143.6416059999999959
 30
0
 11
149.0324819999999875
 21
-143.355891999999983
 31
0
  0
LINE
  5
F07
330
1A
100
AcDbEntity
  8
BLACK
  6
CONTINUOUS
100
AcDbLine
 10
149.0324819999999875
 20
-143.355891999999983
 30
0
 11
148.9372439999999926
 21
-143.1654159999999933
 31
0
  0
LINE
  5
F08
330
1A
100
AcDbEntity
  8
BLACK
  6
CONTINUOUS
100
AcDbLine
 10
148.9372439999999926
 20
-143.1654159999999933
 30
0
 11
148.8420059999999978
 21
-142.8797019999999804
 31
0
  0
LINE
  5
F09
330
1A
100
AcDbEntity
  8
BLACK
  6
CONTINUOUS
100
AcDbLine
 10
148.8420059999999978
 20
-142.8797019999999804
 30
0
 11
148.746768000000003
 21
-142.4035109999999804
 31
0
  0
LINE
  5
F0A
330
1A
100
AcDbEntity
  8
BLACK
  6
CONTINUOUS
100
AcDbLine
 10
148.746768000000003
 20
-142.4035109999999804
 30
0
 11
148.746768000000003
 21
-142.0225590000000011
 31
0
  0
LINE
  5
F0B
330
1A
100
AcDbEntity
  8
BLACK
  6
CONTINUOUS
100
AcDbLine
 10
148.746768000000003
 20
-142.0225590000000011
 30
0
 11
148.8420059999999978
 21
-141.5463680000000011
 31
0
  0
LINE
  5
F0C
330
1A
100
AcDbEntity
  8
BLACK
  6
CONTINUOUS
100
AcDbLine
 10
148.8420059999999978
 20
-141.5463680000000011
 30
0
 11
148.9372439999999926
 21
-141.2606539999999882
 31
0
  0
LINE
  5
F0D
330
1A
100
AcDbEntity
  8
BLACK
  6
CONTINUOUS
100
AcDbLine
 10
148.9372439999999926
 20
-141.2606539999999882
 30
0
 11
149.0324819999999875
 21
-141.0701779999999985
 31
0
  0
LINE
  5
F0E
330
1A
100
AcDbEntity
  8
BLACK
  6
CONTINUOUS
100
AcDbLine
 10
149.0324819999999875
 20
-141.0701779999999985
 30
0
 11
149.2229580000000055
 21
-140.7844629999999881
 31
0
  0
LINE
  5
F0F
330
1A
100
AcDbEntity
  8
BLACK
  6
CONTINUOUS
100
AcDbLine
 10
149.2229580000000055
 20
-140.7844629999999881
 30
0
 11
149.3181969999999978
 21
-140.6892249999999933
 31
0
  0
LINE
  5
F10
330
1A
100
AcDbEntity
  8
BLACK
  6
CONTINUOUS
100
AcDbLine
 10
150.4610529999999926
 20
-140.9749400000000037
 30
0
 11
150.6515299999999797
 21
-140.9749400000000037
 31
0
  0
LINE
  5
F11
330
1A
100
AcDbEntity
  8
BLACK
  6
CONTINUOUS
100
AcDbLine
 10
150.6515299999999797
 20
-140.9749400000000037
 30
0
 11
150.8420059999999978
 21
-141.0701779999999985
 31
0
  0
LINE
  5
F12
330
1A
100
AcDbEntity
  8
BLACK
  6
CONTINUOUS
100
AcDbLine
 10
150.8420059999999978
 20
-141.0701779999999985
 30
0
 11
150.9372439999999926
 21
-141.1654159999999933
 31
0
  0
LINE
  5
F13
330
1A
100
AcDbEntity
  8
BLACK
  6
CONTINUOUS
100
AcDbLine
 10
150.9372439999999926
 20
-141.1654159999999933
 30
0
 11
151.0324819999999875
 21
-141.355891999999983
 31
0
  0
LINE
  5
F14
330
1A
100
AcDbEntity
  8
BLACK
  6
CONTINUOUS
100
AcDbLine
 10
151.0324819999999875
 20
-141.355891999999983
 30
0
 11
151.1277199999999823
 21
-141.7368439999999907
 31
0
  0
LINE
  5
F15
330
1A
100
AcDbEntity
  8
BLACK
  6
CONTINUOUS
100
AcDbLine
 10
151.1277199999999823
 20
-141.7368439999999907
 30
0
 11
151.1277199999999823
 21
-142.2130349999999908
 31
0
  0
LINE
  5
F16
330
1A
100
AcDbEntity
  8
BLACK
  6
CONTINUOUS
100
AcDbLine
 10
151.1277199999999823
 20
-142.2130349999999908
 30
0
 11
151.0324819999999875
 21
-142.5939869999999985
 31
0
  0
LINE
  5
F17
330
1A
100
AcDbEntity
  8
BLACK
  6
CONTINUOUS
100
AcDbLine
 10
151.0324819999999875
 20
-142.5939869999999985
 30
0
 11
150.9372439999999926
 21
-142.7844629999999881
 31
0
  0
LINE
  5
F18
330
1A
100
AcDbEntity
  8
BLACK
  6
CONTINUOUS
100
AcDbLine
 10
150.9372439999999926
 20
-142.7844629999999881
 30
0
 11
150.8420059999999978
 21
-142.8797019999999804
 31
0
  0
LINE
  5
F19
330
1A
100
AcDbEntity
  8
BLACK
  6
CONTINUOUS
100
AcDbLine
 10
150.8420059999999978
 20
-142.8797019999999804
 30
0
 11
150.6515299999999797
 21
-142.9749400000000037
 31
0
  0
LINE
  5
F1A
330
1A
100
AcDbEntity
  8
BLACK
  6
CONTINUOUS
100
AcDbLine
 10
150.6515299999999797
 20
-142.9749400000000037
 30
0
 11
150.4610529999999926
 21
-142.9749400000000037
 31
0
  0
LINE
  5
F1B
330
1A
100
AcDbEntity
  8
BLACK
  6
CONTINUOUS
100
AcDbLine
 10
150.4610529999999926
 20
-142.9749400000000037
 30
0
 11
150.270577000000003
 21
-142.8797019999999804
 31
0
  0
LINE
  5
F1C
330
1A
100
AcDbEntity
  8
BLACK
  6
CONTINUOUS
100
AcDbLine
 10
150.270577000000003
 20
-142.8797019999999804
 30
0
 11
150.1753389999999797
 21
-142.7844629999999881
 31
0
  0
LINE
  5
F1D
330
1A
100
AcDbEntity
  8
BLACK
  6
CONTINUOUS
100
AcDbLine
 10
150.1753389999999797
 20
-142.7844629999999881
 30
0
 11
150.0801009999999849
 21
-142.5939869999999985
 31
0
  0
LINE
  5
F1E
330
1A
100
AcDbEntity
  8
BLACK
  6
CONTINUOUS
100
AcDbLine
 10
150.0801009999999849
 20
-142.5939869999999985
 30
0
 11
149.9848629999999901
 21
-142.2130349999999908
 31
0
  0
LINE
  5
F1F
330
1A
100
AcDbEntity
  8
BLACK
  6
CONTINUOUS
100
AcDbLine
 10
149.9848629999999901
 20
-142.2130349999999908
 30
0
 11
149.9848629999999901
 21
-141.7368439999999907
 31
0
  0
LINE
  5
F20
330
1A
100
AcDbEntity
  8
BLACK
  6
CONTINUOUS
100
AcDbLine
 10
149.9848629999999901
 20
-141.7368439999999907
 30
0
 11
150.0801009999999849
 21
-141.355891999999983
 31
0
  0
LINE
  5
F21
330
1A
100
AcDbEntity
  8
BLACK
  6
CONTINUOUS
100
AcDbLine
 10
150.0801009999999849
 20
-141.355891999999983
 30
0
 11
150.1753389999999797
 21
-141.1654159999999933
 31
0
  0
LINE
  5
F22
330
1A
100
AcDbEntity
  8
BLACK
  6
CONTINUOUS
100
AcDbLine
 10
150.1753389999999797
 20
-141.1654159999999933
 30
0
 11
150.270577000000003
 21
-141.0701779999999985
 31
0
  0
LINE
  5
F23
330
1A
100
AcDbEntity
  8
BLACK
  6
CONTINUOUS
100
AcDbLine
 10
150.270577000000003
 20
-141.0701779999999985
 30
0
 11
150.4610529999999926
 21
-140.9749400000000037
 31
0
  0
LINE
  5
F24
330
1A
100
AcDbEntity
  8
BLACK
  6
CONTINUOUS
100
AcDbLine
 10
153.5086729999999875
 20
-142.9749400000000037
 30
0
 11
153.5086729999999875
 21
-140.9749400000000037
 31
0
  0
LINE
  5
F25
330
1A
100
AcDbEntity
  8
BLACK
  6
CONTINUOUS
100
AcDbLine
 10
154.3658159999999953
 20
-142.9749400000000037
 30
0
 11
154.3658159999999953
 21
-141.9273210000000063
 31
0
  0
LINE
  5
F26
330
1A
100
AcDbEntity
  8
BLACK
  6
CONTINUOUS
100
AcDbLine
 10
154.3658159999999953
 20
-141.9273210000000063
 30
0
 11
154.2705780000000004
 21
-141.7368439999999907
 31
0
  0
LINE
  5
F27
330
1A
100
AcDbEntity
  8
BLACK
  6
CONTINUOUS
100
AcDbLine
 10
154.2705780000000004
 20
-141.7368439999999907
 30
0
 11
154.0801019999999824
 21
-141.6416059999999959
 31
0
  0
LINE
  5
F28
330
1A
100
AcDbEntity
  8
BLACK
  6
CONTINUOUS
100
AcDbLine
 10
154.0801019999999824
 20
-141.6416059999999959
 30
0
 11
153.7943870000000004
 21
-141.6416059999999959
 31
0
  0
LINE
  5
F29
330
1A
100
AcDbEntity
  8
BLACK
  6
CONTINUOUS
100
AcDbLine
 10
153.7943870000000004
 20
-141.6416059999999959
 30
0
 11
153.6039109999999823
 21
-141.7368439999999907
 31
0
  0
LINE
  5
F2A
330
1A
100
AcDbEntity
  8
BLACK
  6
CONTINUOUS
100
AcDbLine
 10
153.6039109999999823
 20
-141.7368439999999907
 30
0
 11
153.5086729999999875
 21
-141.8320819999999856
 31
0
  0
LINE
  5
F2B
330
1A
100
AcDbEntity
  8
BLACK
  6
CONTINUOUS
100
AcDbLine
 10
155.6039109999999823
 20
-142.9749400000000037
 30
0
 11
155.4134349999999927
 21
-142.8797019999999804
 31
0
  0
LINE
  5
F2C
330
1A
100
AcDbEntity
  8
BLACK
  6
CONTINUOUS
100
AcDbLine
 10
155.4134349999999927
 20
-142.8797019999999804
 30
0
 11
155.3181969999999978
 21
-142.7844629999999881
 31
0
  0
LINE
  5
F2D
330
1A
100
AcDbEntity
  8
BLACK
  6
CONTINUOUS
100
AcDbLine
 10
155.3181969999999978
 20
-142.7844629999999881
 30
0
 11
155.222959000000003
 21
-142.5939869999999985
 31
0
  0
LINE
  5
F2E
330
1A
100
AcDbEntity
  8
BLACK
  6
CONTINUOUS
100
AcDbLine
 10
155.222959000000003
 20
-142.5939869999999985
 30
0
 11
155.222959000000003
 21
-142.0225590000000011
 31
0
  0
LINE
  5
F2F
330
1A
100
AcDbEntity
  8
BLACK
  6
CONTINUOUS
100
AcDbLine
 10
155.222959000000003
 20
-142.0225590000000011
 30
0
 11
155.3181969999999978
 21
-141.8320819999999856
 31
0
  0
LINE
  5
F30
330
1A
100
AcDbEntity
  8
BLACK
  6
CONTINUOUS
100
AcDbLine
 10
155.3181969999999978
 20
-141.8320819999999856
 30
0
 11
155.4134349999999927
 21
-141.7368439999999907
 31
0
  0
LINE
  5
F31
330
1A
100
AcDbEntity
  8
BLACK
  6
CONTINUOUS
100
AcDbLine
 10
155.4134349999999927
 20
-141.7368439999999907
 30
0
 11
155.6039109999999823
 21
-141.6416059999999959
 31
0
  0
LINE
  5
F32
330
1A
100
AcDbEntity
  8
BLACK
  6
CONTINUOUS
100
AcDbLine
 10
155.6039109999999823
 20
-141.6416059999999959
 30
0
 11
155.8896259999999927
 21
-141.6416059999999959
 31
0
  0
LINE
  5
F33
330
1A
100
AcDbEntity
  8
BLACK
  6
CONTINUOUS
100
AcDbLine
 10
155.8896259999999927
 20
-141.6416059999999959
 30
0
 11
156.0801019999999824
 21
-141.7368439999999907
 31
0
  0
LINE
  5
F34
330
1A
100
AcDbEntity
  8
BLACK
  6
CONTINUOUS
100
AcDbLine
 10
156.0801019999999824
 20
-141.7368439999999907
 30
0
 11
156.1753400000000056
 21
-141.8320819999999856
 31
0
  0
LINE
  5
F35
330
1A
100
AcDbEntity
  8
BLACK
  6
CONTINUOUS
100
AcDbLine
 10
156.1753400000000056
 20
-141.8320819999999856
 30
0
 11
156.2705780000000004
 21
-142.0225590000000011
 31
0
  0
LINE
  5
F36
330
1A
100
AcDbEntity
  8
BLACK
  6
CONTINUOUS
100
AcDbLine
 10
156.2705780000000004
 20
-142.0225590000000011
 30
0
 11
156.2705780000000004
 21
-142.5939869999999985
 31
0
  0
LINE
  5
F37
330
1A
100
AcDbEntity
  8
BLACK
  6
CONTINUOUS
100
AcDbLine
 10
156.2705780000000004
 20
-142.5939869999999985
 30
0
 11
156.1753400000000056
 21
-142.7844629999999881
 31
0
  0
LINE
  5
F38
330
1A
100
AcDbEntity
  8
BLACK
  6
CONTINUOUS
100
AcDbLine
 10
156.1753400000000056
 20
-142.7844629999999881
 30
0
 11
156.0801019999999824
 21
-142.8797019999999804
 31
0
  0
LINE
  5
F39
330
1A
100
AcDbEntity
  8
BLACK
  6
CONTINUOUS
100
AcDbLine
 10
156.0801019999999824
 20
-142.8797019999999804
 30
0
 11
155.8896259999999927
 21
-142.9749400000000037
 31
0
  0
LINE
  5
F3A
330
1A
100
AcDbEntity
  8
BLACK
  6
CONTINUOUS
100
AcDbLine
 10
155.8896259999999927
 20
-142.9749400000000037
 30
0
 11
155.6039109999999823
 21
-142.9749400000000037
 31
0
  0
LINE
  5
F3B
330
1A
100
AcDbEntity
  8
BLACK
  6
CONTINUOUS
100
AcDbLine
 10
157.4134349999999927
 20
-142.9749400000000037
 30
0
 11
157.222959000000003
 21
-142.8797019999999804
 31
0
  0
LINE
  5
F3C
330
1A
100
AcDbEntity
  8
BLACK
  6
CONTINUOUS
100
AcDbLine
 10
157.222959000000003
 20
-142.8797019999999804
 30
0
 11
157.1277209999999798
 21
-142.6892249999999933
 31
0
  0
LINE
  5
F3D
330
1A
100
AcDbEntity
  8
BLACK
  6
CONTINUOUS
100
AcDbLine
 10
157.1277209999999798
 20
-142.6892249999999933
 30
0
 11
157.1277209999999798
 21
-140.9749400000000037
 31
0
  0
LINE
  5
F3E
330
1A
100
AcDbEntity
  8
BLACK
  6
CONTINUOUS
100
AcDbLine
 10
158.9372449999999901
 20
-142.8797019999999804
 30
0
 11
158.7467690000000005
 21
-142.9749400000000037
 31
0
  0
LINE
  5
F3F
330
1A
100
AcDbEntity
  8
BLACK
  6
CONTINUOUS
100
AcDbLine
 10
158.7467690000000005
 20
-142.9749400000000037
 30
0
 11
158.3658159999999953
 21
-142.9749400000000037
 31
0
  0
LINE
  5
F40
330
1A
100
AcDbEntity
  8
BLACK
  6
CONTINUOUS
100
AcDbLine
 10
158.3658159999999953
 20
-142.9749400000000037
 30
0
 11
158.1753400000000056
 21
-142.8797019999999804
 31
0
  0
LINE
  5
F41
330
1A
100
AcDbEntity
  8
BLACK
  6
CONTINUOUS
100
AcDbLine
 10
158.1753400000000056
 20
-142.8797019999999804
 30
0
 11
158.0801019999999824
 21
-142.6892249999999933
 31
0
  0
LINE
  5
F42
330
1A
100
AcDbEntity
  8
BLACK
  6
CONTINUOUS
100
AcDbLine
 10
158.0801019999999824
 20
-142.6892249999999933
 30
0
 11
158.0801019999999824
 21
-141.9273210000000063
 31
0
  0
LINE
  5
F43
330
1A
100
AcDbEntity
  8
BLACK
  6
CONTINUOUS
100
AcDbLine
 10
158.0801019999999824
 20
-141.9273210000000063
 30
0
 11
158.1753400000000056
 21
-141.7368439999999907
 31
0
  0
LINE
  5
F44
330
1A
100
AcDbEntity
  8
BLACK
  6
CONTINUOUS
100
AcDbLine
 10
158.1753400000000056
 20
-141.7368439999999907
 30
0
 11
158.3658159999999953
 21
-141.6416059999999959
 31
0
  0
LINE
  5
F45
330
1A
100
AcDbEntity
  8
BLACK
  6
CONTINUOUS
100
AcDbLine
 10
158.3658159999999953
 20
-141.6416059999999959
 30
0
 11
158.7467690000000005
 21
-141.6416059999999959
 31
0
  0
LINE
  5
F46
330
1A
100
AcDbEntity
  8
BLACK
  6
CONTINUOUS
100
AcDbLine
 10
158.7467690000000005
 20
-141.6416059999999959
 30
0
 11
158.9372449999999901
 21
-141.7368439999999907
 31
0
  0
LINE
  5
F47
330
1A
100
AcDbEntity
  8
BLACK
  6
CONTINUOUS
100
AcDbLine
 10
158.9372449999999901
 20
-141.7368439999999907
 30
0
 11
159.0324829999999849
 21
-141.9273210000000063
 31
0
  0
LINE
  5
F48
330
1A
100
AcDbEntity
  8
BLACK
  6
CONTINUOUS
100
AcDbLine
 10
159.0324829999999849
 20
-141.9273210000000063
 30
0
 11
159.0324829999999849
 21
-142.1177969999999959
 31
0
  0
LINE
  5
F49
330
1A
100
AcDbEntity
  8
BLACK
  6
CONTINUOUS
100
AcDbLine
 10
159.0324829999999849
 20
-142.1177969999999959
 30
0
 11
158.0801019999999824
 21
-142.3082729999999856
 31
0
  0
LINE
  5
F4A
330
1A
100
AcDbEntity
  8
BLACK
  6
CONTINUOUS
100
AcDbLine
 10
159.7943879999999979
 20
-142.8797019999999804
 30
0
 11
159.9848639999999875
 21
-142.9749400000000037
 31
0
  0
LINE
  5
F4B
330
1A
100
AcDbEntity
  8
BLACK
  6
CONTINUOUS
100
AcDbLine
 10
159.9848639999999875
 20
-142.9749400000000037
 30
0
 11
160.3658159999999953
 21
-142.9749400000000037
 31
0
  0
LINE
  5
F4C
330
1A
100
AcDbEntity
  8
BLACK
  6
CONTINUOUS
100
AcDbLine
 10
160.3658159999999953
 20
-142.9749400000000037
 30
0
 11
160.5562929999999824
 21
-142.8797019999999804
 31
0
  0
LINE
  5
F4D
330
1A
100
AcDbEntity
  8
BLACK
  6
CONTINUOUS
100
AcDbLine
 10
160.5562929999999824
 20
-142.8797019999999804
 30
0
 11
160.6515310000000056
 21
-142.6892249999999933
 31
0
  0
LINE
  5
F4E
330
1A
100
AcDbEntity
  8
BLACK
  6
CONTINUOUS
100
AcDbLine
 10
160.6515310000000056
 20
-142.6892249999999933
 30
0
 11
160.6515310000000056
 21
-142.5939869999999985
 31
0
  0
LINE
  5
F4F
330
1A
100
AcDbEntity
  8
BLACK
  6
CONTINUOUS
100
AcDbLine
 10
160.6515310000000056
 20
-142.5939869999999985
 30
0
 11
160.5562929999999824
 21
-142.4035109999999804
 31
0
  0
LINE
  5
F50
330
1A
100
AcDbEntity
  8
BLACK
  6
CONTINUOUS
100
AcDbLine
 10
160.5562929999999824
 20
-142.4035109999999804
 30
0
 11
160.3658159999999953
 21
-142.3082729999999856
 31
0
  0
LINE
  5
F51
330
1A
100
AcDbEntity
  8
BLACK
  6
CONTINUOUS
100
AcDbLine
 10
160.3658159999999953
 20
-142.3082729999999856
 30
0
 11
160.0801019999999824
 21
-142.3082729999999856
 31
0
  0
LINE
  5
F52
330
1A
100
AcDbEntity
  8
BLACK
  6
CONTINUOUS
100
AcDbLine
 10
160.0801019999999824
 20
-142.3082729999999856
 30
0
 11
159.8896259999999927
 21
-142.2130349999999908
 31
0
  0
LINE
  5
F53
330
1A
100
AcDbEntity
  8
BLACK
  6
CONTINUOUS
100
AcDbLine
 10
159.8896259999999927
 20
-142.2130349999999908
 30
0
 11
159.7943879999999979
 21
-142.0225590000000011
 31
0
  0
LINE
  5
F54
330
1A
100
AcDbEntity
  8
BLACK
  6
CONTINUOUS
100
AcDbLine
 10
159.7943879999999979
 20
-142.0225590000000011
 30
0
 11
159.7943879999999979
 21
-141.9273210000000063
 31
0
  0
LINE
  5
F55
330
1A
100
AcDbEntity
  8
BLACK
  6
CONTINUOUS
100
AcDbLine
 10
159.7943879999999979
 20
-141.9273210000000063
 30
0
 11
159.8896259999999927
 21
-141.7368439999999907
 31
0
  0
LINE
  5
F56
330
1A
100
AcDbEntity
  8
BLACK
  6
CONTINUOUS
100
AcDbLine
 10
159.8896259999999927
 20
-141.7368439999999907
 30
0
 11
160.0801019999999824
 21
-141.6416059999999959
 31
0
  0
LINE
  5
F57
330
1A
100
AcDbEntity
  8
BLACK
  6
CONTINUOUS
100
AcDbLine
 10
160.0801019999999824
 20
-141.6416059999999959
 30
0
 11
160.3658159999999953
 21
-141.6416059999999959
 31
0
  0
LINE
  5
F58
330
1A
100
AcDbEntity
  8
BLACK
  6
CONTINUOUS
100
AcDbLine
 10
160.3658159999999953
 20
-141.6416059999999959
 30
0
 11
160.5562929999999824
 21
-141.7368439999999907
 31
0
  0
LINE
  5
F59
330
1A
100
AcDbEntity
  8
BLACK
  6
CONTINUOUS
100
AcDbLine
 10
163.0324839999999824
 20
-142.2130349999999908
 30
0
 11
164.5562939999999799
 21
-142.2130349999999908
 31
0
  0
LINE
  5
F5A
330
1A
100
AcDbEntity
  8
BLACK
  6
CONTINUOUS
100
AcDbLine
 10
163.7943889999999953
 20
-142.9749400000000037
 30
0
 11
163.7943889999999953
 21
-141.4511300000000062
 31
0
  0
LINE
  5
F5B
330
1A
100
AcDbEntity
  8
BLACK
  6
CONTINUOUS
100
AcDbLine
 10
167.8896269999999902
 20
-141.6416059999999959
 30
0
 11
167.8896269999999902
 21
-142.9749400000000037
 31
0
  0
LINE
  5
F5C
330
1A
100
AcDbEntity
  8
BLACK
  6
CONTINUOUS
100
AcDbLine
 10
167.4134359999999901
 20
-140.8797019999999804
 30
0
 11
166.9372459999999876
 21
-142.3082729999999856
 31
0
  0
LINE
  5
F5D
330
1A
100
AcDbEntity
  8
BLACK
  6
CONTINUOUS
100
AcDbLine
 10
166.9372459999999876
 20
-142.3082729999999856
 30
0
 11
168.1753410000000031
 21
-142.3082729999999856
 31
0
  0
LINE
  5
F5E
330
1A
100
AcDbEntity
  8
BLACK
  6
CONTINUOUS
100
AcDbLine
 10
170.3658179999999902
 20
-142.8797019999999804
 30
0
 11
170.5562939999999799
 21
-142.9749400000000037
 31
0
  0
LINE
  5
F5F
330
1A
100
AcDbEntity
  8
BLACK
  6
CONTINUOUS
100
AcDbLine
 10
170.5562939999999799
 20
-142.9749400000000037
 30
0
 11
170.9372459999999876
 21
-142.9749400000000037
 31
0
  0
LINE
  5
F60
330
1A
100
AcDbEntity
  8
BLACK
  6
CONTINUOUS
100
AcDbLine
 10
170.9372459999999876
 20
-142.9749400000000037
 30
0
 11
171.1277230000000031
 21
-142.8797019999999804
 31
0
  0
LINE
  5
F61
330
1A
100
AcDbEntity
  8
BLACK
  6
CONTINUOUS
100
AcDbLine
 10
171.1277230000000031
 20
-142.8797019999999804
 30
0
 11
171.222960999999998
 21
-142.6892249999999933
 31
0
  0
LINE
  5
F62
330
1A
100
AcDbEntity
  8
BLACK
  6
CONTINUOUS
100
AcDbLine
 10
171.222960999999998
 20
-142.6892249999999933
 30
0
 11
171.222960999999998
 21
-142.5939869999999985
 31
0
  0
LINE
  5
F63
330
1A
100
AcDbEntity
  8
BLACK
  6
CONTINUOUS
100
AcDbLine
 10
171.222960999999998
 20
-142.5939869999999985
 30
0
 11
171.1277230000000031
 21
-142.4035109999999804
 31
0
  0
LINE
  5
F64
330
1A
100
AcDbEntity
  8
BLACK
  6
CONTINUOUS
100
AcDbLine
 10
171.1277230000000031
 20
-142.4035109999999804
 30
0
 11
170.9372459999999876
 21
-142.3082729999999856
 31
0
  0
LINE
  5
F65
330
1A
100
AcDbEntity
  8
BLACK
  6
CONTINUOUS
100
AcDbLine
 10
170.9372459999999876
 20
-142.3082729999999856
 30
0
 11
170.6515320000000031
 21
-142.3082729999999856
 31
0
  0
LINE
  5
F66
330
1A
100
AcDbEntity
  8
BLACK
  6
CONTINUOUS
100
AcDbLine
 10
170.6515320000000031
 20
-142.3082729999999856
 30
0
 11
170.461055999999985
 21
-142.2130349999999908
 31
0
  0
LINE
  5
F67
330
1A
100
AcDbEntity
  8
BLACK
  6
CONTINUOUS
100
AcDbLine
 10
170.461055999999985
 20
-142.2130349999999908
 30
0
 11
170.3658179999999902
 21
-142.0225590000000011
 31
0
  0
LINE
  5
F68
330
1A
100
AcDbEntity
  8
BLACK
  6
CONTINUOUS
100
AcDbLine
 10
170.3658179999999902
 20
-142.0225590000000011
 30
0
 11
170.3658179999999902
 21
-141.9273210000000063
 31
0
  0
LINE
  5
F69
330
1A
100
AcDbEntity
  8
BLACK
  6
CONTINUOUS
100
AcDbLine
 10
170.3658179999999902
 20
-141.9273210000000063
 30
0
 11
170.461055999999985
 21
-141.7368439999999907
 31
0
  0
LINE
  5
F6A
330
1A
100
AcDbEntity
  8
BLACK
  6
CONTINUOUS
100
AcDbLine
 10
170.461055999999985
 20
-141.7368439999999907
 30
0
 11
170.6515320000000031
 21
-141.6416059999999959
 31
0
  0
LINE
  5
F6B
330
1A
100
AcDbEntity
  8
BLACK
  6
CONTINUOUS
100
AcDbLine
 10
170.6515320000000031
 20
-141.6416059999999959
 30
0
 11
170.9372459999999876
 21
-141.6416059999999959
 31
0
  0
LINE
  5
F6C
330
1A
100
AcDbEntity
  8
BLACK
  6
CONTINUOUS
100
AcDbLine
 10
170.9372459999999876
 20
-141.6416059999999959
 30
0
 11
171.1277230000000031
 21
-141.7368439999999907
 31
0
  0
LINE
  5
F6D
330
1A
100
AcDbEntity
  8
BLACK
  6
CONTINUOUS
100
AcDbLine
 10
172.3658179999999902
 20
-142.9749400000000037
 30
0
 11
172.1753420000000006
 21
-142.8797019999999804
 31
0
  0
LINE
  5
F6E
330
1A
100
AcDbEntity
  8
BLACK
  6
CONTINUOUS
100
AcDbLine
 10
172.1753420000000006
 20
-142.8797019999999804
 30
0
 11
172.0801040000000057
 21
-142.6892249999999933
 31
0
  0
LINE
  5
F6F
330
1A
100
AcDbEntity
  8
BLACK
  6
CONTINUOUS
100
AcDbLine
 10
172.0801040000000057
 20
-142.6892249999999933
 30
0
 11
172.0801040000000057
 21
-140.9749400000000037
 31
0
  0
LINE
  5
F70
330
1A
100
AcDbEntity
  8
BLACK
  6
CONTINUOUS
100
AcDbLine
 10
173.4134369999999876
 20
-142.9749400000000037
 30
0
 11
173.222960999999998
 21
-142.8797019999999804
 31
0
  0
LINE
  5
F71
330
1A
100
AcDbEntity
  8
BLACK
  6
CONTINUOUS
100
AcDbLine
 10
173.222960999999998
 20
-142.8797019999999804
 30
0
 11
173.1277230000000031
 21
-142.7844629999999881
 31
0
  0
LINE
  5
F72
330
1A
100
AcDbEntity
  8
BLACK
  6
CONTINUOUS
100
AcDbLine
 10
173.1277230000000031
 20
-142.7844629999999881
 30
0
 11
173.0324849999999799
 21
-142.5939869999999985
 31
0
  0
LINE
  5
F73
330
1A
100
AcDbEntity
  8
BLACK
  6
CONTINUOUS
100
AcDbLine
 10
173.0324849999999799
 20
-142.5939869999999985
 30
0
 11
173.0324849999999799
 21
-142.0225590000000011
 31
0
  0
LINE
  5
F74
330
1A
100
AcDbEntity
  8
BLACK
  6
CONTINUOUS
100
AcDbLine
 10
173.0324849999999799
 20
-142.0225590000000011
 30
0
 11
173.1277230000000031
 21
-141.8320819999999856
 31
0
  0
LINE
  5
F75
330
1A
100
AcDbEntity
  8
BLACK
  6
CONTINUOUS
100
AcDbLine
 10
173.1277230000000031
 20
-141.8320819999999856
 30
0
 11
173.222960999999998
 21
-141.7368439999999907
 31
0
  0
LINE
  5
F76
330
1A
100
AcDbEntity
  8
BLACK
  6
CONTINUOUS
100
AcDbLine
 10
173.222960999999998
 20
-141.7368439999999907
 30
0
 11
173.4134369999999876
 21
-141.6416059999999959
 31
0
  0
LINE
  5
F77
330
1A
100
AcDbEntity
  8
BLACK
  6
CONTINUOUS
100
AcDbLine
 10
173.4134369999999876
 20
-141.6416059999999959
 30
0
 11
173.699151999999998
 21
-141.6416059999999959
 31
0
  0
LINE
  5
F78
330
1A
100
AcDbEntity
  8
BLACK
  6
CONTINUOUS
100
AcDbLine
 10
173.699151999999998
 20
-141.6416059999999959
 30
0
 11
173.8896279999999877
 21
-141.7368439999999907
 31
0
  0
LINE
  5
F79
330
1A
100
AcDbEntity
  8
BLACK
  6
CONTINUOUS
100
AcDbLine
 10
173.8896279999999877
 20
-141.7368439999999907
 30
0
 11
173.9848659999999825
 21
-141.8320819999999856
 31
0
  0
LINE
  5
F7A
330
1A
100
AcDbEntity
  8
BLACK
  6
CONTINUOUS
100
AcDbLine
 10
173.9848659999999825
 20
-141.8320819999999856
 30
0
 11
174.0801040000000057
 21
-142.0225590000000011
 31
0
  0
LINE
  5
F7B
330
1A
100
AcDbEntity
  8
BLACK
  6
CONTINUOUS
100
AcDbLine
 10
174.0801040000000057
 20
-142.0225590000000011
 30
0
 11
174.0801040000000057
 21
-142.5939869999999985
 31
0
  0
LINE
  5
F7C
330
1A
100
AcDbEntity
  8
BLACK
  6
CONTINUOUS
100
AcDbLine
 10
174.0801040000000057
 20
-142.5939869999999985
 30
0
 11
173.9848659999999825
 21
-142.7844629999999881
 31
0
  0
LINE
  5
F7D
330
1A
100
AcDbEntity
  8
BLACK
  6
CONTINUOUS
100
AcDbLine
 10
173.9848659999999825
 20
-142.7844629999999881
 30
0
 11
173.8896279999999877
 21
-142.8797019999999804
 31
0
  0
LINE
  5
F7E
330
1A
100
AcDbEntity
  8
BLACK
  6
CONTINUOUS
100
AcDbLine
 10
173.8896279999999877
 20
-142.8797019999999804
 30
0
 11
173.699151999999998
 21
-142.9749400000000037
 31
0
  0
LINE
  5
F7F
330
1A
100
AcDbEntity
  8
BLACK
  6
CONTINUOUS
100
AcDbLine
 10
173.699151999999998
 20
-142.9749400000000037
 30
0
 11
173.4134369999999876
 21
-142.9749400000000037
 31
0
  0
LINE
  5
F80
330
1A
100
AcDbEntity
  8
BLACK
  6
CONTINUOUS
100
AcDbLine
 10
174.6515330000000006
 20
-141.6416059999999959
 30
0
 11
175.4134369999999876
 21
-141.6416059999999959
 31
0
  0
LINE
  5
F81
330
1A
100
AcDbEntity
  8
BLACK
  6
CONTINUOUS
100
AcDbLine
 10
174.9372469999999851
 20
-140.9749400000000037
 30
0
 11
174.9372469999999851
 21
-142.6892249999999933
 31
0
  0
LINE
  5
F82
330
1A
100
AcDbEntity
  8
BLACK
  6
CONTINUOUS
100
AcDbLine
 10
174.9372469999999851
 20
-142.6892249999999933
 30
0
 11
175.0324849999999799
 21
-142.8797019999999804
 31
0
  0
LINE
  5
F83
330
1A
100
AcDbEntity
  8
BLACK
  6
CONTINUOUS
100
AcDbLine
 10
175.0324849999999799
 20
-142.8797019999999804
 30
0
 11
175.222960999999998
 21
-142.9749400000000037
 31
0
  0
LINE
  5
F84
330
1A
100
AcDbEntity
  8
BLACK
  6
CONTINUOUS
100
AcDbLine
 10
175.222960999999998
 20
-142.9749400000000037
 30
0
 11
175.4134369999999876
 21
-142.9749400000000037
 31
0
  0
LINE
  5
F85
330
1A
100
AcDbEntity
  8
BLACK
  6
CONTINUOUS
100
AcDbLine
 10
175.9848659999999825
 20
-142.8797019999999804
 30
0
 11
176.1753420000000006
 21
-142.9749400000000037
 31
0
  0
LINE
  5
F86
330
1A
100
AcDbEntity
  8
BLACK
  6
CONTINUOUS
100
AcDbLine
 10
176.1753420000000006
 20
-142.9749400000000037
 30
0
 11
176.5562939999999799
 21
-142.9749400000000037
 31
0
  0
LINE
  5
F87
330
1A
100
AcDbEntity
  8
BLACK
  6
CONTINUOUS
100
AcDbLine
 10
176.5562939999999799
 20
-142.9749400000000037
 30
0
 11
176.7467709999999954
 21
-142.8797019999999804
 31
0
  0
LINE
  5
F88
330
1A
100
AcDbEntity
  8
BLACK
  6
CONTINUOUS
100
AcDbLine
 10
176.7467709999999954
 20
-142.8797019999999804
 30
0
 11
176.8420089999999902
 21
-142.6892249999999933
 31
0
  0
LINE
  5
F89
330
1A
100
AcDbEntity
  8
BLACK
  6
CONTINUOUS
100
AcDbLine
 10
176.8420089999999902
 20
-142.6892249999999933
 30
0
 11
176.8420089999999902
 21
-142.5939869999999985
 31
0
  0
LINE
  5
F8A
330
1A
100
AcDbEntity
  8
BLACK
  6
CONTINUOUS
100
AcDbLine
 10
176.8420089999999902
 20
-142.5939869999999985
 30
0
 11
176.7467709999999954
 21
-142.4035109999999804
 31
0
  0
LINE
  5
F8B
330
1A
100
AcDbEntity
  8
BLACK
  6
CONTINUOUS
100
AcDbLine
 10
176.7467709999999954
 20
-142.4035109999999804
 30
0
 11
176.5562939999999799
 21
-142.3082729999999856
 31
0
  0
LINE
  5
F8C
330
1A
100
AcDbEntity
  8
BLACK
  6
CONTINUOUS
100
AcDbLine
 10
176.5562939999999799
 20
-142.3082729999999856
 30
0
 11
176.2705799999999954
 21
-142.3082729999999856
 31
0
  0
LINE
  5
F8D
330
1A
100
AcDbEntity
  8
BLACK
  6
CONTINUOUS
100
AcDbLine
 10
176.2705799999999954
 20
-142.3082729999999856
 30
0
 11
176.0801040000000057
 21
-142.2130349999999908
 31
0
  0
LINE
  5
F8E
330
1A
100
AcDbEntity
  8
BLACK
  6
CONTINUOUS
100
AcDbLine
 10
176.0801040000000057
 20
-142.2130349999999908
 30
0
 11
175.9848659999999825
 21
-142.0225590000000011
 31
0
  0
LINE
  5
F8F
330
1A
100
AcDbEntity
  8
BLACK
  6
CONTINUOUS
100
AcDbLine
 10
175.9848659999999825
 20
-142.0225590000000011
 30
0
 11
175.9848659999999825
 21
-141.9273210000000063
 31
0
  0
LINE
  5
F90
330
1A
100
AcDbEntity
  8
BLACK
  6
CONTINUOUS
100
AcDbLine
 10
175.9848659999999825
 20
-141.9273210000000063
 30
0
 11
176.0801040000000057
 21
-141.7368439999999907
 31
0
  0
LINE
  5
F91
330
1A
100
AcDbEntity
  8
BLACK
  6
CONTINUOUS
100
AcDbLine
 10
176.0801040000000057
 20
-141.7368439999999907
 30
0
 11
176.2705799999999954
 21
-141.6416059999999959
 31
0
  0
LINE
  5
F92
330
1A
100
AcDbEntity
  8
BLACK
  6
CONTINUOUS
100
AcDbLine
 10
176.2705799999999954
 20
-141.6416059999999959
 30
0
 11
176.5562939999999799
 21
-141.6416059999999959
 31
0
  0
LINE
  5
F93
330
1A
100
AcDbEntity
  8
BLACK
  6
CONTINUOUS
100
AcDbLine
 10
176.5562939999999799
 20
-141.6416059999999959
 30
0
 11
176.7467709999999954
 21
-141.7368439999999907
 31
0
  0
LINE
  5
F94
330
1A
100
AcDbEntity
  8
BLACK
  6
CONTINUOUS
100
AcDbLine
 10
177.5086759999999799
 20
-143.7368439999999907
 30
0
 11
177.6039140000000032
 21
-143.6416059999999959
 31
0
  0
LINE
  5
F95
330
1A
100
AcDbEntity
  8
BLACK
  6
CONTINUOUS
100
AcDbLine
 10
177.6039140000000032
 20
-143.6416059999999959
 30
0
 11
177.7943899999999928
 21
-143.355891999999983
 31
0
  0
LINE
  5
F96
330
1A
100
AcDbEntity
  8
BLACK
  6
CONTINUOUS
100
AcDbLine
 10
177.7943899999999928
 20
-143.355891999999983
 30
0
 11
177.8896279999999877
 21
-143.1654159999999933
 31
0
  0
LINE
  5
F97
330
1A
100
AcDbEntity
  8
BLACK
  6
CONTINUOUS
100
AcDbLine
 10
177.8896279999999877
 20
-143.1654159999999933
 30
0
 11
177.9848659999999825
 21
-142.8797019999999804
 31
0
  0
LINE
  5
F98
330
1A
100
AcDbEntity
  8
BLACK
  6
CONTINUOUS
100
AcDbLine
 10
177.9848659999999825
 20
-142.8797019999999804
 30
0
 11
178.0801040000000057
 21
-142.4035109999999804
 31
0
  0
LINE
  5
F99
330
1A
100
AcDbEntity
  8
BLACK
  6
CONTINUOUS
100
AcDbLine
 10
178.0801040000000057
 20
-142.4035109999999804
 30
0
 11
178.0801040000000057
 21
-142.0225590000000011
 31
0
  0
LINE
  5
F9A
330
1A
100
AcDbEntity
  8
BLACK
  6
CONTINUOUS
100
AcDbLine
 10
178.0801040000000057
 20
-142.0225590000000011
 30
0
 11
177.9848659999999825
 21
-141.5463680000000011
 31
0
  0
LINE
  5
F9B
330
1A
100
AcDbEntity
  8
BLACK
  6
CONTINUOUS
100
AcDbLine
 10
177.9848659999999825
 20
-141.5463680000000011
 30
0
 11
177.8896279999999877
 21
-141.2606539999999882
 31
0
  0
LINE
  5
F9C
330
1A
100
AcDbEntity
  8
BLACK
  6
CONTINUOUS
100
AcDbLine
 10
177.8896279999999877
 20
-141.2606539999999882
 30
0
 11
177.7943899999999928
 21
-141.0701779999999985
 31
0
  0
LINE
  5
F9D
330
1A
100
AcDbEntity
  8
BLACK
  6
CONTINUOUS
100
AcDbLine
 10
177.7943899999999928
 20
-141.0701779999999985
 30
0
 11
177.6039140000000032
 21
-140.7844629999999881
 31
0
  0
LINE
  5
F9E
330
1A
100
AcDbEntity
  8
BLACK
  6
CONTINUOUS
100
AcDbLine
 10
177.6039140000000032
 20
-140.7844629999999881
 30
0
 11
177.5086759999999799
 21
-140.6892249999999933
 31
0
  0
LINE
  5
F9F
330
1A
100
AcDbEntity
  8
BLACK
  6
CONTINUOUS
100
AcDbLine
 10
112.5675679999999943
 20
-144.2001019999999869
 30
0
 11
113.5675679999999943
 21
-145.2001019999999869
 31
0
  0
LINE
  5
FA0
330
1A
100
AcDbEntity
  8
BLACK
  6
CONTINUOUS
100
AcDbLine
 10
113.5675679999999943
 20
-144.2001019999999869
 30
0
 11
112.5675679999999943
 21
-145.2001019999999869
 31
0
  0
CIRCLE
  5
FA1
330
1A
100
AcDbEntity
  8
BLACK
100
AcDbCircle
 10
113.0675679999999943
 20
-144.7001019999999869
 30
0
 40
0.5
  0
LINE
  5
FA2
330
1A
100
AcDbEntity
  8
BLACK
  6
CONTINUOUS
100
AcDbLine
 10
117.2229549999999989
 20
-145.6149399999999901
 30
0
 11
116.0800979999999925
 21
-145.6149399999999901
 31
0
  0
LINE
  5
FA3
330
1A
100
AcDbEntity
  8
BLACK
  6
CONTINUOUS
100
AcDbLine
 10
116.6515259999999898
 20
-145.6149399999999901
 30
0
 11
116.6515259999999898
 21
-143.6149399999999901
 31
0
  0
LINE
  5
FA4
330
1A
100
AcDbEntity
  8
BLACK
  6
CONTINUOUS
100
AcDbLine
 10
116.6515259999999898
 20
-143.6149399999999901
 30
0
 11
116.4610500000000002
 21
-143.900654000000003
 31
0
  0
LINE
  5
FA5
330
1A
100
AcDbEntity
  8
BLACK
  6
CONTINUOUS
100
AcDbLine
 10
116.4610500000000002
 20
-143.900654000000003
 30
0
 11
116.2705739999999963
 21
-144.0911299999999926
 31
0
  0
LINE
  5
FA6
330
1A
100
AcDbEntity
  8
BLACK
  6
CONTINUOUS
100
AcDbLine
 10
116.2705739999999963
 20
-144.0911299999999926
 30
0
 11
116.0800979999999925
 21
-144.1863679999999874
 31
0
  0
LINE
  5
FA7
330
1A
100
AcDbEntity
  8
BLACK
  6
CONTINUOUS
100
AcDbLine
 10
118.0800979999999925
 20
-145.4244630000000029
 30
0
 11
118.1753360000000015
 21
-145.5197019999999952
 31
0
  0
LINE
  5
FA8
330
1A
100
AcDbEntity
  8
BLACK
  6
CONTINUOUS
100
AcDbLine
 10
118.1753360000000015
 20
-145.5197019999999952
 30
0
 11
118.0800979999999925
 21
-145.6149399999999901
 31
0
  0
LINE
  5
FA9
330
1A
100
AcDbEntity
  8
BLACK
  6
CONTINUOUS
100
AcDbLine
 10
118.0800979999999925
 20
-145.6149399999999901
 30
0
 11
117.9848599999999976
 21
-145.5197019999999952
 31
0
  0
LINE
  5
FAA
330
1A
100
AcDbEntity
  8
BLACK
  6
CONTINUOUS
100
AcDbLine
 10
117.9848599999999976
 20
-145.5197019999999952
 30
0
 11
118.0800979999999925
 21
-145.4244630000000029
 31
0
  0
LINE
  5
FAB
330
1A
100
AcDbEntity
  8
BLACK
  6
CONTINUOUS
100
AcDbLine
 10
118.0800979999999925
 20
-145.4244630000000029
 30
0
 11
118.0800979999999925
 21
-145.6149399999999901
 31
0
  0
LINE
  5
FAC
330
1A
100
AcDbEntity
  8
BLACK
  6
CONTINUOUS
100
AcDbLine
 10
119.4134309999999886
 20
-143.6149399999999901
 30
0
 11
119.6039079999999899
 21
-143.6149399999999901
 31
0
  0
LINE
  5
FAD
330
1A
100
AcDbEntity
  8
BLACK
  6
CONTINUOUS
100
AcDbLine
 10
119.6039079999999899
 20
-143.6149399999999901
 30
0
 11
119.7943839999999938
 21
-143.7101779999999849
 31
0
  0
LINE
  5
FAE
330
1A
100
AcDbEntity
  8
BLACK
  6
CONTINUOUS
100
AcDbLine
 10
119.7943839999999938
 20
-143.7101779999999849
 30
0
 11
119.8896219999999886
 21
-143.8054159999999797
 31
0
  0
LINE
  5
FAF
330
1A
100
AcDbEntity
  8
BLACK
  6
CONTINUOUS
100
AcDbLine
 10
119.8896219999999886
 20
-143.8054159999999797
 30
0
 11
119.9848599999999976
 21
-143.9958919999999978
 31
0
  0
LINE
  5
FB0
330
1A
100
AcDbEntity
  8
BLACK
  6
CONTINUOUS
100
AcDbLine
 10
119.9848599999999976
 20
-143.9958919999999978
 30
0
 11
120.0800979999999925
 21
-144.3768440000000055
 31
0
  0
LINE
  5
FB1
330
1A
100
AcDbEntity
  8
BLACK
  6
CONTINUOUS
100
AcDbLine
 10
120.0800979999999925
 20
-144.3768440000000055
 30
0
 11
120.0800979999999925
 21
-144.8530350000000055
 31
0
  0
LINE
  5
FB2
330
1A
100
AcDbEntity
  8
BLACK
  6
CONTINUOUS
100
AcDbLine
 10
120.0800979999999925
 20
-144.8530350000000055
 30
0
 11
119.9848599999999976
 21
-145.2339869999999848
 31
0
  0
LINE
  5
FB3
330
1A
100
AcDbEntity
  8
BLACK
  6
CONTINUOUS
100
AcDbLine
 10
119.9848599999999976
 20
-145.2339869999999848
 30
0
 11
119.8896219999999886
 21
-145.4244630000000029
 31
0
  0
LINE
  5
FB4
330
1A
100
AcDbEntity
  8
BLACK
  6
CONTINUOUS
100
AcDbLine
 10
119.8896219999999886
 20
-145.4244630000000029
 30
0
 11
119.7943839999999938
 21
-145.5197019999999952
 31
0
  0
LINE
  5
FB5
330
1A
100
AcDbEntity
  8
BLACK
  6
CONTINUOUS
100
AcDbLine
 10
119.7943839999999938
 20
-145.5197019999999952
 30
0
 11
119.6039079999999899
 21
-145.6149399999999901
 31
0
  0
LINE
  5
FB6
330
1A
100
AcDbEntity
  8
BLACK
  6
CONTINUOUS
100
AcDbLine
 10
119.6039079999999899
 20
-145.6149399999999901
 30
0
 11
119.4134309999999886
 21
-145.6149399999999901
 31
0
  0
LINE
  5
FB7
330
1A
100
AcDbEntity
  8
BLACK
  6
CONTINUOUS
100
AcDbLine
 10
119.4134309999999886
 20
-145.6149399999999901
 30
0
 11
119.2229549999999989
 21
-145.5197019999999952
 31
0
  0
LINE
  5
FB8
330
1A
100
AcDbEntity
  8
BLACK
  6
CONTINUOUS
100
AcDbLine
 10
119.2229549999999989
 20
-145.5197019999999952
 30
0
 11
119.1277169999999899
 21
-145.4244630000000029
 31
0
  0
LINE
  5
FB9
330
1A
100
AcDbEntity
  8
BLACK
  6
CONTINUOUS
100
AcDbLine
 10
119.1277169999999899
 20
-145.4244630000000029
 30
0
 11
119.032478999999995
 21
-145.2339869999999848
 31
0
  0
LINE
  5
FBA
330
1A
100
AcDbEntity
  8
BLACK
  6
CONTINUOUS
100
AcDbLine
 10
119.032478999999995
 20
-145.2339869999999848
 30
0
 11
118.9372410000000002
 21
-144.8530350000000055
 31
0
  0
LINE
  5
FBB
330
1A
100
AcDbEntity
  8
BLACK
  6
CONTINUOUS
100
AcDbLine
 10
118.9372410000000002
 20
-144.8530350000000055
 30
0
 11
118.9372410000000002
 21
-144.3768440000000055
 31
0
  0
LINE
  5
FBC
330
1A
100
AcDbEntity
  8
BLACK
  6
CONTINUOUS
100
AcDbLine
 10
118.9372410000000002
 20
-144.3768440000000055
 30
0
 11
119.032478999999995
 21
-143.9958919999999978
 31
0
  0
LINE
  5
FBD
330
1A
100
AcDbEntity
  8
BLACK
  6
CONTINUOUS
100
AcDbLine
 10
119.032478999999995
 20
-143.9958919999999978
 30
0
 11
119.1277169999999899
 21
-143.8054159999999797
 31
0
  0
LINE
  5
FBE
330
1A
100
AcDbEntity
  8
BLACK
  6
CONTINUOUS
100
AcDbLine
 10
119.1277169999999899
 20
-143.8054159999999797
 30
0
 11
119.2229549999999989
 21
-143.7101779999999849
 31
0
  0
LINE
  5
FBF
330
1A
100
AcDbEntity
  8
BLACK
  6
CONTINUOUS
100
AcDbLine
 10
119.2229549999999989
 20
-143.7101779999999849
 30
0
 11
119.4134309999999886
 21
-143.6149399999999901
 31
0
  0
LINE
  5
FC0
330
1A
100
AcDbEntity
  8
BLACK
  6
CONTINUOUS
100
AcDbLine
 10
121.3181929999999937
 20
-143.6149399999999901
 30
0
 11
121.5086699999999951
 21
-143.6149399999999901
 31
0
  0
LINE
  5
FC1
330
1A
100
AcDbEntity
  8
BLACK
  6
CONTINUOUS
100
AcDbLine
 10
121.5086699999999951
 20
-143.6149399999999901
 30
0
 11
121.6991459999999989
 21
-143.7101779999999849
 31
0
  0
LINE
  5
FC2
330
1A
100
AcDbEntity
  8
BLACK
  6
CONTINUOUS
100
AcDbLine
 10
121.6991459999999989
 20
-143.7101779999999849
 30
0
 11
121.7943839999999938
 21
-143.8054159999999797
 31
0
  0
LINE
  5
FC3
330
1A
100
AcDbEntity
  8
BLACK
  6
CONTINUOUS
100
AcDbLine
 10
121.7943839999999938
 20
-143.8054159999999797
 30
0
 11
121.8896219999999886
 21
-143.9958919999999978
 31
0
  0
LINE
  5
FC4
330
1A
100
AcDbEntity
  8
BLACK
  6
CONTINUOUS
100
AcDbLine
 10
121.8896219999999886
 20
-143.9958919999999978
 30
0
 11
121.9848599999999976
 21
-144.3768440000000055
 31
0
  0
LINE
  5
FC5
330
1A
100
AcDbEntity
  8
BLACK
  6
CONTINUOUS
100
AcDbLine
 10
121.9848599999999976
 20
-144.3768440000000055
 30
0
 11
121.9848599999999976
 21
-144.8530350000000055
 31
0
  0
LINE
  5
FC6
330
1A
100
AcDbEntity
  8
BLACK
  6
CONTINUOUS
100
AcDbLine
 10
121.9848599999999976
 20
-144.8530350000000055
 30
0
 11
121.8896219999999886
 21
-145.2339869999999848
 31
0
  0
LINE
  5
FC7
330
1A
100
AcDbEntity
  8
BLACK
  6
CONTINUOUS
100
AcDbLine
 10
121.8896219999999886
 20
-145.2339869999999848
 30
0
 11
121.7943839999999938
 21
-145.4244630000000029
 31
0
  0
LINE
  5
FC8
330
1A
100
AcDbEntity
  8
BLACK
  6
CONTINUOUS
100
AcDbLine
 10
121.7943839999999938
 20
-145.4244630000000029
 30
0
 11
121.6991459999999989
 21
-145.5197019999999952
 31
0
  0
LINE
  5
FC9
330
1A
100
AcDbEntity
  8
BLACK
  6
CONTINUOUS
100
AcDbLine
 10
121.6991459999999989
 20
-145.5197019999999952
 30
0
 11
121.5086699999999951
 21
-145.6149399999999901
 31
0
  0
LINE
  5
FCA
330
1A
100
AcDbEntity
  8
BLACK
  6
CONTINUOUS
100
AcDbLine
 10
121.5086699999999951
 20
-145.6149399999999901
 30
0
 11
121.3181929999999937
 21
-145.6149399999999901
 31
0
  0
LINE
  5
FCB
330
1A
100
AcDbEntity
  8
BLACK
  6
CONTINUOUS
100
AcDbLine
 10
121.3181929999999937
 20
-145.6149399999999901
 30
0
 11
121.1277169999999899
 21
-145.5197019999999952
 31
0
  0
LINE
  5
FCC
330
1A
100
AcDbEntity
  8
BLACK
  6
CONTINUOUS
100
AcDbLine
 10
121.1277169999999899
 20
-145.5197019999999952
 30
0
 11
121.032478999999995
 21
-145.4244630000000029
 31
0
  0
LINE
  5
FCD
330
1A
100
AcDbEntity
  8
BLACK
  6
CONTINUOUS
100
AcDbLine
 10
121.032478999999995
 20
-145.4244630000000029
 30
0
 11
120.9372410000000002
 21
-145.2339869999999848
 31
0
  0
LINE
  5
FCE
330
1A
100
AcDbEntity
  8
BLACK
  6
CONTINUOUS
100
AcDbLine
 10
120.9372410000000002
 20
-145.2339869999999848
 30
0
 11
120.8420029999999912
 21
-144.8530350000000055
 31
0
  0
LINE
  5
FCF
330
1A
100
AcDbEntity
  8
BLACK
  6
CONTINUOUS
100
AcDbLine
 10
120.8420029999999912
 20
-144.8530350000000055
 30
0
 11
120.8420029999999912
 21
-144.3768440000000055
 31
0
  0
LINE
  5
FD0
330
1A
100
AcDbEntity
  8
BLACK
  6
CONTINUOUS
100
AcDbLine
 10
120.8420029999999912
 20
-144.3768440000000055
 30
0
 11
120.9372410000000002
 21
-143.9958919999999978
 31
0
  0
LINE
  5
FD1
330
1A
100
AcDbEntity
  8
BLACK
  6
CONTINUOUS
100
AcDbLine
 10
120.9372410000000002
 20
-143.9958919999999978
 30
0
 11
121.032478999999995
 21
-143.8054159999999797
 31
0
  0
LINE
  5
FD2
330
1A
100
AcDbEntity
  8
BLACK
  6
CONTINUOUS
100
AcDbLine
 10
121.032478999999995
 20
-143.8054159999999797
 30
0
 11
121.1277169999999899
 21
-143.7101779999999849
 31
0
  0
LINE
  5
FD3
330
1A
100
AcDbEntity
  8
BLACK
  6
CONTINUOUS
100
AcDbLine
 10
121.1277169999999899
 20
-143.7101779999999849
 30
0
 11
121.3181929999999937
 21
-143.6149399999999901
 31
0
  0
LINE
  5
FD4
330
1A
100
AcDbEntity
  8
BLACK
  6
CONTINUOUS
100
AcDbLine
 10
123.2229549999999989
 20
-143.6149399999999901
 30
0
 11
123.4134320000000002
 21
-143.6149399999999901
 31
0
  0
LINE
  5
FD5
330
1A
100
AcDbEntity
  8
BLACK
  6
CONTINUOUS
100
AcDbLine
 10
123.4134320000000002
 20
-143.6149399999999901
 30
0
 11
123.6039079999999899
 21
-143.7101779999999849
 31
0
  0
LINE
  5
FD6
330
1A
100
AcDbEntity
  8
BLACK
  6
CONTINUOUS
100
AcDbLine
 10
123.6039079999999899
 20
-143.7101779999999849
 30
0
 11
123.6991459999999989
 21
-143.8054159999999797
 31
0
  0
LINE
  5
FD7
330
1A
100
AcDbEntity
  8
BLACK
  6
CONTINUOUS
100
AcDbLine
 10
123.6991459999999989
 20
-143.8054159999999797
 30
0
 11
123.7943839999999938
 21
-143.9958919999999978
 31
0
  0
LINE
  5
FD8
330
1A
100
AcDbEntity
  8
BLACK
  6
CONTINUOUS
100
AcDbLine
 10
123.7943839999999938
 20
-143.9958919999999978
 30
0
 11
123.8896219999999886
 21
-144.3768440000000055
 31
0
  0
LINE
  5
FD9
330
1A
100
AcDbEntity
  8
BLACK
  6
CONTINUOUS
100
AcDbLine
 10
123.8896219999999886
 20
-144.3768440000000055
 30
0
 11
123.8896219999999886
 21
-144.8530350000000055
 31
0
  0
LINE
  5
FDA
330
1A
100
AcDbEntity
  8
BLACK
  6
CONTINUOUS
100
AcDbLine
 10
123.8896219999999886
 20
-144.8530350000000055
 30
0
 11
123.7943839999999938
 21
-145.2339869999999848
 31
0
  0
LINE
  5
FDB
330
1A
100
AcDbEntity
  8
BLACK
  6
CONTINUOUS
100
AcDbLine
 10
123.7943839999999938
 20
-145.2339869999999848
 30
0
 11
123.6991459999999989
 21
-145.4244630000000029
 31
0
  0
LINE
  5
FDC
330
1A
100
AcDbEntity
  8
BLACK
  6
CONTINUOUS
100
AcDbLine
 10
123.6991459999999989
 20
-145.4244630000000029
 30
0
 11
123.6039079999999899
 21
-145.5197019999999952
 31
0
  0
LINE
  5
FDD
330
1A
100
AcDbEntity
  8
BLACK
  6
CONTINUOUS
100
AcDbLine
 10
123.6039079999999899
 20
-145.5197019999999952
 30
0
 11
123.4134320000000002
 21
-145.6149399999999901
 31
0
  0
LINE
  5
FDE
330
1A
100
AcDbEntity
  8
BLACK
  6
CONTINUOUS
100
AcDbLine
 10
123.4134320000000002
 20
-145.6149399999999901
 30
0
 11
123.2229549999999989
 21
-145.6149399999999901
 31
0
  0
LINE
  5
FDF
330
1A
100
AcDbEntity
  8
BLACK
  6
CONTINUOUS
100
AcDbLine
 10
123.2229549999999989
 20
-145.6149399999999901
 30
0
 11
123.032478999999995
 21
-145.5197019999999952
 31
0
  0
LINE
  5
FE0
330
1A
100
AcDbEntity
  8
BLACK
  6
CONTINUOUS
100
AcDbLine
 10
123.032478999999995
 20
-145.5197019999999952
 30
0
 11
122.9372410000000002
 21
-145.4244630000000029
 31
0
  0
LINE
  5
FE1
330
1A
100
AcDbEntity
  8
BLACK
  6
CONTINUOUS
100
AcDbLine
 10
122.9372410000000002
 20
-145.4244630000000029
 30
0
 11
122.8420029999999912
 21
-145.2339869999999848
 31
0
  0
LINE
  5
FE2
330
1A
100
AcDbEntity
  8
BLACK
  6
CONTINUOUS
100
AcDbLine
 10
122.8420029999999912
 20
-145.2339869999999848
 30
0
 11
122.7467649999999963
 21
-144.8530350000000055
 31
0
  0
LINE
  5
FE3
330
1A
100
AcDbEntity
  8
BLACK
  6
CONTINUOUS
100
AcDbLine
 10
122.7467649999999963
 20
-144.8530350000000055
 30
0
 11
122.7467649999999963
 21
-144.3768440000000055
 31
0
  0
LINE
  5
FE4
330
1A
100
AcDbEntity
  8
BLACK
  6
CONTINUOUS
100
AcDbLine
 10
122.7467649999999963
 20
-144.3768440000000055
 30
0
 11
122.8420029999999912
 21
-143.9958919999999978
 31
0
  0
LINE
  5
FE5
330
1A
100
AcDbEntity
  8
BLACK
  6
CONTINUOUS
100
AcDbLine
 10
122.8420029999999912
 20
-143.9958919999999978
 30
0
 11
122.9372410000000002
 21
-143.8054159999999797
 31
0
  0
LINE
  5
FE6
330
1A
100
AcDbEntity
  8
BLACK
  6
CONTINUOUS
100
AcDbLine
 10
122.9372410000000002
 20
-143.8054159999999797
 30
0
 11
123.032478999999995
 21
-143.7101779999999849
 31
0
  0
LINE
  5
FE7
330
1A
100
AcDbEntity
  8
BLACK
  6
CONTINUOUS
100
AcDbLine
 10
123.032478999999995
 20
-143.7101779999999849
 30
0
 11
123.2229549999999989
 21
-143.6149399999999901
 31
0
  0
LINE
  5
FE8
330
1A
100
AcDbEntity
  8
BLACK
  6
CONTINUOUS
100
AcDbLine
 10
124.7467649999999963
 20
-145.6149399999999901
 30
0
 11
124.7467649999999963
 21
-144.2816059999999823
 31
0
  0
LINE
  5
FE9
330
1A
100
AcDbEntity
  8
BLACK
  6
CONTINUOUS
100
AcDbLine
 10
124.7467649999999963
 20
-144.4720820000000003
 30
0
 11
124.8420029999999912
 21
-144.3768440000000055
 31
0
  0
LINE
  5
FEA
330
1A
100
AcDbEntity
  8
BLACK
  6
CONTINUOUS
100
AcDbLine
 10
124.8420029999999912
 20
-144.3768440000000055
 30
0
 11
125.032478999999995
 21
-144.2816059999999823
 31
0
  0
LINE
  5
FEB
330
1A
100
AcDbEntity
  8
BLACK
  6
CONTINUOUS
100
AcDbLine
 10
125.032478999999995
 20
-144.2816059999999823
 30
0
 11
125.3181939999999912
 21
-144.2816059999999823
 31
0
  0
LINE
  5
FEC
330
1A
100
AcDbEntity
  8
BLACK
  6
CONTINUOUS
100
AcDbLine
 10
125.3181939999999912
 20
-144.2816059999999823
 30
0
 11
125.5086699999999951
 21
-144.3768440000000055
 31
0
  0
LINE
  5
FED
330
1A
100
AcDbEntity
  8
BLACK
  6
CONTINUOUS
100
AcDbLine
 10
125.5086699999999951
 20
-144.3768440000000055
 30
0
 11
125.6039079999999899
 21
-144.5673209999999926
 31
0
  0
LINE
  5
FEE
330
1A
100
AcDbEntity
  8
BLACK
  6
CONTINUOUS
100
AcDbLine
 10
125.6039079999999899
 20
-144.5673209999999926
 30
0
 11
125.6039079999999899
 21
-145.6149399999999901
 31
0
  0
LINE
  5
FEF
330
1A
100
AcDbEntity
  8
BLACK
  6
CONTINUOUS
100
AcDbLine
 10
125.6039079999999899
 20
-144.5673209999999926
 30
0
 11
125.6991459999999989
 21
-144.3768440000000055
 31
0
  0
LINE
  5
FF0
330
1A
100
AcDbEntity
  8
BLACK
  6
CONTINUOUS
100
AcDbLine
 10
125.6991459999999989
 20
-144.3768440000000055
 30
0
 11
125.8896219999999886
 21
-144.2816059999999823
 31
0
  0
LINE
  5
FF1
330
1A
100
AcDbEntity
  8
BLACK
  6
CONTINUOUS
100
AcDbLine
 10
125.8896219999999886
 20
-144.2816059999999823
 30
0
 11
126.1753359999999873
 21
-144.2816059999999823
 31
0
  0
LINE
  5
FF2
330
1A
100
AcDbEntity
  8
BLACK
  6
CONTINUOUS
100
AcDbLine
 10
126.1753359999999873
 20
-144.2816059999999823
 30
0
 11
126.3658129999999886
 21
-144.3768440000000055
 31
0
  0
LINE
  5
FF3
330
1A
100
AcDbEntity
  8
BLACK
  6
CONTINUOUS
100
AcDbLine
 10
126.3658129999999886
 20
-144.3768440000000055
 30
0
 11
126.4610509999999977
 21
-144.5673209999999926
 31
0
  0
LINE
  5
FF4
330
1A
100
AcDbEntity
  8
BLACK
  6
CONTINUOUS
100
AcDbLine
 10
126.4610509999999977
 20
-144.5673209999999926
 30
0
 11
126.4610509999999977
 21
-145.6149399999999901
 31
0
  0
LINE
  5
FF5
330
1A
100
AcDbEntity
  8
BLACK
  6
CONTINUOUS
100
AcDbLine
 10
127.4134320000000002
 20
-145.6149399999999901
 30
0
 11
127.4134320000000002
 21
-144.2816059999999823
 31
0
  0
LINE
  5
FF6
330
1A
100
AcDbEntity
  8
BLACK
  6
CONTINUOUS
100
AcDbLine
 10
127.4134320000000002
 20
-144.4720820000000003
 30
0
 11
127.5086699999999951
 21
-144.3768440000000055
 31
0
  0
LINE
  5
FF7
330
1A
100
AcDbEntity
  8
BLACK
  6
CONTINUOUS
100
AcDbLine
 10
127.5086699999999951
 20
-144.3768440000000055
 30
0
 11
127.6991459999999989
 21
-144.2816059999999823
 31
0
  0
LINE
  5
FF8
330
1A
100
AcDbEntity
  8
BLACK
  6
CONTINUOUS
100
AcDbLine
 10
127.6991459999999989
 20
-144.2816059999999823
 30
0
 11
127.9848609999999951
 21
-144.2816059999999823
 31
0
  0
LINE
  5
FF9
330
1A
100
AcDbEntity
  8
BLACK
  6
CONTINUOUS
100
AcDbLine
 10
127.9848609999999951
 20
-144.2816059999999823
 30
0
 11
128.1753369999999848
 21
-144.3768440000000055
 31
0
  0
LINE
  5
FFA
330
1A
100
AcDbEntity
  8
BLACK
  6
CONTINUOUS
100
AcDbLine
 10
128.1753369999999848
 20
-144.3768440000000055
 30
0
 11
128.270575000000008
 21
-144.5673209999999926
 31
0
  0
LINE
  5
FFB
330
1A
100
AcDbEntity
  8
BLACK
  6
CONTINUOUS
100
AcDbLine
 10
128.270575000000008
 20
-144.5673209999999926
 30
0
 11
128.270575000000008
 21
-145.6149399999999901
 31
0
  0
LINE
  5
FFC
330
1A
100
AcDbEntity
  8
BLACK
  6
CONTINUOUS
100
AcDbLine
 10
128.270575000000008
 20
-144.5673209999999926
 30
0
 11
128.3658130000000028
 21
-144.3768440000000055
 31
0
  0
LINE
  5
FFD
330
1A
100
AcDbEntity
  8
BLACK
  6
CONTINUOUS
100
AcDbLine
 10
128.3658130000000028
 20
-144.3768440000000055
 30
0
 11
128.5562889999999925
 21
-144.2816059999999823
 31
0
  0
LINE
  5
FFE
330
1A
100
AcDbEntity
  8
BLACK
  6
CONTINUOUS
100
AcDbLine
 10
128.5562889999999925
 20
-144.2816059999999823
 30
0
 11
128.8420030000000054
 21
-144.2816059999999823
 31
0
  0
LINE
  5
FFF
330
1A
100
AcDbEntity
  8
BLACK
  6
CONTINUOUS
100
AcDbLine
 10
128.8420030000000054
 20
-144.2816059999999823
 30
0
 11
129.0324799999999925
 21
-144.3768440000000055
 31
0
  0
LINE
  5
1000
330
1A
100
AcDbEntity
  8
BLACK
  6
CONTINUOUS
100
AcDbLine
 10
129.0324799999999925
 20
-144.3768440000000055
 30
0
 11
129.1277179999999873
 21
-144.5673209999999926
 31
0
  0
LINE
  5
1001
330
1A
100
AcDbEntity
  8
BLACK
  6
CONTINUOUS
100
AcDbLine
 10
129.1277179999999873
 20
-144.5673209999999926
 30
0
 11
129.1277179999999873
 21
-145.6149399999999901
 31
0
  0
LINE
  5
1002
330
1A
100
AcDbEntity
  8
BLACK
  6
CONTINUOUS
100
AcDbLine
 10
133.0324799999999925
 20
-143.5197019999999952
 30
0
 11
131.3181950000000029
 21
-146.0911299999999926
 31
0
  0
LINE
  5
1003
330
1A
100
AcDbEntity
  8
BLACK
  6
CONTINUOUS
100
AcDbLine
 10
135.6039089999999874
 20
-143.6149399999999901
 30
0
 11
135.7943860000000029
 21
-143.6149399999999901
 31
0
  0
LINE
  5
1004
330
1A
100
AcDbEntity
  8
BLACK
  6
CONTINUOUS
100
AcDbLine
 10
135.7943860000000029
 20
-143.6149399999999901
 30
0
 11
135.9848619999999926
 21
-143.7101779999999849
 31
0
  0
LINE
  5
1005
330
1A
100
AcDbEntity
  8
BLACK
  6
CONTINUOUS
100
AcDbLine
 10
135.9848619999999926
 20
-143.7101779999999849
 30
0
 11
136.0800999999999874
 21
-143.8054159999999797
 31
0
  0
LINE
  5
1006
330
1A
100
AcDbEntity
  8
BLACK
  6
CONTINUOUS
100
AcDbLine
 10
136.0800999999999874
 20
-143.8054159999999797
 30
0
 11
136.1753379999999822
 21
-143.9958919999999978
 31
0
  0
LINE
  5
1007
330
1A
100
AcDbEntity
  8
BLACK
  6
CONTINUOUS
100
AcDbLine
 10
136.1753379999999822
 20
-143.9958919999999978
 30
0
 11
136.2705760000000055
 21
-144.3768440000000055
 31
0
  0
LINE
  5
1008
330
1A
100
AcDbEntity
  8
BLACK
  6
CONTINUOUS
100
AcDbLine
 10
136.2705760000000055
 20
-144.3768440000000055
 30
0
 11
136.2705760000000055
 21
-144.8530350000000055
 31
0
  0
LINE
  5
1009
330
1A
100
AcDbEntity
  8
BLACK
  6
CONTINUOUS
100
AcDbLine
 10
136.2705760000000055
 20
-144.8530350000000055
 30
0
 11
136.1753379999999822
 21
-145.2339869999999848
 31
0
  0
LINE
  5
100A
330
1A
100
AcDbEntity
  8
BLACK
  6
CONTINUOUS
100
AcDbLine
 10
136.1753379999999822
 20
-145.2339869999999848
 30
0
 11
136.0800999999999874
 21
-145.4244630000000029
 31
0
  0
LINE
  5
100B
330
1A
100
AcDbEntity
  8
BLACK
  6
CONTINUOUS
100
AcDbLine
 10
136.0800999999999874
 20
-145.4244630000000029
 30
0
 11
135.9848619999999926
 21
-145.5197019999999952
 31
0
  0
LINE
  5
100C
330
1A
100
AcDbEntity
  8
BLACK
  6
CONTINUOUS
100
AcDbLine
 10
135.9848619999999926
 20
-145.5197019999999952
 30
0
 11
135.7943860000000029
 21
-145.6149399999999901
 31
0
  0
LINE
  5
100D
330
1A
100
AcDbEntity
  8
BLACK
  6
CONTINUOUS
100
AcDbLine
 10
135.7943860000000029
 20
-145.6149399999999901
 30
0
 11
135.6039089999999874
 21
-145.6149399999999901
 31
0
  0
LINE
  5
100E
330
1A
100
AcDbEntity
  8
BLACK
  6
CONTINUOUS
100
AcDbLine
 10
135.6039089999999874
 20
-145.6149399999999901
 30
0
 11
135.4134329999999977
 21
-145.5197019999999952
 31
0
  0
LINE
  5
100F
330
1A
100
AcDbEntity
  8
BLACK
  6
CONTINUOUS
100
AcDbLine
 10
135.4134329999999977
 20
-145.5197019999999952
 30
0
 11
135.3181950000000029
 21
-145.4244630000000029
 31
0
  0
LINE
  5
1010
330
1A
100
AcDbEntity
  8
BLACK
  6
CONTINUOUS
100
AcDbLine
 10
135.3181950000000029
 20
-145.4244630000000029
 30
0
 11
135.2229570000000081
 21
-145.2339869999999848
 31
0
  0
LINE
  5
1011
330
1A
100
AcDbEntity
  8
BLACK
  6
CONTINUOUS
100
AcDbLine
 10
135.2229570000000081
 20
-145.2339869999999848
 30
0
 11
135.1277189999999848
 21
-144.8530350000000055
 31
0
  0
LINE
  5
1012
330
1A
100
AcDbEntity
  8
BLACK
  6
CONTINUOUS
100
AcDbLine
 10
135.1277189999999848
 20
-144.8530350000000055
 30
0
 11
135.1277189999999848
 21
-144.3768440000000055
 31
0
  0
LINE
  5
1013
330
1A
100
AcDbEntity
  8
BLACK
  6
CONTINUOUS
100
AcDbLine
 10
135.1277189999999848
 20
-144.3768440000000055
 30
0
 11
135.2229570000000081
 21
-143.9958919999999978
 31
0
  0
LINE
  5
1014
330
1A
100
AcDbEntity
  8
BLACK
  6
CONTINUOUS
100
AcDbLine
 10
135.2229570000000081
 20
-143.9958919999999978
 30
0
 11
135.3181950000000029
 21
-143.8054159999999797
 31
0
  0
LINE
  5
1015
330
1A
100
AcDbEntity
  8
BLACK
  6
CONTINUOUS
100
AcDbLine
 10
135.3181950000000029
 20
-143.8054159999999797
 30
0
 11
135.4134329999999977
 21
-143.7101779999999849
 31
0
  0
LINE
  5
1016
330
1A
100
AcDbEntity
  8
BLACK
  6
CONTINUOUS
100
AcDbLine
 10
135.4134329999999977
 20
-143.7101779999999849
 30
0
 11
135.6039089999999874
 21
-143.6149399999999901
 31
0
  0
LINE
  5
1017
330
1A
100
AcDbEntity
  8
BLACK
  6
CONTINUOUS
100
AcDbLine
 10
137.1277189999999848
 20
-145.4244630000000029
 30
0
 11
137.2229569999999796
 21
-145.5197019999999952
 31
0
  0
LINE
  5
1018
330
1A
100
AcDbEntity
  8
BLACK
  6
CONTINUOUS
100
AcDbLine
 10
137.2229569999999796
 20
-145.5197019999999952
 30
0
 11
137.1277189999999848
 21
-145.6149399999999901
 31
0
  0
LINE
  5
1019
330
1A
100
AcDbEntity
  8
BLACK
  6
CONTINUOUS
100
AcDbLine
 10
137.1277189999999848
 20
-145.6149399999999901
 30
0
 11
137.03248099999999
 21
-145.5197019999999952
 31
0
  0
LINE
  5
101A
330
1A
100
AcDbEntity
  8
BLACK
  6
CONTINUOUS
100
AcDbLine
 10
137.03248099999999
 20
-145.5197019999999952
 30
0
 11
137.1277189999999848
 21
-145.4244630000000029
 31
0
  0
LINE
  5
101B
330
1A
100
AcDbEntity
  8
BLACK
  6
CONTINUOUS
100
AcDbLine
 10
137.1277189999999848
 20
-145.4244630000000029
 30
0
 11
137.1277189999999848
 21
-145.6149399999999901
 31
0
  0
LINE
  5
101C
330
1A
100
AcDbEntity
  8
BLACK
  6
CONTINUOUS
100
AcDbLine
 10
138.4610519999999951
 20
-143.6149399999999901
 30
0
 11
138.6515289999999823
 21
-143.6149399999999901
 31
0
  0
LINE
  5
101D
330
1A
100
AcDbEntity
  8
BLACK
  6
CONTINUOUS
100
AcDbLine
 10
138.6515289999999823
 20
-143.6149399999999901
 30
0
 11
138.8420050000000003
 21
-143.7101779999999849
 31
0
  0
LINE
  5
101E
330
1A
100
AcDbEntity
  8
BLACK
  6
CONTINUOUS
100
AcDbLine
 10
138.8420050000000003
 20
-143.7101779999999849
 30
0
 11
138.9372429999999952
 21
-143.8054159999999797
 31
0
  0
LINE
  5
101F
330
1A
100
AcDbEntity
  8
BLACK
  6
CONTINUOUS
100
AcDbLine
 10
138.9372429999999952
 20
-143.8054159999999797
 30
0
 11
139.03248099999999
 21
-143.9958919999999978
 31
0
  0
LINE
  5
1020
330
1A
100
AcDbEntity
  8
BLACK
  6
CONTINUOUS
100
AcDbLine
 10
139.03248099999999
 20
-143.9958919999999978
 30
0
 11
139.1277189999999848
 21
-144.3768440000000055
 31
0
  0
LINE
  5
1021
330
1A
100
AcDbEntity
  8
BLACK
  6
CONTINUOUS
100
AcDbLine
 10
139.1277189999999848
 20
-144.3768440000000055
 30
0
 11
139.1277189999999848
 21
-144.8530350000000055
 31
0
  0
LINE
  5
1022
330
1A
100
AcDbEntity
  8
BLACK
  6
CONTINUOUS
100
AcDbLine
 10
139.1277189999999848
 20
-144.8530350000000055
 30
0
 11
139.03248099999999
 21
-145.2339869999999848
 31
0
  0
LINE
  5
1023
330
1A
100
AcDbEntity
  8
BLACK
  6
CONTINUOUS
100
AcDbLine
 10
139.03248099999999
 20
-145.2339869999999848
 30
0
 11
138.9372429999999952
 21
-145.4244630000000029
 31
0
  0
LINE
  5
1024
330
1A
100
AcDbEntity
  8
BLACK
  6
CONTINUOUS
100
AcDbLine
 10
138.9372429999999952
 20
-145.4244630000000029
 30
0
 11
138.8420050000000003
 21
-145.5197019999999952
 31
0
  0
LINE
  5
1025
330
1A
100
AcDbEntity
  8
BLACK
  6
CONTINUOUS
100
AcDbLine
 10
138.8420050000000003
 20
-145.5197019999999952
 30
0
 11
138.6515289999999823
 21
-145.6149399999999901
 31
0
  0
LINE
  5
1026
330
1A
100
AcDbEntity
  8
BLACK
  6
CONTINUOUS
100
AcDbLine
 10
138.6515289999999823
 20
-145.6149399999999901
 30
0
 11
138.4610519999999951
 21
-145.6149399999999901
 31
0
  0
LINE
  5
1027
330
1A
100
AcDbEntity
  8
BLACK
  6
CONTINUOUS
100
AcDbLine
 10
138.4610519999999951
 20
-145.6149399999999901
 30
0
 11
138.2705760000000055
 21
-145.5197019999999952
 31
0
  0
LINE
  5
1028
330
1A
100
AcDbEntity
  8
BLACK
  6
CONTINUOUS
100
AcDbLine
 10
138.2705760000000055
 20
-145.5197019999999952
 30
0
 11
138.1753379999999822
 21
-145.4244630000000029
 31
0
  0
LINE
  5
1029
330
1A
100
AcDbEntity
  8
BLACK
  6
CONTINUOUS
100
AcDbLine
 10
138.1753379999999822
 20
-145.4244630000000029
 30
0
 11
138.0800999999999874
 21
-145.2339869999999848
 31
0
  0
LINE
  5
102A
330
1A
100
AcDbEntity
  8
BLACK
  6
CONTINUOUS
100
AcDbLine
 10
138.0800999999999874
 20
-145.2339869999999848
 30
0
 11
137.9848619999999926
 21
-144.8530350000000055
 31
0
  0
LINE
  5
102B
330
1A
100
AcDbEntity
  8
BLACK
  6
CONTINUOUS
100
AcDbLine
 10
137.9848619999999926
 20
-144.8530350000000055
 30
0
 11
137.9848619999999926
 21
-144.3768440000000055
 31
0
  0
LINE
  5
102C
330
1A
100
AcDbEntity
  8
BLACK
  6
CONTINUOUS
100
AcDbLine
 10
137.9848619999999926
 20
-144.3768440000000055
 30
0
 11
138.0800999999999874
 21
-143.9958919999999978
 31
0
  0
LINE
  5
102D
330
1A
100
AcDbEntity
  8
BLACK
  6
CONTINUOUS
100
AcDbLine
 10
138.0800999999999874
 20
-143.9958919999999978
 30
0
 11
138.1753379999999822
 21
-143.8054159999999797
 31
0
  0
LINE
  5
102E
330
1A
100
AcDbEntity
  8
BLACK
  6
CONTINUOUS
100
AcDbLine
 10
138.1753379999999822
 20
-143.8054159999999797
 30
0
 11
138.2705760000000055
 21
-143.7101779999999849
 31
0
  0
LINE
  5
102F
330
1A
100
AcDbEntity
  8
BLACK
  6
CONTINUOUS
100
AcDbLine
 10
138.2705760000000055
 20
-143.7101779999999849
 30
0
 11
138.4610519999999951
 21
-143.6149399999999901
 31
0
  0
LINE
  5
1030
330
1A
100
AcDbEntity
  8
BLACK
  6
CONTINUOUS
100
AcDbLine
 10
139.7943860000000029
 20
-143.6149399999999901
 30
0
 11
141.03248099999999
 21
-143.6149399999999901
 31
0
  0
LINE
  5
1031
330
1A
100
AcDbEntity
  8
BLACK
  6
CONTINUOUS
100
AcDbLine
 10
141.03248099999999
 20
-143.6149399999999901
 30
0
 11
140.3658140000000003
 21
-144.3768440000000055
 31
0
  0
LINE
  5
1032
330
1A
100
AcDbEntity
  8
BLACK
  6
CONTINUOUS
100
AcDbLine
 10
140.3658140000000003
 20
-144.3768440000000055
 30
0
 11
140.6515289999999823
 21
-144.3768440000000055
 31
0
  0
LINE
  5
1033
330
1A
100
AcDbEntity
  8
BLACK
  6
CONTINUOUS
100
AcDbLine
 10
140.6515289999999823
 20
-144.3768440000000055
 30
0
 11
140.8420050000000003
 21
-144.4720820000000003
 31
0
  0
LINE
  5
1034
330
1A
100
AcDbEntity
  8
BLACK
  6
CONTINUOUS
100
AcDbLine
 10
140.8420050000000003
 20
-144.4720820000000003
 30
0
 11
140.9372429999999952
 21
-144.5673209999999926
 31
0
  0
LINE
  5
1035
330
1A
100
AcDbEntity
  8
BLACK
  6
CONTINUOUS
100
AcDbLine
 10
140.9372429999999952
 20
-144.5673209999999926
 30
0
 11
141.03248099999999
 21
-144.7577969999999823
 31
0
  0
LINE
  5
1036
330
1A
100
AcDbEntity
  8
BLACK
  6
CONTINUOUS
100
AcDbLine
 10
141.03248099999999
 20
-144.7577969999999823
 30
0
 11
141.03248099999999
 21
-145.2339869999999848
 31
0
  0
LINE
  5
1037
330
1A
100
AcDbEntity
  8
BLACK
  6
CONTINUOUS
100
AcDbLine
 10
141.03248099999999
 20
-145.2339869999999848
 30
0
 11
140.9372429999999952
 21
-145.4244630000000029
 31
0
  0
LINE
  5
1038
330
1A
100
AcDbEntity
  8
BLACK
  6
CONTINUOUS
100
AcDbLine
 10
140.9372429999999952
 20
-145.4244630000000029
 30
0
 11
140.8420050000000003
 21
-145.5197019999999952
 31
0
  0
LINE
  5
1039
330
1A
100
AcDbEntity
  8
BLACK
  6
CONTINUOUS
100
AcDbLine
 10
140.8420050000000003
 20
-145.5197019999999952
 30
0
 11
140.6515289999999823
 21
-145.6149399999999901
 31
0
  0
LINE
  5
103A
330
1A
100
AcDbEntity
  8
BLACK
  6
CONTINUOUS
100
AcDbLine
 10
140.6515289999999823
 20
-145.6149399999999901
 30
0
 11
140.0800999999999874
 21
-145.6149399999999901
 31
0
  0
LINE
  5
103B
330
1A
100
AcDbEntity
  8
BLACK
  6
CONTINUOUS
100
AcDbLine
 10
140.0800999999999874
 20
-145.6149399999999901
 30
0
 11
139.8896239999999977
 21
-145.5197019999999952
 31
0
  0
LINE
  5
103C
330
1A
100
AcDbEntity
  8
BLACK
  6
CONTINUOUS
100
AcDbLine
 10
139.8896239999999977
 20
-145.5197019999999952
 30
0
 11
139.7943860000000029
 21
-145.4244630000000029
 31
0
  0
LINE
  5
103D
330
1A
100
AcDbEntity
  8
BLACK
  6
CONTINUOUS
100
AcDbLine
 10
141.9848619999999926
 20
-145.6149399999999901
 30
0
 11
142.3658140000000003
 21
-145.6149399999999901
 31
0
  0
LINE
  5
103E
330
1A
100
AcDbEntity
  8
BLACK
  6
CONTINUOUS
100
AcDbLine
 10
142.3658140000000003
 20
-145.6149399999999901
 30
0
 11
142.5562909999999874
 21
-145.5197019999999952
 31
0
  0
LINE
  5
103F
330
1A
100
AcDbEntity
  8
BLACK
  6
CONTINUOUS
100
AcDbLine
 10
142.5562909999999874
 20
-145.5197019999999952
 30
0
 11
142.6515289999999823
 21
-145.4244630000000029
 31
0
  0
LINE
  5
1040
330
1A
100
AcDbEntity
  8
BLACK
  6
CONTINUOUS
100
AcDbLine
 10
142.6515289999999823
 20
-145.4244630000000029
 30
0
 11
142.8420050000000003
 21
-145.13874899999999
 31
0
  0
LINE
  5
1041
330
1A
100
AcDbEntity
  8
BLACK
  6
CONTINUOUS
100
AcDbLine
 10
142.8420050000000003
 20
-145.13874899999999
 30
0
 11
142.9372429999999952
 21
-144.7577969999999823
 31
0
  0
LINE
  5
1042
330
1A
100
AcDbEntity
  8
BLACK
  6
CONTINUOUS
100
AcDbLine
 10
142.9372429999999952
 20
-144.7577969999999823
 30
0
 11
142.9372429999999952
 21
-143.9958919999999978
 31
0
  0
LINE
  5
1043
330
1A
100
AcDbEntity
  8
BLACK
  6
CONTINUOUS
100
AcDbLine
 10
142.9372429999999952
 20
-143.9958919999999978
 30
0
 11
142.8420050000000003
 21
-143.8054159999999797
 31
0
  0
LINE
  5
1044
330
1A
100
AcDbEntity
  8
BLACK
  6
CONTINUOUS
100
AcDbLine
 10
142.8420050000000003
 20
-143.8054159999999797
 30
0
 11
142.7467670000000055
 21
-143.7101779999999849
 31
0
  0
LINE
  5
1045
330
1A
100
AcDbEntity
  8
BLACK
  6
CONTINUOUS
100
AcDbLine
 10
142.7467670000000055
 20
-143.7101779999999849
 30
0
 11
142.5562909999999874
 21
-143.6149399999999901
 31
0
  0
LINE
  5
1046
330
1A
100
AcDbEntity
  8
BLACK
  6
CONTINUOUS
100
AcDbLine
 10
142.5562909999999874
 20
-143.6149399999999901
 30
0
 11
142.1753379999999822
 21
-143.6149399999999901
 31
0
  0
LINE
  5
1047
330
1A
100
AcDbEntity
  8
BLACK
  6
CONTINUOUS
100
AcDbLine
 10
142.1753379999999822
 20
-143.6149399999999901
 30
0
 11
141.9848619999999926
 21
-143.7101779999999849
 31
0
  0
LINE
  5
1048
330
1A
100
AcDbEntity
  8
BLACK
  6
CONTINUOUS
100
AcDbLine
 10
141.9848619999999926
 20
-143.7101779999999849
 30
0
 11
141.8896239999999977
 21
-143.8054159999999797
 31
0
  0
LINE
  5
1049
330
1A
100
AcDbEntity
  8
BLACK
  6
CONTINUOUS
100
AcDbLine
 10
141.8896239999999977
 20
-143.8054159999999797
 30
0
 11
141.7943860000000029
 21
-143.9958919999999978
 31
0
  0
LINE
  5
104A
330
1A
100
AcDbEntity
  8
BLACK
  6
CONTINUOUS
100
AcDbLine
 10
141.7943860000000029
 20
-143.9958919999999978
 30
0
 11
141.7943860000000029
 21
-144.4720820000000003
 31
0
  0
LINE
  5
104B
330
1A
100
AcDbEntity
  8
BLACK
  6
CONTINUOUS
100
AcDbLine
 10
141.7943860000000029
 20
-144.4720820000000003
 30
0
 11
141.8896239999999977
 21
-144.6625589999999875
 31
0
  0
LINE
  5
104C
330
1A
100
AcDbEntity
  8
BLACK
  6
CONTINUOUS
100
AcDbLine
 10
141.8896239999999977
 20
-144.6625589999999875
 30
0
 11
141.9848619999999926
 21
-144.7577969999999823
 31
0
  0
LINE
  5
104D
330
1A
100
AcDbEntity
  8
BLACK
  6
CONTINUOUS
100
AcDbLine
 10
141.9848619999999926
 20
-144.7577969999999823
 30
0
 11
142.1753379999999822
 21
-144.8530350000000055
 31
0
  0
LINE
  5
104E
330
1A
100
AcDbEntity
  8
BLACK
  6
CONTINUOUS
100
AcDbLine
 10
142.1753379999999822
 20
-144.8530350000000055
 30
0
 11
142.5562909999999874
 21
-144.8530350000000055
 31
0
  0
LINE
  5
104F
330
1A
100
AcDbEntity
  8
BLACK
  6
CONTINUOUS
100
AcDbLine
 10
142.5562909999999874
 20
-144.8530350000000055
 30
0
 11
142.7467670000000055
 21
-144.7577969999999823
 31
0
  0
LINE
  5
1050
330
1A
100
AcDbEntity
  8
BLACK
  6
CONTINUOUS
100
AcDbLine
 10
142.7467670000000055
 20
-144.7577969999999823
 30
0
 11
142.8420050000000003
 21
-144.6625589999999875
 31
0
  0
LINE
  5
1051
330
1A
100
AcDbEntity
  8
BLACK
  6
CONTINUOUS
100
AcDbLine
 10
142.8420050000000003
 20
-144.6625589999999875
 30
0
 11
142.9372429999999952
 21
-144.4720820000000003
 31
0
  0
LINE
  5
1052
330
1A
100
AcDbEntity
  8
BLACK
  6
CONTINUOUS
100
AcDbLine
 10
144.6515289999999823
 20
-144.2816059999999823
 30
0
 11
144.6515289999999823
 21
-145.6149399999999901
 31
0
  0
LINE
  5
1053
330
1A
100
AcDbEntity
  8
BLACK
  6
CONTINUOUS
100
AcDbLine
 10
144.1753379999999822
 20
-143.5197019999999952
 30
0
 11
143.6991479999999797
 21
-144.9482730000000004
 31
0
  0
LINE
  5
1054
330
1A
100
AcDbEntity
  8
BLACK
  6
CONTINUOUS
100
AcDbLine
 10
143.6991479999999797
 20
-144.9482730000000004
 30
0
 11
144.9372429999999952
 21
-144.9482730000000004
 31
0
  0
LINE
  5
1055
330
1A
100
AcDbEntity
  8
BLACK
  6
CONTINUOUS
100
AcDbLine
 10
145.6039099999999848
 20
-143.6149399999999901
 30
0
 11
145.6039099999999848
 21
-143.9958919999999978
 31
0
  0
LINE
  5
1056
330
1A
100
AcDbEntity
  8
BLACK
  6
CONTINUOUS
100
AcDbLine
 10
146.3658149999999978
 20
-143.6149399999999901
 30
0
 11
146.3658149999999978
 21
-143.9958919999999978
 31
0
  0
LINE
  5
1057
330
1A
100
AcDbEntity
  8
BLACK
  6
CONTINUOUS
100
AcDbLine
 10
149.3181969999999978
 20
-146.3768440000000055
 30
0
 11
149.2229580000000055
 21
-146.2816059999999823
 31
0
  0
LINE
  5
1058
330
1A
100
AcDbEntity
  8
BLACK
  6
CONTINUOUS
100
AcDbLine
 10
149.2229580000000055
 20
-146.2816059999999823
 30
0
 11
149.0324819999999875
 21
-145.9958919999999978
 31
0
  0
LINE
  5
1059
330
1A
100
AcDbEntity
  8
BLACK
  6
CONTINUOUS
100
AcDbLine
 10
149.0324819999999875
 20
-145.9958919999999978
 30
0
 11
148.9372439999999926
 21
-145.8054159999999797
 31
0
  0
LINE
  5
105A
330
1A
100
AcDbEntity
  8
BLACK
  6
CONTINUOUS
100
AcDbLine
 10
148.9372439999999926
 20
-145.8054159999999797
 30
0
 11
148.8420059999999978
 21
-145.5197019999999952
 31
0
  0
LINE
  5
105B
330
1A
100
AcDbEntity
  8
BLACK
  6
CONTINUOUS
100
AcDbLine
 10
148.8420059999999978
 20
-145.5197019999999952
 30
0
 11
148.746768000000003
 21
-145.0435109999999952
 31
0
  0
LINE
  5
105C
330
1A
100
AcDbEntity
  8
BLACK
  6
CONTINUOUS
100
AcDbLine
 10
148.746768000000003
 20
-145.0435109999999952
 30
0
 11
148.746768000000003
 21
-144.6625589999999875
 31
0
  0
LINE
  5
105D
330
1A
100
AcDbEntity
  8
BLACK
  6
CONTINUOUS
100
AcDbLine
 10
148.746768000000003
 20
-144.6625589999999875
 30
0
 11
148.8420059999999978
 21
-144.1863679999999874
 31
0
  0
LINE
  5
105E
330
1A
100
AcDbEntity
  8
BLACK
  6
CONTINUOUS
100
AcDbLine
 10
148.8420059999999978
 20
-144.1863679999999874
 30
0
 11
148.9372439999999926
 21
-143.900654000000003
 31
0
  0
LINE
  5
105F
330
1A
100
AcDbEntity
  8
BLACK
  6
CONTINUOUS
100
AcDbLine
 10
148.9372439999999926
 20
-143.900654000000003
 30
0
 11
149.0324819999999875
 21
-143.7101779999999849
 31
0
  0
LINE
  5
1060
330
1A
100
AcDbEntity
  8
BLACK
  6
CONTINUOUS
100
AcDbLine
 10
149.0324819999999875
 20
-143.7101779999999849
 30
0
 11
149.2229580000000055
 21
-143.4244630000000029
 31
0
  0
LINE
  5
1061
330
1A
100
AcDbEntity
  8
BLACK
  6
CONTINUOUS
100
AcDbLine
 10
149.2229580000000055
 20
-143.4244630000000029
 30
0
 11
149.3181969999999978
 21
-143.3292249999999797
 31
0
  0
LINE
  5
1062
330
1A
100
AcDbEntity
  8
BLACK
  6
CONTINUOUS
100
AcDbLine
 10
149.8896249999999952
 20
-143.6149399999999901
 30
0
 11
151.1277199999999823
 21
-143.6149399999999901
 31
0
  0
LINE
  5
1063
330
1A
100
AcDbEntity
  8
BLACK
  6
CONTINUOUS
100
AcDbLine
 10
151.1277199999999823
 20
-143.6149399999999901
 30
0
 11
150.4610529999999926
 21
-144.3768440000000055
 31
0
  0
LINE
  5
1064
330
1A
100
AcDbEntity
  8
BLACK
  6
CONTINUOUS
100
AcDbLine
 10
150.4610529999999926
 20
-144.3768440000000055
 30
0
 11
150.746768000000003
 21
-144.3768440000000055
 31
0
  0
LINE
  5
1065
330
1A
100
AcDbEntity
  8
BLACK
  6
CONTINUOUS
100
AcDbLine
 10
150.746768000000003
 20
-144.3768440000000055
 30
0
 11
150.9372439999999926
 21
-144.4720820000000003
 31
0
  0
LINE
  5
1066
330
1A
100
AcDbEntity
  8
BLACK
  6
CONTINUOUS
100
AcDbLine
 10
150.9372439999999926
 20
-144.4720820000000003
 30
0
 11
151.0324819999999875
 21
-144.5673209999999926
 31
0
  0
LINE
  5
1067
330
1A
100
AcDbEntity
  8
BLACK
  6
CONTINUOUS
100
AcDbLine
 10
151.0324819999999875
 20
-144.5673209999999926
 30
0
 11
151.1277199999999823
 21
-144.7577969999999823
 31
0
  0
LINE
  5
1068
330
1A
100
AcDbEntity
  8
BLACK
  6
CONTINUOUS
100
AcDbLine
 10
151.1277199999999823
 20
-144.7577969999999823
 30
0
 11
151.1277199999999823
 21
-145.2339869999999848
 31
0
  0
LINE
  5
1069
330
1A
100
AcDbEntity
  8
BLACK
  6
CONTINUOUS
100
AcDbLine
 10
151.1277199999999823
 20
-145.2339869999999848
 30
0
 11
151.0324819999999875
 21
-145.4244630000000029
 31
0
  0
LINE
  5
106A
330
1A
100
AcDbEntity
  8
BLACK
  6
CONTINUOUS
100
AcDbLine
 10
151.0324819999999875
 20
-145.4244630000000029
 30
0
 11
150.9372439999999926
 21
-145.5197019999999952
 31
0
  0
LINE
  5
106B
330
1A
100
AcDbEntity
  8
BLACK
  6
CONTINUOUS
100
AcDbLine
 10
150.9372439999999926
 20
-145.5197019999999952
 30
0
 11
150.746768000000003
 21
-145.6149399999999901
 31
0
  0
LINE
  5
106C
330
1A
100
AcDbEntity
  8
BLACK
  6
CONTINUOUS
100
AcDbLine
 10
150.746768000000003
 20
-145.6149399999999901
 30
0
 11
150.1753389999999797
 21
-145.6149399999999901
 31
0
  0
LINE
  5
106D
330
1A
100
AcDbEntity
  8
BLACK
  6
CONTINUOUS
100
AcDbLine
 10
150.1753389999999797
 20
-145.6149399999999901
 30
0
 11
149.9848629999999901
 21
-145.5197019999999952
 31
0
  0
LINE
  5
106E
330
1A
100
AcDbEntity
  8
BLACK
  6
CONTINUOUS
100
AcDbLine
 10
149.9848629999999901
 20
-145.5197019999999952
 30
0
 11
149.8896249999999952
 21
-145.4244630000000029
 31
0
  0
LINE
  5
106F
330
1A
100
AcDbEntity
  8
BLACK
  6
CONTINUOUS
100
AcDbLine
 10
153.5086729999999875
 20
-145.6149399999999901
 30
0
 11
153.5086729999999875
 21
-143.6149399999999901
 31
0
  0
LINE
  5
1070
330
1A
100
AcDbEntity
  8
BLACK
  6
CONTINUOUS
100
AcDbLine
 10
154.3658159999999953
 20
-145.6149399999999901
 30
0
 11
154.3658159999999953
 21
-144.5673209999999926
 31
0
  0
LINE
  5
1071
330
1A
100
AcDbEntity
  8
BLACK
  6
CONTINUOUS
100
AcDbLine
 10
154.3658159999999953
 20
-144.5673209999999926
 30
0
 11
154.2705780000000004
 21
-144.3768440000000055
 31
0
  0
LINE
  5
1072
330
1A
100
AcDbEntity
  8
BLACK
  6
CONTINUOUS
100
AcDbLine
 10
154.2705780000000004
 20
-144.3768440000000055
 30
0
 11
154.0801019999999824
 21
-144.2816059999999823
 31
0
  0
LINE
  5
1073
330
1A
100
AcDbEntity
  8
BLACK
  6
CONTINUOUS
100
AcDbLine
 10
154.0801019999999824
 20
-144.2816059999999823
 30
0
 11
153.7943870000000004
 21
-144.2816059999999823
 31
0
  0
LINE
  5
1074
330
1A
100
AcDbEntity
  8
BLACK
  6
CONTINUOUS
100
AcDbLine
 10
153.7943870000000004
 20
-144.2816059999999823
 30
0
 11
153.6039109999999823
 21
-144.3768440000000055
 31
0
  0
LINE
  5
1075
330
1A
100
AcDbEntity
  8
BLACK
  6
CONTINUOUS
100
AcDbLine
 10
153.6039109999999823
 20
-144.3768440000000055
 30
0
 11
153.5086729999999875
 21
-144.4720820000000003
 31
0
  0
LINE
  5
1076
330
1A
100
AcDbEntity
  8
BLACK
  6
CONTINUOUS
100
AcDbLine
 10
155.6039109999999823
 20
-145.6149399999999901
 30
0
 11
155.4134349999999927
 21
-145.5197019999999952
 31
0
  0
LINE
  5
1077
330
1A
100
AcDbEntity
  8
BLACK
  6
CONTINUOUS
100
AcDbLine
 10
155.4134349999999927
 20
-145.5197019999999952
 30
0
 11
155.3181969999999978
 21
-145.4244630000000029
 31
0
  0
LINE
  5
1078
330
1A
100
AcDbEntity
  8
BLACK
  6
CONTINUOUS
100
AcDbLine
 10
155.3181969999999978
 20
-145.4244630000000029
 30
0
 11
155.222959000000003
 21
-145.2339869999999848
 31
0
  0
LINE
  5
1079
330
1A
100
AcDbEntity
  8
BLACK
  6
CONTINUOUS
100
AcDbLine
 10
155.222959000000003
 20
-145.2339869999999848
 30
0
 11
155.222959000000003
 21
-144.6625589999999875
 31
0
  0
LINE
  5
107A
330
1A
100
AcDbEntity
  8
BLACK
  6
CONTINUOUS
100
AcDbLine
 10
155.222959000000003
 20
-144.6625589999999875
 30
0
 11
155.3181969999999978
 21
-144.4720820000000003
 31
0
  0
LINE
  5
107B
330
1A
100
AcDbEntity
  8
BLACK
  6
CONTINUOUS
100
AcDbLine
 10
155.3181969999999978
 20
-144.4720820000000003
 30
0
 11
155.4134349999999927
 21
-144.3768440000000055
 31
0
  0
LINE
  5
107C
330
1A
100
AcDbEntity
  8
BLACK
  6
CONTINUOUS
100
AcDbLine
 10
155.4134349999999927
 20
-144.3768440000000055
 30
0
 11
155.6039109999999823
 21
-144.2816059999999823
 31
0
  0
LINE
  5
107D
330
1A
100
AcDbEntity
  8
BLACK
  6
CONTINUOUS
100
AcDbLine
 10
155.6039109999999823
 20
-144.2816059999999823
 30
0
 11
155.8896259999999927
 21
-144.2816059999999823
 31
0
  0
LINE
  5
107E
330
1A
100
AcDbEntity
  8
BLACK
  6
CONTINUOUS
100
AcDbLine
 10
155.8896259999999927
 20
-144.2816059999999823
 30
0
 11
156.0801019999999824
 21
-144.3768440000000055
 31
0
  0
LINE
  5
107F
330
1A
100
AcDbEntity
  8
BLACK
  6
CONTINUOUS
100
AcDbLine
 10
156.0801019999999824
 20
-144.3768440000000055
 30
0
 11
156.1753400000000056
 21
-144.4720820000000003
 31
0
  0
LINE
  5
1080
330
1A
100
AcDbEntity
  8
BLACK
  6
CONTINUOUS
100
AcDbLine
 10
156.1753400000000056
 20
-144.4720820000000003
 30
0
 11
156.2705780000000004
 21
-144.6625589999999875
 31
0
  0
LINE
  5
1081
330
1A
100
AcDbEntity
  8
BLACK
  6
CONTINUOUS
100
AcDbLine
 10
156.2705780000000004
 20
-144.6625589999999875
 30
0
 11
156.2705780000000004
 21
-145.2339869999999848
 31
0
  0
LINE
  5
1082
330
1A
100
AcDbEntity
  8
BLACK
  6
CONTINUOUS
100
AcDbLine
 10
156.2705780000000004
 20
-145.2339869999999848
 30
0
 11
156.1753400000000056
 21
-145.4244630000000029
 31
0
  0
LINE
  5
1083
330
1A
100
AcDbEntity
  8
BLACK
  6
CONTINUOUS
100
AcDbLine
 10
156.1753400000000056
 20
-145.4244630000000029
 30
0
 11
156.0801019999999824
 21
-145.5197019999999952
 31
0
  0
LINE
  5
1084
330
1A
100
AcDbEntity
  8
BLACK
  6
CONTINUOUS
100
AcDbLine
 10
156.0801019999999824
 20
-145.5197019999999952
 30
0
 11
155.8896259999999927
 21
-145.6149399999999901
 31
0
  0
LINE
  5
1085
330
1A
100
AcDbEntity
  8
BLACK
  6
CONTINUOUS
100
AcDbLine
 10
155.8896259999999927
 20
-145.6149399999999901
 30
0
 11
155.6039109999999823
 21
-145.6149399999999901
 31
0
  0
LINE
  5
1086
330
1A
100
AcDbEntity
  8
BLACK
  6
CONTINUOUS
100
AcDbLine
 10
157.4134349999999927
 20
-145.6149399999999901
 30
0
 11
157.222959000000003
 21
-145.5197019999999952
 31
0
  0
LINE
  5
1087
330
1A
100
AcDbEntity
  8
BLACK
  6
CONTINUOUS
100
AcDbLine
 10
157.222959000000003
 20
-145.5197019999999952
 30
0
 11
157.1277209999999798
 21
-145.3292249999999797
 31
0
  0
LINE
  5
1088
330
1A
100
AcDbEntity
  8
BLACK
  6
CONTINUOUS
100
AcDbLine
 10
157.1277209999999798
 20
-145.3292249999999797
 30
0
 11
157.1277209999999798
 21
-143.6149399999999901
 31
0
  0
LINE
  5
1089
330
1A
100
AcDbEntity
  8
BLACK
  6
CONTINUOUS
100
AcDbLine
 10
158.9372449999999901
 20
-145.5197019999999952
 30
0
 11
158.7467690000000005
 21
-145.6149399999999901
 31
0
  0
LINE
  5
108A
330
1A
100
AcDbEntity
  8
BLACK
  6
CONTINUOUS
100
AcDbLine
 10
158.7467690000000005
 20
-145.6149399999999901
 30
0
 11
158.3658159999999953
 21
-145.6149399999999901
 31
0
  0
LINE
  5
108B
330
1A
100
AcDbEntity
  8
BLACK
  6
CONTINUOUS
100
AcDbLine
 10
158.3658159999999953
 20
-145.6149399999999901
 30
0
 11
158.1753400000000056
 21
-145.5197019999999952
 31
0
  0
LINE
  5
108C
330
1A
100
AcDbEntity
  8
BLACK
  6
CONTINUOUS
100
AcDbLine
 10
158.1753400000000056
 20
-145.5197019999999952
 30
0
 11
158.0801019999999824
 21
-145.3292249999999797
 31
0
  0
LINE
  5
108D
330
1A
100
AcDbEntity
  8
BLACK
  6
CONTINUOUS
100
AcDbLine
 10
158.0801019999999824
 20
-145.3292249999999797
 30
0
 11
158.0801019999999824
 21
-144.5673209999999926
 31
0
  0
LINE
  5
108E
330
1A
100
AcDbEntity
  8
BLACK
  6
CONTINUOUS
100
AcDbLine
 10
158.0801019999999824
 20
-144.5673209999999926
 30
0
 11
158.1753400000000056
 21
-144.3768440000000055
 31
0
  0
LINE
  5
108F
330
1A
100
AcDbEntity
  8
BLACK
  6
CONTINUOUS
100
AcDbLine
 10
158.1753400000000056
 20
-144.3768440000000055
 30
0
 11
158.3658159999999953
 21
-144.2816059999999823
 31
0
  0
LINE
  5
1090
330
1A
100
AcDbEntity
  8
BLACK
  6
CONTINUOUS
100
AcDbLine
 10
158.3658159999999953
 20
-144.2816059999999823
 30
0
 11
158.7467690000000005
 21
-144.2816059999999823
 31
0
  0
LINE
  5
1091
330
1A
100
AcDbEntity
  8
BLACK
  6
CONTINUOUS
100
AcDbLine
 10
158.7467690000000005
 20
-144.2816059999999823
 30
0
 11
158.9372449999999901
 21
-144.3768440000000055
 31
0
  0
LINE
  5
1092
330
1A
100
AcDbEntity
  8
BLACK
  6
CONTINUOUS
100
AcDbLine
 10
158.9372449999999901
 20
-144.3768440000000055
 30
0
 11
159.0324829999999849
 21
-144.5673209999999926
 31
0
  0
LINE
  5
1093
330
1A
100
AcDbEntity
  8
BLACK
  6
CONTINUOUS
100
AcDbLine
 10
159.0324829999999849
 20
-144.5673209999999926
 30
0
 11
159.0324829999999849
 21
-144.7577969999999823
 31
0
  0
LINE
  5
1094
330
1A
100
AcDbEntity
  8
BLACK
  6
CONTINUOUS
100
AcDbLine
 10
159.0324829999999849
 20
-144.7577969999999823
 30
0
 11
158.0801019999999824
 21
-144.9482730000000004
 31
0
  0
LINE
  5
1095
330
1A
100
AcDbEntity
  8
BLACK
  6
CONTINUOUS
100
AcDbLine
 10
159.7943879999999979
 20
-145.5197019999999952
 30
0
 11
159.9848639999999875
 21
-145.6149399999999901
 31
0
  0
LINE
  5
1096
330
1A
100
AcDbEntity
  8
BLACK
  6
CONTINUOUS
100
AcDbLine
 10
159.9848639999999875
 20
-145.6149399999999901
 30
0
 11
160.3658159999999953
 21
-145.6149399999999901
 31
0
  0
LINE
  5
1097
330
1A
100
AcDbEntity
  8
BLACK
  6
CONTINUOUS
100
AcDbLine
 10
160.3658159999999953
 20
-145.6149399999999901
 30
0
 11
160.5562929999999824
 21
-145.5197019999999952
 31
0
  0
LINE
  5
1098
330
1A
100
AcDbEntity
  8
BLACK
  6
CONTINUOUS
100
AcDbLine
 10
160.5562929999999824
 20
-145.5197019999999952
 30
0
 11
160.6515310000000056
 21
-145.3292249999999797
 31
0
  0
LINE
  5
1099
330
1A
100
AcDbEntity
  8
BLACK
  6
CONTINUOUS
100
AcDbLine
 10
160.6515310000000056
 20
-145.3292249999999797
 30
0
 11
160.6515310000000056
 21
-145.2339869999999848
 31
0
  0
LINE
  5
109A
330
1A
100
AcDbEntity
  8
BLACK
  6
CONTINUOUS
100
AcDbLine
 10
160.6515310000000056
 20
-145.2339869999999848
 30
0
 11
160.5562929999999824
 21
-145.0435109999999952
 31
0
  0
LINE
  5
109B
330
1A
100
AcDbEntity
  8
BLACK
  6
CONTINUOUS
100
AcDbLine
 10
160.5562929999999824
 20
-145.0435109999999952
 30
0
 11
160.3658159999999953
 21
-144.9482730000000004
 31
0
  0
LINE
  5
109C
330
1A
100
AcDbEntity
  8
BLACK
  6
CONTINUOUS
100
AcDbLine
 10
160.3658159999999953
 20
-144.9482730000000004
 30
0
 11
160.0801019999999824
 21
-144.9482730000000004
 31
0
  0
LINE
  5
109D
330
1A
100
AcDbEntity
  8
BLACK
  6
CONTINUOUS
100
AcDbLine
 10
160.0801019999999824
 20
-144.9482730000000004
 30
0
 11
159.8896259999999927
 21
-144.8530350000000055
 31
0
  0
LINE
  5
109E
330
1A
100
AcDbEntity
  8
BLACK
  6
CONTINUOUS
100
AcDbLine
 10
159.8896259999999927
 20
-144.8530350000000055
 30
0
 11
159.7943879999999979
 21
-144.6625589999999875
 31
0
  0
LINE
  5
109F
330
1A
100
AcDbEntity
  8
BLACK
  6
CONTINUOUS
100
AcDbLine
 10
159.7943879999999979
 20
-144.6625589999999875
 30
0
 11
159.7943879999999979
 21
-144.5673209999999926
 31
0
  0
LINE
  5
10A0
330
1A
100
AcDbEntity
  8
BLACK
  6
CONTINUOUS
100
AcDbLine
 10
159.7943879999999979
 20
-144.5673209999999926
 30
0
 11
159.8896259999999927
 21
-144.3768440000000055
 31
0
  0
LINE
  5
10A1
330
1A
100
AcDbEntity
  8
BLACK
  6
CONTINUOUS
100
AcDbLine
 10
159.8896259999999927
 20
-144.3768440000000055
 30
0
 11
160.0801019999999824
 21
-144.2816059999999823
 31
0
  0
LINE
  5
10A2
330
1A
100
AcDbEntity
  8
BLACK
  6
CONTINUOUS
100
AcDbLine
 10
160.0801019999999824
 20
-144.2816059999999823
 30
0
 11
160.3658159999999953
 21
-144.2816059999999823
 31
0
  0
LINE
  5
10A3
330
1A
100
AcDbEntity
  8
BLACK
  6
CONTINUOUS
100
AcDbLine
 10
160.3658159999999953
 20
-144.2816059999999823
 30
0
 11
160.5562929999999824
 21
-144.3768440000000055
 31
0
  0
LINE
  5
10A4
330
1A
100
AcDbEntity
  8
BLACK
  6
CONTINUOUS
100
AcDbLine
 10
161.3181979999999953
 20
-146.3768440000000055
 30
0
 11
161.4134359999999901
 21
-146.2816059999999823
 31
0
  0
LINE
  5
10A5
330
1A
100
AcDbEntity
  8
BLACK
  6
CONTINUOUS
100
AcDbLine
 10
161.4134359999999901
 20
-146.2816059999999823
 30
0
 11
161.6039119999999798
 21
-145.9958919999999978
 31
0
  0
LINE
  5
10A6
330
1A
100
AcDbEntity
  8
BLACK
  6
CONTINUOUS
100
AcDbLine
 10
161.6039119999999798
 20
-145.9958919999999978
 30
0
 11
161.699150000000003
 21
-145.8054159999999797
 31
0
  0
LINE
  5
10A7
330
1A
100
AcDbEntity
  8
BLACK
  6
CONTINUOUS
100
AcDbLine
 10
161.699150000000003
 20
-145.8054159999999797
 30
0
 11
161.7943879999999979
 21
-145.5197019999999952
 31
0
  0
LINE
  5
10A8
330
1A
100
AcDbEntity
  8
BLACK
  6
CONTINUOUS
100
AcDbLine
 10
161.7943879999999979
 20
-145.5197019999999952
 30
0
 11
161.8896259999999927
 21
-145.0435109999999952
 31
0
  0
LINE
  5
10A9
330
1A
100
AcDbEntity
  8
BLACK
  6
CONTINUOUS
100
AcDbLine
 10
161.8896259999999927
 20
-145.0435109999999952
 30
0
 11
161.8896259999999927
 21
-144.6625589999999875
 31
0
  0
LINE
  5
10AA
330
1A
100
AcDbEntity
  8
BLACK
  6
CONTINUOUS
100
AcDbLine
 10
161.8896259999999927
 20
-144.6625589999999875
 30
0
 11
161.7943879999999979
 21
-144.1863679999999874
 31
0
  0
LINE
  5
10AB
330
1A
100
AcDbEntity
  8
BLACK
  6
CONTINUOUS
100
AcDbLine
 10
161.7943879999999979
 20
-144.1863679999999874
 30
0
 11
161.699150000000003
 21
-143.900654000000003
 31
0
  0
LINE
  5
10AC
330
1A
100
AcDbEntity
  8
BLACK
  6
CONTINUOUS
100
AcDbLine
 10
161.699150000000003
 20
-143.900654000000003
 30
0
 11
161.6039119999999798
 21
-143.7101779999999849
 31
0
  0
LINE
  5
10AD
330
1A
100
AcDbEntity
  8
BLACK
  6
CONTINUOUS
100
AcDbLine
 10
161.6039119999999798
 20
-143.7101779999999849
 30
0
 11
161.4134359999999901
 21
-143.4244630000000029
 31
0
  0
LINE
  5
10AE
330
1A
100
AcDbEntity
  8
BLACK
  6
CONTINUOUS
100
AcDbLine
 10
161.4134359999999901
 20
-143.4244630000000029
 30
0
 11
161.3181979999999953
 21
-143.3292249999999797
 31
0
  0
LINE
  5
10AF
330
1A
100
AcDbEntity
  8
BLACK
  6
CONTINUOUS
100
AcDbLine
 10
112.0675679999999943
 20
-146.5901020000000017
 30
0
 11
113.5675679999999943
 21
-148.0901020000000017
 31
0
  0
LINE
  5
10B0
330
1A
100
AcDbEntity
  8
BLACK
  6
CONTINUOUS
100
AcDbLine
 10
113.5675679999999943
 20
-146.5901020000000017
 30
0
 11
112.0675679999999943
 21
-148.0901020000000017
 31
0
  0
LINE
  5
10B1
330
1A
100
AcDbEntity
  8
BLACK
  6
CONTINUOUS
100
AcDbLine
 10
112.8175679999999943
 20
-146.5901020000000017
 30
0
 11
112.8175679999999943
 21
-148.0901020000000017
 31
0
  0
LINE
  5
10B2
330
1A
100
AcDbEntity
  8
BLACK
  6
CONTINUOUS
100
AcDbLine
 10
112.0675679999999943
 20
-147.3401020000000017
 30
0
 11
113.5675679999999943
 21
-147.3401020000000017
 31
0
  0
LINE
  5
10B3
330
1A
100
AcDbEntity
  8
BLACK
  6
CONTINUOUS
100
AcDbLine
 10
117.2229549999999989
 20
-148.2549400000000048
 30
0
 11
116.0800979999999925
 21
-148.2549400000000048
 31
0
  0
LINE
  5
10B4
330
1A
100
AcDbEntity
  8
BLACK
  6
CONTINUOUS
100
AcDbLine
 10
116.6515259999999898
 20
-148.2549400000000048
 30
0
 11
116.6515259999999898
 21
-146.2549400000000048
 31
0
  0
LINE
  5
10B5
330
1A
100
AcDbEntity
  8
BLACK
  6
CONTINUOUS
100
AcDbLine
 10
116.6515259999999898
 20
-146.2549400000000048
 30
0
 11
116.4610500000000002
 21
-146.5406539999999893
 31
0
  0
LINE
  5
10B6
330
1A
100
AcDbEntity
  8
BLACK
  6
CONTINUOUS
100
AcDbLine
 10
116.4610500000000002
 20
-146.5406539999999893
 30
0
 11
116.2705739999999963
 21
-146.7311300000000074
 31
0
  0
LINE
  5
10B7
330
1A
100
AcDbEntity
  8
BLACK
  6
CONTINUOUS
100
AcDbLine
 10
116.2705739999999963
 20
-146.7311300000000074
 30
0
 11
116.0800979999999925
 21
-146.8263680000000022
 31
0
  0
LINE
  5
10B8
330
1A
100
AcDbEntity
  8
BLACK
  6
CONTINUOUS
100
AcDbLine
 10
118.0800979999999925
 20
-148.0644629999999893
 30
0
 11
118.1753360000000015
 21
-148.1597019999999816
 31
0
  0
LINE
  5
10B9
330
1A
100
AcDbEntity
  8
BLACK
  6
CONTINUOUS
100
AcDbLine
 10
118.1753360000000015
 20
-148.1597019999999816
 30
0
 11
118.0800979999999925
 21
-148.2549400000000048
 31
0
  0
LINE
  5
10BA
330
1A
100
AcDbEntity
  8
BLACK
  6
CONTINUOUS
100
AcDbLine
 10
118.0800979999999925
 20
-148.2549400000000048
 30
0
 11
117.9848599999999976
 21
-148.1597019999999816
 31
0
  0
LINE
  5
10BB
330
1A
100
AcDbEntity
  8
BLACK
  6
CONTINUOUS
100
AcDbLine
 10
117.9848599999999976
 20
-148.1597019999999816
 30
0
 11
118.0800979999999925
 21
-148.0644629999999893
 31
0
  0
LINE
  5
10BC
330
1A
100
AcDbEntity
  8
BLACK
  6
CONTINUOUS
100
AcDbLine
 10
118.0800979999999925
 20
-148.0644629999999893
 30
0
 11
118.0800979999999925
 21
-148.2549400000000048
 31
0
  0
LINE
  5
10BD
330
1A
100
AcDbEntity
  8
BLACK
  6
CONTINUOUS
100
AcDbLine
 10
119.9848599999999976
 20
-146.2549400000000048
 30
0
 11
119.032478999999995
 21
-146.2549400000000048
 31
0
  0
LINE
  5
10BE
330
1A
100
AcDbEntity
  8
BLACK
  6
CONTINUOUS
100
AcDbLine
 10
119.032478999999995
 20
-146.2549400000000048
 30
0
 11
118.9372410000000002
 21
-147.2073210000000074
 31
0
  0
LINE
  5
10BF
330
1A
100
AcDbEntity
  8
BLACK
  6
CONTINUOUS
100
AcDbLine
 10
118.9372410000000002
 20
-147.2073210000000074
 30
0
 11
119.032478999999995
 21
-147.1120819999999867
 31
0
  0
LINE
  5
10C0
330
1A
100
AcDbEntity
  8
BLACK
  6
CONTINUOUS
100
AcDbLine
 10
119.032478999999995
 20
-147.1120819999999867
 30
0
 11
119.2229549999999989
 21
-147.0168439999999919
 31
0
  0
LINE
  5
10C1
330
1A
100
AcDbEntity
  8
BLACK
  6
CONTINUOUS
100
AcDbLine
 10
119.2229549999999989
 20
-147.0168439999999919
 30
0
 11
119.6991459999999989
 21
-147.0168439999999919
 31
0
  0
LINE
  5
10C2
330
1A
100
AcDbEntity
  8
BLACK
  6
CONTINUOUS
100
AcDbLine
 10
119.6991459999999989
 20
-147.0168439999999919
 30
0
 11
119.8896219999999886
 21
-147.1120819999999867
 31
0
  0
LINE
  5
10C3
330
1A
100
AcDbEntity
  8
BLACK
  6
CONTINUOUS
100
AcDbLine
 10
119.8896219999999886
 20
-147.1120819999999867
 30
0
 11
119.9848599999999976
 21
-147.2073210000000074
 31
0
  0
LINE
  5
10C4
330
1A
100
AcDbEntity
  8
BLACK
  6
CONTINUOUS
100
AcDbLine
 10
119.9848599999999976
 20
-147.2073210000000074
 30
0
 11
120.0800979999999925
 21
-147.3977969999999971
 31
0
  0
LINE
  5
10C5
330
1A
100
AcDbEntity
  8
BLACK
  6
CONTINUOUS
100
AcDbLine
 10
120.0800979999999925
 20
-147.3977969999999971
 30
0
 11
120.0800979999999925
 21
-147.8739869999999996
 31
0
  0
LINE
  5
10C6
330
1A
100
AcDbEntity
  8
BLACK
  6
CONTINUOUS
100
AcDbLine
 10
120.0800979999999925
 20
-147.8739869999999996
 30
0
 11
119.9848599999999976
 21
-148.0644629999999893
 31
0
  0
LINE
  5
10C7
330
1A
100
AcDbEntity
  8
BLACK
  6
CONTINUOUS
100
AcDbLine
 10
119.9848599999999976
 20
-148.0644629999999893
 30
0
 11
119.8896219999999886
 21
-148.1597019999999816
 31
0
  0
LINE
  5
10C8
330
1A
100
AcDbEntity
  8
BLACK
  6
CONTINUOUS
100
AcDbLine
 10
119.8896219999999886
 20
-148.1597019999999816
 30
0
 11
119.6991459999999989
 21
-148.2549400000000048
 31
0
  0
LINE
  5
10C9
330
1A
100
AcDbEntity
  8
BLACK
  6
CONTINUOUS
100
AcDbLine
 10
119.6991459999999989
 20
-148.2549400000000048
 30
0
 11
119.2229549999999989
 21
-148.2549400000000048
 31
0
  0
LINE
  5
10CA
330
1A
100
AcDbEntity
  8
BLACK
  6
CONTINUOUS
100
AcDbLine
 10
119.2229549999999989
 20
-148.2549400000000048
 30
0
 11
119.032478999999995
 21
-148.1597019999999816
 31
0
  0
LINE
  5
10CB
330
1A
100
AcDbEntity
  8
BLACK
  6
CONTINUOUS
100
AcDbLine
 10
119.032478999999995
 20
-148.1597019999999816
 30
0
 11
118.9372410000000002
 21
-148.0644629999999893
 31
0
  0
LINE
  5
10CC
330
1A
100
AcDbEntity
  8
BLACK
  6
CONTINUOUS
100
AcDbLine
 10
121.3181929999999937
 20
-146.2549400000000048
 30
0
 11
121.5086699999999951
 21
-146.2549400000000048
 31
0
  0
LINE
  5
10CD
330
1A
100
AcDbEntity
  8
BLACK
  6
CONTINUOUS
100
AcDbLine
 10
121.5086699999999951
 20
-146.2549400000000048
 30
0
 11
121.6991459999999989
 21
-146.3501779999999997
 31
0
  0
LINE
  5
10CE
330
1A
100
AcDbEntity
  8
BLACK
  6
CONTINUOUS
100
AcDbLine
 10
121.6991459999999989
 20
-146.3501779999999997
 30
0
 11
121.7943839999999938
 21
-146.4454159999999945
 31
0
  0
LINE
  5
10CF
330
1A
100
AcDbEntity
  8
BLACK
  6
CONTINUOUS
100
AcDbLine
 10
121.7943839999999938
 20
-146.4454159999999945
 30
0
 11
121.8896219999999886
 21
-146.6358919999999841
 31
0
  0
LINE
  5
10D0
330
1A
100
AcDbEntity
  8
BLACK
  6
CONTINUOUS
100
AcDbLine
 10
121.8896219999999886
 20
-146.6358919999999841
 30
0
 11
121.9848599999999976
 21
-147.0168439999999919
 31
0
  0
LINE
  5
10D1
330
1A
100
AcDbEntity
  8
BLACK
  6
CONTINUOUS
100
AcDbLine
 10
121.9848599999999976
 20
-147.0168439999999919
 30
0
 11
121.9848599999999976
 21
-147.4930349999999919
 31
0
  0
LINE
  5
10D2
330
1A
100
AcDbEntity
  8
BLACK
  6
CONTINUOUS
100
AcDbLine
 10
121.9848599999999976
 20
-147.4930349999999919
 30
0
 11
121.8896219999999886
 21
-147.8739869999999996
 31
0
  0
LINE
  5
10D3
330
1A
100
AcDbEntity
  8
BLACK
  6
CONTINUOUS
100
AcDbLine
 10
121.8896219999999886
 20
-147.8739869999999996
 30
0
 11
121.7943839999999938
 21
-148.0644629999999893
 31
0
  0
LINE
  5
10D4
330
1A
100
AcDbEntity
  8
BLACK
  6
CONTINUOUS
100
AcDbLine
 10
121.7943839999999938
 20
-148.0644629999999893
 30
0
 11
121.6991459999999989
 21
-148.1597019999999816
 31
0
  0
LINE
  5
10D5
330
1A
100
AcDbEntity
  8
BLACK
  6
CONTINUOUS
100
AcDbLine
 10
121.6991459999999989
 20
-148.1597019999999816
 30
0
 11
121.5086699999999951
 21
-148.2549400000000048
 31
0
  0
LINE
  5
10D6
330
1A
100
AcDbEntity
  8
BLACK
  6
CONTINUOUS
100
AcDbLine
 10
121.5086699999999951
 20
-148.2549400000000048
 30
0
 11
121.3181929999999937
 21
-148.2549400000000048
 31
0
  0
LINE
  5
10D7
330
1A
100
AcDbEntity
  8
BLACK
  6
CONTINUOUS
100
AcDbLine
 10
121.3181929999999937
 20
-148.2549400000000048
 30
0
 11
121.1277169999999899
 21
-148.1597019999999816
 31
0
  0
LINE
  5
10D8
330
1A
100
AcDbEntity
  8
BLACK
  6
CONTINUOUS
100
AcDbLine
 10
121.1277169999999899
 20
-148.1597019999999816
 30
0
 11
121.032478999999995
 21
-148.0644629999999893
 31
0
  0
LINE
  5
10D9
330
1A
100
AcDbEntity
  8
BLACK
  6
CONTINUOUS
100
AcDbLine
 10
121.032478999999995
 20
-148.0644629999999893
 30
0
 11
120.9372410000000002
 21
-147.8739869999999996
 31
0
  0
LINE
  5
10DA
330
1A
100
AcDbEntity
  8
BLACK
  6
CONTINUOUS
100
AcDbLine
 10
120.9372410000000002
 20
-147.8739869999999996
 30
0
 11
120.8420029999999912
 21
-147.4930349999999919
 31
0
  0
LINE
  5
10DB
330
1A
100
AcDbEntity
  8
BLACK
  6
CONTINUOUS
100
AcDbLine
 10
120.8420029999999912
 20
-147.4930349999999919
 30
0
 11
120.8420029999999912
 21
-147.0168439999999919
 31
0
  0
LINE
  5
10DC
330
1A
100
AcDbEntity
  8
BLACK
  6
CONTINUOUS
100
AcDbLine
 10
120.8420029999999912
 20
-147.0168439999999919
 30
0
 11
120.9372410000000002
 21
-146.6358919999999841
 31
0
  0
LINE
  5
10DD
330
1A
100
AcDbEntity
  8
BLACK
  6
CONTINUOUS
100
AcDbLine
 10
120.9372410000000002
 20
-146.6358919999999841
 30
0
 11
121.032478999999995
 21
-146.4454159999999945
 31
0
  0
LINE
  5
10DE
330
1A
100
AcDbEntity
  8
BLACK
  6
CONTINUOUS
100
AcDbLine
 10
121.032478999999995
 20
-146.4454159999999945
 30
0
 11
121.1277169999999899
 21
-146.3501779999999997
 31
0
  0
LINE
  5
10DF
330
1A
100
AcDbEntity
  8
BLACK
  6
CONTINUOUS
100
AcDbLine
 10
121.1277169999999899
 20
-146.3501779999999997
 30
0
 11
121.3181929999999937
 21
-146.2549400000000048
 31
0
  0
LINE
  5
10E0
330
1A
100
AcDbEntity
  8
BLACK
  6
CONTINUOUS
100
AcDbLine
 10
123.2229549999999989
 20
-146.2549400000000048
 30
0
 11
123.4134320000000002
 21
-146.2549400000000048
 31
0
  0
LINE
  5
10E1
330
1A
100
AcDbEntity
  8
BLACK
  6
CONTINUOUS
100
AcDbLine
 10
123.4134320000000002
 20
-146.2549400000000048
 30
0
 11
123.6039079999999899
 21
-146.3501779999999997
 31
0
  0
LINE
  5
10E2
330
1A
100
AcDbEntity
  8
BLACK
  6
CONTINUOUS
100
AcDbLine
 10
123.6039079999999899
 20
-146.3501779999999997
 30
0
 11
123.6991459999999989
 21
-146.4454159999999945
 31
0
  0
LINE
  5
10E3
330
1A
100
AcDbEntity
  8
BLACK
  6
CONTINUOUS
100
AcDbLine
 10
123.6991459999999989
 20
-146.4454159999999945
 30
0
 11
123.7943839999999938
 21
-146.6358919999999841
 31
0
  0
LINE
  5
10E4
330
1A
100
AcDbEntity
  8
BLACK
  6
CONTINUOUS
100
AcDbLine
 10
123.7943839999999938
 20
-146.6358919999999841
 30
0
 11
123.8896219999999886
 21
-147.0168439999999919
 31
0
  0
LINE
  5
10E5
330
1A
100
AcDbEntity
  8
BLACK
  6
CONTINUOUS
100
AcDbLine
 10
123.8896219999999886
 20
-147.0168439999999919
 30
0
 11
123.8896219999999886
 21
-147.4930349999999919
 31
0
  0
LINE
  5
10E6
330
1A
100
AcDbEntity
  8
BLACK
  6
CONTINUOUS
100
AcDbLine
 10
123.8896219999999886
 20
-147.4930349999999919
 30
0
 11
123.7943839999999938
 21
-147.8739869999999996
 31
0
  0
LINE
  5
10E7
330
1A
100
AcDbEntity
  8
BLACK
  6
CONTINUOUS
100
AcDbLine
 10
123.7943839999999938
 20
-147.8739869999999996
 30
0
 11
123.6991459999999989
 21
-148.0644629999999893
 31
0
  0
LINE
  5
10E8
330
1A
100
AcDbEntity
  8
BLACK
  6
CONTINUOUS
100
AcDbLine
 10
123.6991459999999989
 20
-148.0644629999999893
 30
0
 11
123.6039079999999899
 21
-148.1597019999999816
 31
0
  0
LINE
  5
10E9
330
1A
100
AcDbEntity
  8
BLACK
  6
CONTINUOUS
100
AcDbLine
 10
123.6039079999999899
 20
-148.1597019999999816
 30
0
 11
123.4134320000000002
 21
-148.2549400000000048
 31
0
  0
LINE
  5
10EA
330
1A
100
AcDbEntity
  8
BLACK
  6
CONTINUOUS
100
AcDbLine
 10
123.4134320000000002
 20
-148.2549400000000048
 30
0
 11
123.2229549999999989
 21
-148.2549400000000048
 31
0
  0
LINE
  5
10EB
330
1A
100
AcDbEntity
  8
BLACK
  6
CONTINUOUS
100
AcDbLine
 10
123.2229549999999989
 20
-148.2549400000000048
 30
0
 11
123.032478999999995
 21
-148.1597019999999816
 31
0
  0
LINE
  5
10EC
330
1A
100
AcDbEntity
  8
BLACK
  6
CONTINUOUS
100
AcDbLine
 10
123.032478999999995
 20
-148.1597019999999816
 30
0
 11
122.9372410000000002
 21
-148.0644629999999893
 31
0
  0
LINE
  5
10ED
330
1A
100
AcDbEntity
  8
BLACK
  6
CONTINUOUS
100
AcDbLine
 10
122.9372410000000002
 20
-148.0644629999999893
 30
0
 11
122.8420029999999912
 21
-147.8739869999999996
 31
0
  0
LINE
  5
10EE
330
1A
100
AcDbEntity
  8
BLACK
  6
CONTINUOUS
100
AcDbLine
 10
122.8420029999999912
 20
-147.8739869999999996
 30
0
 11
122.7467649999999963
 21
-147.4930349999999919
 31
0
  0
LINE
  5
10EF
330
1A
100
AcDbEntity
  8
BLACK
  6
CONTINUOUS
100
AcDbLine
 10
122.7467649999999963
 20
-147.4930349999999919
 30
0
 11
122.7467649999999963
 21
-147.0168439999999919
 31
0
  0
LINE
  5
10F0
330
1A
100
AcDbEntity
  8
BLACK
  6
CONTINUOUS
100
AcDbLine
 10
122.7467649999999963
 20
-147.0168439999999919
 30
0
 11
122.8420029999999912
 21
-146.6358919999999841
 31
0
  0
LINE
  5
10F1
330
1A
100
AcDbEntity
  8
BLACK
  6
CONTINUOUS
100
AcDbLine
 10
122.8420029999999912
 20
-146.6358919999999841
 30
0
 11
122.9372410000000002
 21
-146.4454159999999945
 31
0
  0
LINE
  5
10F2
330
1A
100
AcDbEntity
  8
BLACK
  6
CONTINUOUS
100
AcDbLine
 10
122.9372410000000002
 20
-146.4454159999999945
 30
0
 11
123.032478999999995
 21
-146.3501779999999997
 31
0
  0
LINE
  5
10F3
330
1A
100
AcDbEntity
  8
BLACK
  6
CONTINUOUS
100
AcDbLine
 10
123.032478999999995
 20
-146.3501779999999997
 30
0
 11
123.2229549999999989
 21
-146.2549400000000048
 31
0
  0
LINE
  5
10F4
330
1A
100
AcDbEntity
  8
BLACK
  6
CONTINUOUS
100
AcDbLine
 10
124.7467649999999963
 20
-148.2549400000000048
 30
0
 11
124.7467649999999963
 21
-146.921605999999997
 31
0
  0
LINE
  5
10F5
330
1A
100
AcDbEntity
  8
BLACK
  6
CONTINUOUS
100
AcDbLine
 10
124.7467649999999963
 20
-147.1120819999999867
 30
0
 11
124.8420029999999912
 21
-147.0168439999999919
 31
0
  0
LINE
  5
10F6
330
1A
100
AcDbEntity
  8
BLACK
  6
CONTINUOUS
100
AcDbLine
 10
124.8420029999999912
 20
-147.0168439999999919
 30
0
 11
125.032478999999995
 21
-146.921605999999997
 31
0
  0
LINE
  5
10F7
330
1A
100
AcDbEntity
  8
BLACK
  6
CONTINUOUS
100
AcDbLine
 10
125.032478999999995
 20
-146.921605999999997
 30
0
 11
125.3181939999999912
 21
-146.921605999999997
 31
0
  0
LINE
  5
10F8
330
1A
100
AcDbEntity
  8
BLACK
  6
CONTINUOUS
100
AcDbLine
 10
125.3181939999999912
 20
-146.921605999999997
 30
0
 11
125.5086699999999951
 21
-147.0168439999999919
 31
0
  0
LINE
  5
10F9
330
1A
100
AcDbEntity
  8
BLACK
  6
CONTINUOUS
100
AcDbLine
 10
125.5086699999999951
 20
-147.0168439999999919
 30
0
 11
125.6039079999999899
 21
-147.2073210000000074
 31
0
  0
LINE
  5
10FA
330
1A
100
AcDbEntity
  8
BLACK
  6
CONTINUOUS
100
AcDbLine
 10
125.6039079999999899
 20
-147.2073210000000074
 30
0
 11
125.6039079999999899
 21
-148.2549400000000048
 31
0
  0
LINE
  5
10FB
330
1A
100
AcDbEntity
  8
BLACK
  6
CONTINUOUS
100
AcDbLine
 10
125.6039079999999899
 20
-147.2073210000000074
 30
0
 11
125.6991459999999989
 21
-147.0168439999999919
 31
0
  0
LINE
  5
10FC
330
1A
100
AcDbEntity
  8
BLACK
  6
CONTINUOUS
100
AcDbLine
 10
125.6991459999999989
 20
-147.0168439999999919
 30
0
 11
125.8896219999999886
 21
-146.921605999999997
 31
0
  0
LINE
  5
10FD
330
1A
100
AcDbEntity
  8
BLACK
  6
CONTINUOUS
100
AcDbLine
 10
125.8896219999999886
 20
-146.921605999999997
 30
0
 11
126.1753359999999873
 21
-146.921605999999997
 31
0
  0
LINE
  5
10FE
330
1A
100
AcDbEntity
  8
BLACK
  6
CONTINUOUS
100
AcDbLine
 10
126.1753359999999873
 20
-146.921605999999997
 30
0
 11
126.3658129999999886
 21
-147.0168439999999919
 31
0
  0
LINE
  5
10FF
330
1A
100
AcDbEntity
  8
BLACK
  6
CONTINUOUS
100
AcDbLine
 10
126.3658129999999886
 20
-147.0168439999999919
 30
0
 11
126.4610509999999977
 21
-147.2073210000000074
 31
0
  0
LINE
  5
1100
330
1A
100
AcDbEntity
  8
BLACK
  6
CONTINUOUS
100
AcDbLine
 10
126.4610509999999977
 20
-147.2073210000000074
 30
0
 11
126.4610509999999977
 21
-148.2549400000000048
 31
0
  0
LINE
  5
1101
330
1A
100
AcDbEntity
  8
BLACK
  6
CONTINUOUS
100
AcDbLine
 10
127.4134320000000002
 20
-148.2549400000000048
 30
0
 11
127.4134320000000002
 21
-146.921605999999997
 31
0
  0
LINE
  5
1102
330
1A
100
AcDbEntity
  8
BLACK
  6
CONTINUOUS
100
AcDbLine
 10
127.4134320000000002
 20
-147.1120819999999867
 30
0
 11
127.5086699999999951
 21
-147.0168439999999919
 31
0
  0
LINE
  5
1103
330
1A
100
AcDbEntity
  8
BLACK
  6
CONTINUOUS
100
AcDbLine
 10
127.5086699999999951
 20
-147.0168439999999919
 30
0
 11
127.6991459999999989
 21
-146.921605999999997
 31
0
  0
LINE
  5
1104
330
1A
100
AcDbEntity
  8
BLACK
  6
CONTINUOUS
100
AcDbLine
 10
127.6991459999999989
 20
-146.921605999999997
 30
0
 11
127.9848609999999951
 21
-146.921605999999997
 31
0
  0
LINE
  5
1105
330
1A
100
AcDbEntity
  8
BLACK
  6
CONTINUOUS
100
AcDbLine
 10
127.9848609999999951
 20
-146.921605999999997
 30
0
 11
128.1753369999999848
 21
-147.0168439999999919
 31
0
  0
LINE
  5
1106
330
1A
100
AcDbEntity
  8
BLACK
  6
CONTINUOUS
100
AcDbLine
 10
128.1753369999999848
 20
-147.0168439999999919
 30
0
 11
128.270575000000008
 21
-147.2073210000000074
 31
0
  0
LINE
  5
1107
330
1A
100
AcDbEntity
  8
BLACK
  6
CONTINUOUS
100
AcDbLine
 10
128.270575000000008
 20
-147.2073210000000074
 30
0
 11
128.270575000000008
 21
-148.2549400000000048
 31
0
  0
LINE
  5
1108
330
1A
100
AcDbEntity
  8
BLACK
  6
CONTINUOUS
100
AcDbLine
 10
128.270575000000008
 20
-147.2073210000000074
 30
0
 11
128.3658130000000028
 21
-147.0168439999999919
 31
0
  0
LINE
  5
1109
330
1A
100
AcDbEntity
  8
BLACK
  6
CONTINUOUS
100
AcDbLine
 10
128.3658130000000028
 20
-147.0168439999999919
 30
0
 11
128.5562889999999925
 21
-146.921605999999997
 31
0
  0
LINE
  5
110A
330
1A
100
AcDbEntity
  8
BLACK
  6
CONTINUOUS
100
AcDbLine
 10
128.5562889999999925
 20
-146.921605999999997
 30
0
 11
128.8420030000000054
 21
-146.921605999999997
 31
0
  0
LINE
  5
110B
330
1A
100
AcDbEntity
  8
BLACK
  6
CONTINUOUS
100
AcDbLine
 10
128.8420030000000054
 20
-146.921605999999997
 30
0
 11
129.0324799999999925
 21
-147.0168439999999919
 31
0
  0
LINE
  5
110C
330
1A
100
AcDbEntity
  8
BLACK
  6
CONTINUOUS
100
AcDbLine
 10
129.0324799999999925
 20
-147.0168439999999919
 30
0
 11
129.1277179999999873
 21
-147.2073210000000074
 31
0
  0
LINE
  5
110D
330
1A
100
AcDbEntity
  8
BLACK
  6
CONTINUOUS
100
AcDbLine
 10
129.1277179999999873
 20
-147.2073210000000074
 30
0
 11
129.1277179999999873
 21
-148.2549400000000048
 31
0
  0
LINE
  5
110E
330
1A
100
AcDbEntity
  8
BLACK
  6
CONTINUOUS
100
AcDbLine
 10
133.0324799999999925
 20
-146.1597019999999816
 30
0
 11
131.3181950000000029
 21
-148.7311300000000074
 31
0
  0
LINE
  5
110F
330
1A
100
AcDbEntity
  8
BLACK
  6
CONTINUOUS
100
AcDbLine
 10
135.6039089999999874
 20
-146.2549400000000048
 30
0
 11
135.7943860000000029
 21
-146.2549400000000048
 31
0
  0
LINE
  5
1110
330
1A
100
AcDbEntity
  8
BLACK
  6
CONTINUOUS
100
AcDbLine
 10
135.7943860000000029
 20
-146.2549400000000048
 30
0
 11
135.9848619999999926
 21
-146.3501779999999997
 31
0
  0
LINE
  5
1111
330
1A
100
AcDbEntity
  8
BLACK
  6
CONTINUOUS
100
AcDbLine
 10
135.9848619999999926
 20
-146.3501779999999997
 30
0
 11
136.0800999999999874
 21
-146.4454159999999945
 31
0
  0
LINE
  5
1112
330
1A
100
AcDbEntity
  8
BLACK
  6
CONTINUOUS
100
AcDbLine
 10
136.0800999999999874
 20
-146.4454159999999945
 30
0
 11
136.1753379999999822
 21
-146.6358919999999841
 31
0
  0
LINE
  5
1113
330
1A
100
AcDbEntity
  8
BLACK
  6
CONTINUOUS
100
AcDbLine
 10
136.1753379999999822
 20
-146.6358919999999841
 30
0
 11
136.2705760000000055
 21
-147.0168439999999919
 31
0
  0
LINE
  5
1114
330
1A
100
AcDbEntity
  8
BLACK
  6
CONTINUOUS
100
AcDbLine
 10
136.2705760000000055
 20
-147.0168439999999919
 30
0
 11
136.2705760000000055
 21
-147.4930349999999919
 31
0
  0
LINE
  5
1115
330
1A
100
AcDbEntity
  8
BLACK
  6
CONTINUOUS
100
AcDbLine
 10
136.2705760000000055
 20
-147.4930349999999919
 30
0
 11
136.1753379999999822
 21
-147.8739869999999996
 31
0
  0
LINE
  5
1116
330
1A
100
AcDbEntity
  8
BLACK
  6
CONTINUOUS
100
AcDbLine
 10
136.1753379999999822
 20
-147.8739869999999996
 30
0
 11
136.0800999999999874
 21
-148.0644629999999893
 31
0
  0
LINE
  5
1117
330
1A
100
AcDbEntity
  8
BLACK
  6
CONTINUOUS
100
AcDbLine
 10
136.0800999999999874
 20
-148.0644629999999893
 30
0
 11
135.9848619999999926
 21
-148.1597019999999816
 31
0
  0
LINE
  5
1118
330
1A
100
AcDbEntity
  8
BLACK
  6
CONTINUOUS
100
AcDbLine
 10
135.9848619999999926
 20
-148.1597019999999816
 30
0
 11
135.7943860000000029
 21
-148.2549400000000048
 31
0
  0
LINE
  5
1119
330
1A
100
AcDbEntity
  8
BLACK
  6
CONTINUOUS
100
AcDbLine
 10
135.7943860000000029
 20
-148.2549400000000048
 30
0
 11
135.6039089999999874
 21
-148.2549400000000048
 31
0
  0
LINE
  5
111A
330
1A
100
AcDbEntity
  8
BLACK
  6
CONTINUOUS
100
AcDbLine
 10
135.6039089999999874
 20
-148.2549400000000048
 30
0
 11
135.4134329999999977
 21
-148.1597019999999816
 31
0
  0
LINE
  5
111B
330
1A
100
AcDbEntity
  8
BLACK
  6
CONTINUOUS
100
AcDbLine
 10
135.4134329999999977
 20
-148.1597019999999816
 30
0
 11
135.3181950000000029
 21
-148.0644629999999893
 31
0
  0
LINE
  5
111C
330
1A
100
AcDbEntity
  8
BLACK
  6
CONTINUOUS
100
AcDbLine
 10
135.3181950000000029
 20
-148.0644629999999893
 30
0
 11
135.2229570000000081
 21
-147.8739869999999996
 31
0
  0
LINE
  5
111D
330
1A
100
AcDbEntity
  8
BLACK
  6
CONTINUOUS
100
AcDbLine
 10
135.2229570000000081
 20
-147.8739869999999996
 30
0
 11
135.1277189999999848
 21
-147.4930349999999919
 31
0
  0
LINE
  5
111E
330
1A
100
AcDbEntity
  8
BLACK
  6
CONTINUOUS
100
AcDbLine
 10
135.1277189999999848
 20
-147.4930349999999919
 30
0
 11
135.1277189999999848
 21
-147.0168439999999919
 31
0
  0
LINE
  5
111F
330
1A
100
AcDbEntity
  8
BLACK
  6
CONTINUOUS
100
AcDbLine
 10
135.1277189999999848
 20
-147.0168439999999919
 30
0
 11
135.2229570000000081
 21
-146.6358919999999841
 31
0
  0
LINE
  5
1120
330
1A
100
AcDbEntity
  8
BLACK
  6
CONTINUOUS
100
AcDbLine
 10
135.2229570000000081
 20
-146.6358919999999841
 30
0
 11
135.3181950000000029
 21
-146.4454159999999945
 31
0
  0
LINE
  5
1121
330
1A
100
AcDbEntity
  8
BLACK
  6
CONTINUOUS
100
AcDbLine
 10
135.3181950000000029
 20
-146.4454159999999945
 30
0
 11
135.4134329999999977
 21
-146.3501779999999997
 31
0
  0
LINE
  5
1122
330
1A
100
AcDbEntity
  8
BLACK
  6
CONTINUOUS
100
AcDbLine
 10
135.4134329999999977
 20
-146.3501779999999997
 30
0
 11
135.6039089999999874
 21
-146.2549400000000048
 31
0
  0
LINE
  5
1123
330
1A
100
AcDbEntity
  8
BLACK
  6
CONTINUOUS
100
AcDbLine
 10
137.1277189999999848
 20
-148.0644629999999893
 30
0
 11
137.2229569999999796
 21
-148.1597019999999816
 31
0
  0
LINE
  5
1124
330
1A
100
AcDbEntity
  8
BLACK
  6
CONTINUOUS
100
AcDbLine
 10
137.2229569999999796
 20
-148.1597019999999816
 30
0
 11
137.1277189999999848
 21
-148.2549400000000048
 31
0
  0
LINE
  5
1125
330
1A
100
AcDbEntity
  8
BLACK
  6
CONTINUOUS
100
AcDbLine
 10
137.1277189999999848
 20
-148.2549400000000048
 30
0
 11
137.03248099999999
 21
-148.1597019999999816
 31
0
  0
LINE
  5
1126
330
1A
100
AcDbEntity
  8
BLACK
  6
CONTINUOUS
100
AcDbLine
 10
137.03248099999999
 20
-148.1597019999999816
 30
0
 11
137.1277189999999848
 21
-148.0644629999999893
 31
0
  0
LINE
  5
1127
330
1A
100
AcDbEntity
  8
BLACK
  6
CONTINUOUS
100
AcDbLine
 10
137.1277189999999848
 20
-148.0644629999999893
 30
0
 11
137.1277189999999848
 21
-148.2549400000000048
 31
0
  0
LINE
  5
1128
330
1A
100
AcDbEntity
  8
BLACK
  6
CONTINUOUS
100
AcDbLine
 10
138.4610519999999951
 20
-146.2549400000000048
 30
0
 11
138.6515289999999823
 21
-146.2549400000000048
 31
0
  0
LINE
  5
1129
330
1A
100
AcDbEntity
  8
BLACK
  6
CONTINUOUS
100
AcDbLine
 10
138.6515289999999823
 20
-146.2549400000000048
 30
0
 11
138.8420050000000003
 21
-146.3501779999999997
 31
0
  0
LINE
  5
112A
330
1A
100
AcDbEntity
  8
BLACK
  6
CONTINUOUS
100
AcDbLine
 10
138.8420050000000003
 20
-146.3501779999999997
 30
0
 11
138.9372429999999952
 21
-146.4454159999999945
 31
0
  0
LINE
  5
112B
330
1A
100
AcDbEntity
  8
BLACK
  6
CONTINUOUS
100
AcDbLine
 10
138.9372429999999952
 20
-146.4454159999999945
 30
0
 11
139.03248099999999
 21
-146.6358919999999841
 31
0
  0
LINE
  5
112C
330
1A
100
AcDbEntity
  8
BLACK
  6
CONTINUOUS
100
AcDbLine
 10
139.03248099999999
 20
-146.6358919999999841
 30
0
 11
139.1277189999999848
 21
-147.0168439999999919
 31
0
  0
LINE
  5
112D
330
1A
100
AcDbEntity
  8
BLACK
  6
CONTINUOUS
100
AcDbLine
 10
139.1277189999999848
 20
-147.0168439999999919
 30
0
 11
139.1277189999999848
 21
-147.4930349999999919
 31
0
  0
LINE
  5
112E
330
1A
100
AcDbEntity
  8
BLACK
  6
CONTINUOUS
100
AcDbLine
 10
139.1277189999999848
 20
-147.4930349999999919
 30
0
 11
139.03248099999999
 21
-147.8739869999999996
 31
0
  0
LINE
  5
112F
330
1A
100
AcDbEntity
  8
BLACK
  6
CONTINUOUS
100
AcDbLine
 10
139.03248099999999
 20
-147.8739869999999996
 30
0
 11
138.9372429999999952
 21
-148.0644629999999893
 31
0
  0
LINE
  5
1130
330
1A
100
AcDbEntity
  8
BLACK
  6
CONTINUOUS
100
AcDbLine
 10
138.9372429999999952
 20
-148.0644629999999893
 30
0
 11
138.8420050000000003
 21
-148.1597019999999816
 31
0
  0
LINE
  5
1131
330
1A
100
AcDbEntity
  8
BLACK
  6
CONTINUOUS
100
AcDbLine
 10
138.8420050000000003
 20
-148.1597019999999816
 30
0
 11
138.6515289999999823
 21
-148.2549400000000048
 31
0
  0
LINE
  5
1132
330
1A
100
AcDbEntity
  8
BLACK
  6
CONTINUOUS
100
AcDbLine
 10
138.6515289999999823
 20
-148.2549400000000048
 30
0
 11
138.4610519999999951
 21
-148.2549400000000048
 31
0
  0
LINE
  5
1133
330
1A
100
AcDbEntity
  8
BLACK
  6
CONTINUOUS
100
AcDbLine
 10
138.4610519999999951
 20
-148.2549400000000048
 30
0
 11
138.2705760000000055
 21
-148.1597019999999816
 31
0
  0
LINE
  5
1134
330
1A
100
AcDbEntity
  8
BLACK
  6
CONTINUOUS
100
AcDbLine
 10
138.2705760000000055
 20
-148.1597019999999816
 30
0
 11
138.1753379999999822
 21
-148.0644629999999893
 31
0
  0
LINE
  5
1135
330
1A
100
AcDbEntity
  8
BLACK
  6
CONTINUOUS
100
AcDbLine
 10
138.1753379999999822
 20
-148.0644629999999893
 30
0
 11
138.0800999999999874
 21
-147.8739869999999996
 31
0
  0
LINE
  5
1136
330
1A
100
AcDbEntity
  8
BLACK
  6
CONTINUOUS
100
AcDbLine
 10
138.0800999999999874
 20
-147.8739869999999996
 30
0
 11
137.9848619999999926
 21
-147.4930349999999919
 31
0
  0
LINE
  5
1137
330
1A
100
AcDbEntity
  8
BLACK
  6
CONTINUOUS
100
AcDbLine
 10
137.9848619999999926
 20
-147.4930349999999919
 30
0
 11
137.9848619999999926
 21
-147.0168439999999919
 31
0
  0
LINE
  5
1138
330
1A
100
AcDbEntity
  8
BLACK
  6
CONTINUOUS
100
AcDbLine
 10
137.9848619999999926
 20
-147.0168439999999919
 30
0
 11
138.0800999999999874
 21
-146.6358919999999841
 31
0
  0
LINE
  5
1139
330
1A
100
AcDbEntity
  8
BLACK
  6
CONTINUOUS
100
AcDbLine
 10
138.0800999999999874
 20
-146.6358919999999841
 30
0
 11
138.1753379999999822
 21
-146.4454159999999945
 31
0
  0
LINE
  5
113A
330
1A
100
AcDbEntity
  8
BLACK
  6
CONTINUOUS
100
AcDbLine
 10
138.1753379999999822
 20
-146.4454159999999945
 30
0
 11
138.2705760000000055
 21
-146.3501779999999997
 31
0
  0
LINE
  5
113B
330
1A
100
AcDbEntity
  8
BLACK
  6
CONTINUOUS
100
AcDbLine
 10
138.2705760000000055
 20
-146.3501779999999997
 30
0
 11
138.4610519999999951
 21
-146.2549400000000048
 31
0
  0
LINE
  5
113C
330
1A
100
AcDbEntity
  8
BLACK
  6
CONTINUOUS
100
AcDbLine
 10
140.9372429999999952
 20
-146.2549400000000048
 30
0
 11
139.9848619999999926
 21
-146.2549400000000048
 31
0
  0
LINE
  5
113D
330
1A
100
AcDbEntity
  8
BLACK
  6
CONTINUOUS
100
AcDbLine
 10
139.9848619999999926
 20
-146.2549400000000048
 30
0
 11
139.8896239999999977
 21
-147.2073210000000074
 31
0
  0
LINE
  5
113E
330
1A
100
AcDbEntity
  8
BLACK
  6
CONTINUOUS
100
AcDbLine
 10
139.8896239999999977
 20
-147.2073210000000074
 30
0
 11
139.9848619999999926
 21
-147.1120819999999867
 31
0
  0
LINE
  5
113F
330
1A
100
AcDbEntity
  8
BLACK
  6
CONTINUOUS
100
AcDbLine
 10
139.9848619999999926
 20
-147.1120819999999867
 30
0
 11
140.1753379999999822
 21
-147.0168439999999919
 31
0
  0
LINE
  5
1140
330
1A
100
AcDbEntity
  8
BLACK
  6
CONTINUOUS
100
AcDbLine
 10
140.1753379999999822
 20
-147.0168439999999919
 30
0
 11
140.6515289999999823
 21
-147.0168439999999919
 31
0
  0
LINE
  5
1141
330
1A
100
AcDbEntity
  8
BLACK
  6
CONTINUOUS
100
AcDbLine
 10
140.6515289999999823
 20
-147.0168439999999919
 30
0
 11
140.8420050000000003
 21
-147.1120819999999867
 31
0
  0
LINE
  5
1142
330
1A
100
AcDbEntity
  8
BLACK
  6
CONTINUOUS
100
AcDbLine
 10
140.8420050000000003
 20
-147.1120819999999867
 30
0
 11
140.9372429999999952
 21
-147.2073210000000074
 31
0
  0
LINE
  5
1143
330
1A
100
AcDbEntity
  8
BLACK
  6
CONTINUOUS
100
AcDbLine
 10
140.9372429999999952
 20
-147.2073210000000074
 30
0
 11
141.03248099999999
 21
-147.3977969999999971
 31
0
  0
LINE
  5
1144
330
1A
100
AcDbEntity
  8
BLACK
  6
CONTINUOUS
100
AcDbLine
 10
141.03248099999999
 20
-147.3977969999999971
 30
0
 11
141.03248099999999
 21
-147.8739869999999996
 31
0
  0
LINE
  5
1145
330
1A
100
AcDbEntity
  8
BLACK
  6
CONTINUOUS
100
AcDbLine
 10
141.03248099999999
 20
-147.8739869999999996
 30
0
 11
140.9372429999999952
 21
-148.0644629999999893
 31
0
  0
LINE
  5
1146
330
1A
100
AcDbEntity
  8
BLACK
  6
CONTINUOUS
100
AcDbLine
 10
140.9372429999999952
 20
-148.0644629999999893
 30
0
 11
140.8420050000000003
 21
-148.1597019999999816
 31
0
  0
LINE
  5
1147
330
1A
100
AcDbEntity
  8
BLACK
  6
CONTINUOUS
100
AcDbLine
 10
140.8420050000000003
 20
-148.1597019999999816
 30
0
 11
140.6515289999999823
 21
-148.2549400000000048
 31
0
  0
LINE
  5
1148
330
1A
100
AcDbEntity
  8
BLACK
  6
CONTINUOUS
100
AcDbLine
 10
140.6515289999999823
 20
-148.2549400000000048
 30
0
 11
140.1753379999999822
 21
-148.2549400000000048
 31
0
  0
LINE
  5
1149
330
1A
100
AcDbEntity
  8
BLACK
  6
CONTINUOUS
100
AcDbLine
 10
140.1753379999999822
 20
-148.2549400000000048
 30
0
 11
139.9848619999999926
 21
-148.1597019999999816
 31
0
  0
LINE
  5
114A
330
1A
100
AcDbEntity
  8
BLACK
  6
CONTINUOUS
100
AcDbLine
 10
139.9848619999999926
 20
-148.1597019999999816
 30
0
 11
139.8896239999999977
 21
-148.0644629999999893
 31
0
  0
LINE
  5
114B
330
1A
100
AcDbEntity
  8
BLACK
  6
CONTINUOUS
100
AcDbLine
 10
141.9848619999999926
 20
-148.2549400000000048
 30
0
 11
142.3658140000000003
 21
-148.2549400000000048
 31
0
  0
LINE
  5
114C
330
1A
100
AcDbEntity
  8
BLACK
  6
CONTINUOUS
100
AcDbLine
 10
142.3658140000000003
 20
-148.2549400000000048
 30
0
 11
142.5562909999999874
 21
-148.1597019999999816
 31
0
  0
LINE
  5
114D
330
1A
100
AcDbEntity
  8
BLACK
  6
CONTINUOUS
100
AcDbLine
 10
142.5562909999999874
 20
-148.1597019999999816
 30
0
 11
142.6515289999999823
 21
-148.0644629999999893
 31
0
  0
LINE
  5
114E
330
1A
100
AcDbEntity
  8
BLACK
  6
CONTINUOUS
100
AcDbLine
 10
142.6515289999999823
 20
-148.0644629999999893
 30
0
 11
142.8420050000000003
 21
-147.7787490000000048
 31
0
  0
LINE
  5
114F
330
1A
100
AcDbEntity
  8
BLACK
  6
CONTINUOUS
100
AcDbLine
 10
142.8420050000000003
 20
-147.7787490000000048
 30
0
 11
142.9372429999999952
 21
-147.3977969999999971
 31
0
  0
LINE
  5
1150
330
1A
100
AcDbEntity
  8
BLACK
  6
CONTINUOUS
100
AcDbLine
 10
142.9372429999999952
 20
-147.3977969999999971
 30
0
 11
142.9372429999999952
 21
-146.6358919999999841
 31
0
  0
LINE
  5
1151
330
1A
100
AcDbEntity
  8
BLACK
  6
CONTINUOUS
100
AcDbLine
 10
142.9372429999999952
 20
-146.6358919999999841
 30
0
 11
142.8420050000000003
 21
-146.4454159999999945
 31
0
  0
LINE
  5
1152
330
1A
100
AcDbEntity
  8
BLACK
  6
CONTINUOUS
100
AcDbLine
 10
142.8420050000000003
 20
-146.4454159999999945
 30
0
 11
142.7467670000000055
 21
-146.3501779999999997
 31
0
  0
LINE
  5
1153
330
1A
100
AcDbEntity
  8
BLACK
  6
CONTINUOUS
100
AcDbLine
 10
142.7467670000000055
 20
-146.3501779999999997
 30
0
 11
142.5562909999999874
 21
-146.2549400000000048
 31
0
  0
LINE
  5
1154
330
1A
100
AcDbEntity
  8
BLACK
  6
CONTINUOUS
100
AcDbLine
 10
142.5562909999999874
 20
-146.2549400000000048
 30
0
 11
142.1753379999999822
 21
-146.2549400000000048
 31
0
  0
LINE
  5
1155
330
1A
100
AcDbEntity
  8
BLACK
  6
CONTINUOUS
100
AcDbLine
 10
142.1753379999999822
 20
-146.2549400000000048
 30
0
 11
141.9848619999999926
 21
-146.3501779999999997
 31
0
  0
LINE
  5
1156
330
1A
100
AcDbEntity
  8
BLACK
  6
CONTINUOUS
100
AcDbLine
 10
141.9848619999999926
 20
-146.3501779999999997
 30
0
 11
141.8896239999999977
 21
-146.4454159999999945
 31
0
  0
LINE
  5
1157
330
1A
100
AcDbEntity
  8
BLACK
  6
CONTINUOUS
100
AcDbLine
 10
141.8896239999999977
 20
-146.4454159999999945
 30
0
 11
141.7943860000000029
 21
-146.6358919999999841
 31
0
  0
LINE
  5
1158
330
1A
100
AcDbEntity
  8
BLACK
  6
CONTINUOUS
100
AcDbLine
 10
141.7943860000000029
 20
-146.6358919999999841
 30
0
 11
141.7943860000000029
 21
-147.1120819999999867
 31
0
  0
LINE
  5
1159
330
1A
100
AcDbEntity
  8
BLACK
  6
CONTINUOUS
100
AcDbLine
 10
141.7943860000000029
 20
-147.1120819999999867
 30
0
 11
141.8896239999999977
 21
-147.3025590000000022
 31
0
  0
LINE
  5
115A
330
1A
100
AcDbEntity
  8
BLACK
  6
CONTINUOUS
100
AcDbLine
 10
141.8896239999999977
 20
-147.3025590000000022
 30
0
 11
141.9848619999999926
 21
-147.3977969999999971
 31
0
  0
LINE
  5
115B
330
1A
100
AcDbEntity
  8
BLACK
  6
CONTINUOUS
100
AcDbLine
 10
141.9848619999999926
 20
-147.3977969999999971
 30
0
 11
142.1753379999999822
 21
-147.4930349999999919
 31
0
  0
LINE
  5
115C
330
1A
100
AcDbEntity
  8
BLACK
  6
CONTINUOUS
100
AcDbLine
 10
142.1753379999999822
 20
-147.4930349999999919
 30
0
 11
142.5562909999999874
 21
-147.4930349999999919
 31
0
  0
LINE
  5
115D
330
1A
100
AcDbEntity
  8
BLACK
  6
CONTINUOUS
100
AcDbLine
 10
142.5562909999999874
 20
-147.4930349999999919
 30
0
 11
142.7467670000000055
 21
-147.3977969999999971
 31
0
  0
LINE
  5
115E
330
1A
100
AcDbEntity
  8
BLACK
  6
CONTINUOUS
100
AcDbLine
 10
142.7467670000000055
 20
-147.3977969999999971
 30
0
 11
142.8420050000000003
 21
-147.3025590000000022
 31
0
  0
LINE
  5
115F
330
1A
100
AcDbEntity
  8
BLACK
  6
CONTINUOUS
100
AcDbLine
 10
142.8420050000000003
 20
-147.3025590000000022
 30
0
 11
142.9372429999999952
 21
-147.1120819999999867
 31
0
  0
LINE
  5
1160
330
1A
100
AcDbEntity
  8
BLACK
  6
CONTINUOUS
100
AcDbLine
 10
144.8420050000000003
 20
-148.2549400000000048
 30
0
 11
143.6991479999999797
 21
-148.2549400000000048
 31
0
  0
LINE
  5
1161
330
1A
100
AcDbEntity
  8
BLACK
  6
CONTINUOUS
100
AcDbLine
 10
144.2705760000000055
 20
-148.2549400000000048
 30
0
 11
144.2705760000000055
 21
-146.2549400000000048
 31
0
  0
LINE
  5
1162
330
1A
100
AcDbEntity
  8
BLACK
  6
CONTINUOUS
100
AcDbLine
 10
144.2705760000000055
 20
-146.2549400000000048
 30
0
 11
144.0800999999999874
 21
-146.5406539999999893
 31
0
  0
LINE
  5
1163
330
1A
100
AcDbEntity
  8
BLACK
  6
CONTINUOUS
100
AcDbLine
 10
144.0800999999999874
 20
-146.5406539999999893
 30
0
 11
143.8896239999999977
 21
-146.7311300000000074
 31
0
  0
LINE
  5
1164
330
1A
100
AcDbEntity
  8
BLACK
  6
CONTINUOUS
100
AcDbLine
 10
143.8896239999999977
 20
-146.7311300000000074
 30
0
 11
143.6991479999999797
 21
-146.8263680000000022
 31
0
  0
LINE
  5
1165
330
1A
100
AcDbEntity
  8
BLACK
  6
CONTINUOUS
100
AcDbLine
 10
145.6039099999999848
 20
-146.2549400000000048
 30
0
 11
145.6039099999999848
 21
-146.6358919999999841
 31
0
  0
LINE
  5
1166
330
1A
100
AcDbEntity
  8
BLACK
  6
CONTINUOUS
100
AcDbLine
 10
146.3658149999999978
 20
-146.2549400000000048
 30
0
 11
146.3658149999999978
 21
-146.6358919999999841
 31
0
  0
LINE
  5
1167
330
1A
100
AcDbEntity
  8
BLACK
  6
CONTINUOUS
100
AcDbLine
 10
149.3181969999999978
 20
-149.0168439999999919
 30
0
 11
149.2229580000000055
 21
-148.921605999999997
 31
0
  0
LINE
  5
1168
330
1A
100
AcDbEntity
  8
BLACK
  6
CONTINUOUS
100
AcDbLine
 10
149.2229580000000055
 20
-148.921605999999997
 30
0
 11
149.0324819999999875
 21
-148.6358919999999841
 31
0
  0
LINE
  5
1169
330
1A
100
AcDbEntity
  8
BLACK
  6
CONTINUOUS
100
AcDbLine
 10
149.0324819999999875
 20
-148.6358919999999841
 30
0
 11
148.9372439999999926
 21
-148.4454159999999945
 31
0
  0
LINE
  5
116A
330
1A
100
AcDbEntity
  8
BLACK
  6
CONTINUOUS
100
AcDbLine
 10
148.9372439999999926
 20
-148.4454159999999945
 30
0
 11
148.8420059999999978
 21
-148.1597019999999816
 31
0
  0
LINE
  5
116B
330
1A
100
AcDbEntity
  8
BLACK
  6
CONTINUOUS
100
AcDbLine
 10
148.8420059999999978
 20
-148.1597019999999816
 30
0
 11
148.746768000000003
 21
-147.6835109999999815
 31
0
  0
LINE
  5
116C
330
1A
100
AcDbEntity
  8
BLACK
  6
CONTINUOUS
100
AcDbLine
 10
148.746768000000003
 20
-147.6835109999999815
 30
0
 11
148.746768000000003
 21
-147.3025590000000022
 31
0
  0
LINE
  5
116D
330
1A
100
AcDbEntity
  8
BLACK
  6
CONTINUOUS
100
AcDbLine
 10
148.746768000000003
 20
-147.3025590000000022
 30
0
 11
148.8420059999999978
 21
-146.8263680000000022
 31
0
  0
LINE
  5
116E
330
1A
100
AcDbEntity
  8
BLACK
  6
CONTINUOUS
100
AcDbLine
 10
148.8420059999999978
 20
-146.8263680000000022
 30
0
 11
148.9372439999999926
 21
-146.5406539999999893
 31
0
  0
LINE
  5
116F
330
1A
100
AcDbEntity
  8
BLACK
  6
CONTINUOUS
100
AcDbLine
 10
148.9372439999999926
 20
-146.5406539999999893
 30
0
 11
149.0324819999999875
 21
-146.3501779999999997
 31
0
  0
LINE
  5
1170
330
1A
100
AcDbEntity
  8
BLACK
  6
CONTINUOUS
100
AcDbLine
 10
149.0324819999999875
 20
-146.3501779999999997
 30
0
 11
149.2229580000000055
 21
-146.0644629999999893
 31
0
  0
LINE
  5
1171
330
1A
100
AcDbEntity
  8
BLACK
  6
CONTINUOUS
100
AcDbLine
 10
149.2229580000000055
 20
-146.0644629999999893
 30
0
 11
149.3181969999999978
 21
-145.9692249999999945
 31
0
  0
LINE
  5
1172
330
1A
100
AcDbEntity
  8
BLACK
  6
CONTINUOUS
100
AcDbLine
 10
151.1277199999999823
 20
-148.2549400000000048
 30
0
 11
149.9848629999999901
 21
-148.2549400000000048
 31
0
  0
LINE
  5
1173
330
1A
100
AcDbEntity
  8
BLACK
  6
CONTINUOUS
100
AcDbLine
 10
150.5562909999999874
 20
-148.2549400000000048
 30
0
 11
150.5562909999999874
 21
-146.2549400000000048
 31
0
  0
LINE
  5
1174
330
1A
100
AcDbEntity
  8
BLACK
  6
CONTINUOUS
100
AcDbLine
 10
150.5562909999999874
 20
-146.2549400000000048
 30
0
 11
150.3658149999999978
 21
-146.5406539999999893
 31
0
  0
LINE
  5
1175
330
1A
100
AcDbEntity
  8
BLACK
  6
CONTINUOUS
100
AcDbLine
 10
150.3658149999999978
 20
-146.5406539999999893
 30
0
 11
150.1753389999999797
 21
-146.7311300000000074
 31
0
  0
LINE
  5
1176
330
1A
100
AcDbEntity
  8
BLACK
  6
CONTINUOUS
100
AcDbLine
 10
150.1753389999999797
 20
-146.7311300000000074
 30
0
 11
149.9848629999999901
 21
-146.8263680000000022
 31
0
  0
LINE
  5
1177
330
1A
100
AcDbEntity
  8
BLACK
  6
CONTINUOUS
100
AcDbLine
 10
151.8896249999999952
 20
-146.4454159999999945
 30
0
 11
151.9848629999999901
 21
-146.3501779999999997
 31
0
  0
LINE
  5
1178
330
1A
100
AcDbEntity
  8
BLACK
  6
CONTINUOUS
100
AcDbLine
 10
151.9848629999999901
 20
-146.3501779999999997
 30
0
 11
152.1753389999999797
 21
-146.2549400000000048
 31
0
  0
LINE
  5
1179
330
1A
100
AcDbEntity
  8
BLACK
  6
CONTINUOUS
100
AcDbLine
 10
152.1753389999999797
 20
-146.2549400000000048
 30
0
 11
152.6515299999999797
 21
-146.2549400000000048
 31
0
  0
LINE
  5
117A
330
1A
100
AcDbEntity
  8
BLACK
  6
CONTINUOUS
100
AcDbLine
 10
152.6515299999999797
 20
-146.2549400000000048
 30
0
 11
152.8420059999999978
 21
-146.3501779999999997
 31
0
  0
LINE
  5
117B
330
1A
100
AcDbEntity
  8
BLACK
  6
CONTINUOUS
100
AcDbLine
 10
152.8420059999999978
 20
-146.3501779999999997
 30
0
 11
152.9372439999999926
 21
-146.4454159999999945
 31
0
  0
LINE
  5
117C
330
1A
100
AcDbEntity
  8
BLACK
  6
CONTINUOUS
100
AcDbLine
 10
152.9372439999999926
 20
-146.4454159999999945
 30
0
 11
153.0324819999999875
 21
-146.6358919999999841
 31
0
  0
LINE
  5
117D
330
1A
100
AcDbEntity
  8
BLACK
  6
CONTINUOUS
100
AcDbLine
 10
153.0324819999999875
 20
-146.6358919999999841
 30
0
 11
153.0324819999999875
 21
-146.8263680000000022
 31
0
  0
LINE
  5
117E
330
1A
100
AcDbEntity
  8
BLACK
  6
CONTINUOUS
100
AcDbLine
 10
153.0324819999999875
 20
-146.8263680000000022
 30
0
 11
152.9372439999999926
 21
-147.1120819999999867
 31
0
  0
LINE
  5
117F
330
1A
100
AcDbEntity
  8
BLACK
  6
CONTINUOUS
100
AcDbLine
 10
152.9372439999999926
 20
-147.1120819999999867
 30
0
 11
151.7943870000000004
 21
-148.2549400000000048
 31
0
  0
LINE
  5
1180
330
1A
100
AcDbEntity
  8
BLACK
  6
CONTINUOUS
100
AcDbLine
 10
151.7943870000000004
 20
-148.2549400000000048
 30
0
 11
153.0324819999999875
 21
-148.2549400000000048
 31
0
  0
LINE
  5
1181
330
1A
100
AcDbEntity
  8
BLACK
  6
CONTINUOUS
100
AcDbLine
 10
155.4134349999999927
 20
-148.2549400000000048
 30
0
 11
155.4134349999999927
 21
-146.2549400000000048
 31
0
  0
LINE
  5
1182
330
1A
100
AcDbEntity
  8
BLACK
  6
CONTINUOUS
100
AcDbLine
 10
156.2705780000000004
 20
-148.2549400000000048
 30
0
 11
156.2705780000000004
 21
-147.2073210000000074
 31
0
  0
LINE
  5
1183
330
1A
100
AcDbEntity
  8
BLACK
  6
CONTINUOUS
100
AcDbLine
 10
156.2705780000000004
 20
-147.2073210000000074
 30
0
 11
156.1753400000000056
 21
-147.0168439999999919
 31
0
  0
LINE
  5
1184
330
1A
100
AcDbEntity
  8
BLACK
  6
CONTINUOUS
100
AcDbLine
 10
156.1753400000000056
 20
-147.0168439999999919
 30
0
 11
155.9848639999999875
 21
-146.921605999999997
 31
0
  0
LINE
  5
1185
330
1A
100
AcDbEntity
  8
BLACK
  6
CONTINUOUS
100
AcDbLine
 10
155.9848639999999875
 20
-146.921605999999997
 30
0
 11
155.6991490000000056
 21
-146.921605999999997
 31
0
  0
LINE
  5
1186
330
1A
100
AcDbEntity
  8
BLACK
  6
CONTINUOUS
100
AcDbLine
 10
155.6991490000000056
 20
-146.921605999999997
 30
0
 11
155.5086729999999875
 21
-147.0168439999999919
 31
0
  0
LINE
  5
1187
330
1A
100
AcDbEntity
  8
BLACK
  6
CONTINUOUS
100
AcDbLine
 10
155.5086729999999875
 20
-147.0168439999999919
 30
0
 11
155.4134349999999927
 21
-147.1120819999999867
 31
0
  0
LINE
  5
1188
330
1A
100
AcDbEntity
  8
BLACK
  6
CONTINUOUS
100
AcDbLine
 10
157.5086729999999875
 20
-148.2549400000000048
 30
0
 11
157.3181969999999978
 21
-148.1597019999999816
 31
0
  0
LINE
  5
1189
330
1A
100
AcDbEntity
  8
BLACK
  6
CONTINUOUS
100
AcDbLine
 10
157.3181969999999978
 20
-148.1597019999999816
 30
0
 11
157.222959000000003
 21
-148.0644629999999893
 31
0
  0
LINE
  5
118A
330
1A
100
AcDbEntity
  8
BLACK
  6
CONTINUOUS
100
AcDbLine
 10
157.222959000000003
 20
-148.0644629999999893
 30
0
 11
157.1277209999999798
 21
-147.8739869999999996
 31
0
  0
LINE
  5
118B
330
1A
100
AcDbEntity
  8
BLACK
  6
CONTINUOUS
100
AcDbLine
 10
157.1277209999999798
 20
-147.8739869999999996
 30
0
 11
157.1277209999999798
 21
-147.3025590000000022
 31
0
  0
LINE
  5
118C
330
1A
100
AcDbEntity
  8
BLACK
  6
CONTINUOUS
100
AcDbLine
 10
157.1277209999999798
 20
-147.3025590000000022
 30
0
 11
157.222959000000003
 21
-147.1120819999999867
 31
0
  0
LINE
  5
118D
330
1A
100
AcDbEntity
  8
BLACK
  6
CONTINUOUS
100
AcDbLine
 10
157.222959000000003
 20
-147.1120819999999867
 30
0
 11
157.3181969999999978
 21
-147.0168439999999919
 31
0
  0
LINE
  5
118E
330
1A
100
AcDbEntity
  8
BLACK
  6
CONTINUOUS
100
AcDbLine
 10
157.3181969999999978
 20
-147.0168439999999919
 30
0
 11
157.5086729999999875
 21
-146.921605999999997
 31
0
  0
LINE
  5
118F
330
1A
100
AcDbEntity
  8
BLACK
  6
CONTINUOUS
100
AcDbLine
 10
157.5086729999999875
 20
-146.921605999999997
 30
0
 11
157.7943879999999979
 21
-146.921605999999997
 31
0
  0
LINE
  5
1190
330
1A
100
AcDbEntity
  8
BLACK
  6
CONTINUOUS
100
AcDbLine
 10
157.7943879999999979
 20
-146.921605999999997
 30
0
 11
157.9848639999999875
 21
-147.0168439999999919
 31
0
  0
LINE
  5
1191
330
1A
100
AcDbEntity
  8
BLACK
  6
CONTINUOUS
100
AcDbLine
 10
157.9848639999999875
 20
-147.0168439999999919
 30
0
 11
158.0801019999999824
 21
-147.1120819999999867
 31
0
  0
LINE
  5
1192
330
1A
100
AcDbEntity
  8
BLACK
  6
CONTINUOUS
100
AcDbLine
 10
158.0801019999999824
 20
-147.1120819999999867
 30
0
 11
158.1753400000000056
 21
-147.3025590000000022
 31
0
  0
LINE
  5
1193
330
1A
100
AcDbEntity
  8
BLACK
  6
CONTINUOUS
100
AcDbLine
 10
158.1753400000000056
 20
-147.3025590000000022
 30
0
 11
158.1753400000000056
 21
-147.8739869999999996
 31
0
  0
LINE
  5
1194
330
1A
100
AcDbEntity
  8
BLACK
  6
CONTINUOUS
100
AcDbLine
 10
158.1753400000000056
 20
-147.8739869999999996
 30
0
 11
158.0801019999999824
 21
-148.0644629999999893
 31
0
  0
LINE
  5
1195
330
1A
100
AcDbEntity
  8
BLACK
  6
CONTINUOUS
100
AcDbLine
 10
158.0801019999999824
 20
-148.0644629999999893
 30
0
 11
157.9848639999999875
 21
-148.1597019999999816
 31
0
  0
LINE
  5
1196
330
1A
100
AcDbEntity
  8
BLACK
  6
CONTINUOUS
100
AcDbLine
 10
157.9848639999999875
 20
-148.1597019999999816
 30
0
 11
157.7943879999999979
 21
-148.2549400000000048
 31
0
  0
LINE
  5
1197
330
1A
100
AcDbEntity
  8
BLACK
  6
CONTINUOUS
100
AcDbLine
 10
157.7943879999999979
 20
-148.2549400000000048
 30
0
 11
157.5086729999999875
 21
-148.2549400000000048
 31
0
  0
LINE
  5
1198
330
1A
100
AcDbEntity
  8
BLACK
  6
CONTINUOUS
100
AcDbLine
 10
159.3181969999999978
 20
-148.2549400000000048
 30
0
 11
159.1277209999999798
 21
-148.1597019999999816
 31
0
  0
LINE
  5
1199
330
1A
100
AcDbEntity
  8
BLACK
  6
CONTINUOUS
100
AcDbLine
 10
159.1277209999999798
 20
-148.1597019999999816
 30
0
 11
159.0324829999999849
 21
-147.9692249999999945
 31
0
  0
LINE
  5
119A
330
1A
100
AcDbEntity
  8
BLACK
  6
CONTINUOUS
100
AcDbLine
 10
159.0324829999999849
 20
-147.9692249999999945
 30
0
 11
159.0324829999999849
 21
-146.2549400000000048
 31
0
  0
LINE
  5
119B
330
1A
100
AcDbEntity
  8
BLACK
  6
CONTINUOUS
100
AcDbLine
 10
160.8420069999999953
 20
-148.1597019999999816
 30
0
 11
160.6515310000000056
 21
-148.2549400000000048
 31
0
  0
LINE
  5
119C
330
1A
100
AcDbEntity
  8
BLACK
  6
CONTINUOUS
100
AcDbLine
 10
160.6515310000000056
 20
-148.2549400000000048
 30
0
 11
160.2705780000000004
 21
-148.2549400000000048
 31
0
  0
LINE
  5
119D
330
1A
100
AcDbEntity
  8
BLACK
  6
CONTINUOUS
100
AcDbLine
 10
160.2705780000000004
 20
-148.2549400000000048
 30
0
 11
160.0801019999999824
 21
-148.1597019999999816
 31
0
  0
LINE
  5
119E
330
1A
100
AcDbEntity
  8
BLACK
  6
CONTINUOUS
100
AcDbLine
 10
160.0801019999999824
 20
-148.1597019999999816
 30
0
 11
159.9848639999999875
 21
-147.9692249999999945
 31
0
  0
LINE
  5
119F
330
1A
100
AcDbEntity
  8
BLACK
  6
CONTINUOUS
100
AcDbLine
 10
159.9848639999999875
 20
-147.9692249999999945
 30
0
 11
159.9848639999999875
 21
-147.2073210000000074
 31
0
  0
LINE
  5
11A0
330
1A
100
AcDbEntity
  8
BLACK
  6
CONTINUOUS
100
AcDbLine
 10
159.9848639999999875
 20
-147.2073210000000074
 30
0
 11
160.0801019999999824
 21
-147.0168439999999919
 31
0
  0
LINE
  5
11A1
330
1A
100
AcDbEntity
  8
BLACK
  6
CONTINUOUS
100
AcDbLine
 10
160.0801019999999824
 20
-147.0168439999999919
 30
0
 11
160.2705780000000004
 21
-146.921605999999997
 31
0
  0
LINE
  5
11A2
330
1A
100
AcDbEntity
  8
BLACK
  6
CONTINUOUS
100
AcDbLine
 10
160.2705780000000004
 20
-146.921605999999997
 30
0
 11
160.6515310000000056
 21
-146.921605999999997
 31
0
  0
LINE
  5
11A3
330
1A
100
AcDbEntity
  8
BLACK
  6
CONTINUOUS
100
AcDbLine
 10
160.6515310000000056
 20
-146.921605999999997
 30
0
 11
160.8420069999999953
 21
-147.0168439999999919
 31
0
  0
LINE
  5
11A4
330
1A
100
AcDbEntity
  8
BLACK
  6
CONTINUOUS
100
AcDbLine
 10
160.8420069999999953
 20
-147.0168439999999919
 30
0
 11
160.9372449999999901
 21
-147.2073210000000074
 31
0
  0
LINE
  5
11A5
330
1A
100
AcDbEntity
  8
BLACK
  6
CONTINUOUS
100
AcDbLine
 10
160.9372449999999901
 20
-147.2073210000000074
 30
0
 11
160.9372449999999901
 21
-147.3977969999999971
 31
0
  0
LINE
  5
11A6
330
1A
100
AcDbEntity
  8
BLACK
  6
CONTINUOUS
100
AcDbLine
 10
160.9372449999999901
 20
-147.3977969999999971
 30
0
 11
159.9848639999999875
 21
-147.5882729999999867
 31
0
  0
LINE
  5
11A7
330
1A
100
AcDbEntity
  8
BLACK
  6
CONTINUOUS
100
AcDbLine
 10
161.699150000000003
 20
-148.1597019999999816
 30
0
 11
161.8896259999999927
 21
-148.2549400000000048
 31
0
  0
LINE
  5
11A8
330
1A
100
AcDbEntity
  8
BLACK
  6
CONTINUOUS
100
AcDbLine
 10
161.8896259999999927
 20
-148.2549400000000048
 30
0
 11
162.2705780000000004
 21
-148.2549400000000048
 31
0
  0
LINE
  5
11A9
330
1A
100
AcDbEntity
  8
BLACK
  6
CONTINUOUS
100
AcDbLine
 10
162.2705780000000004
 20
-148.2549400000000048
 30
0
 11
162.4610549999999876
 21
-148.1597019999999816
 31
0
  0
LINE
  5
11AA
330
1A
100
AcDbEntity
  8
BLACK
  6
CONTINUOUS
100
AcDbLine
 10
162.4610549999999876
 20
-148.1597019999999816
 30
0
 11
162.5562929999999824
 21
-147.9692249999999945
 31
0
  0
LINE
  5
11AB
330
1A
100
AcDbEntity
  8
BLACK
  6
CONTINUOUS
100
AcDbLine
 10
162.5562929999999824
 20
-147.9692249999999945
 30
0
 11
162.5562929999999824
 21
-147.8739869999999996
 31
0
  0
LINE
  5
11AC
330
1A
100
AcDbEntity
  8
BLACK
  6
CONTINUOUS
100
AcDbLine
 10
162.5562929999999824
 20
-147.8739869999999996
 30
0
 11
162.4610549999999876
 21
-147.6835109999999815
 31
0
  0
LINE
  5
11AD
330
1A
100
AcDbEntity
  8
BLACK
  6
CONTINUOUS
100
AcDbLine
 10
162.4610549999999876
 20
-147.6835109999999815
 30
0
 11
162.2705780000000004
 21
-147.5882729999999867
 31
0
  0
LINE
  5
11AE
330
1A
100
AcDbEntity
  8
BLACK
  6
CONTINUOUS
100
AcDbLine
 10
162.2705780000000004
 20
-147.5882729999999867
 30
0
 11
161.9848639999999875
 21
-147.5882729999999867
 31
0
  0
LINE
  5
11AF
330
1A
100
AcDbEntity
  8
BLACK
  6
CONTINUOUS
100
AcDbLine
 10
161.9848639999999875
 20
-147.5882729999999867
 30
0
 11
161.7943879999999979
 21
-147.4930349999999919
 31
0
  0
LINE
  5
11B0
330
1A
100
AcDbEntity
  8
BLACK
  6
CONTINUOUS
100
AcDbLine
 10
161.7943879999999979
 20
-147.4930349999999919
 30
0
 11
161.699150000000003
 21
-147.3025590000000022
 31
0
  0
LINE
  5
11B1
330
1A
100
AcDbEntity
  8
BLACK
  6
CONTINUOUS
100
AcDbLine
 10
161.699150000000003
 20
-147.3025590000000022
 30
0
 11
161.699150000000003
 21
-147.2073210000000074
 31
0
  0
LINE
  5
11B2
330
1A
100
AcDbEntity
  8
BLACK
  6
CONTINUOUS
100
AcDbLine
 10
161.699150000000003
 20
-147.2073210000000074
 30
0
 11
161.7943879999999979
 21
-147.0168439999999919
 31
0
  0
LINE
  5
11B3
330
1A
100
AcDbEntity
  8
BLACK
  6
CONTINUOUS
100
AcDbLine
 10
161.7943879999999979
 20
-147.0168439999999919
 30
0
 11
161.9848639999999875
 21
-146.921605999999997
 31
0
  0
LINE
  5
11B4
330
1A
100
AcDbEntity
  8
BLACK
  6
CONTINUOUS
100
AcDbLine
 10
161.9848639999999875
 20
-146.921605999999997
 30
0
 11
162.2705780000000004
 21
-146.921605999999997
 31
0
  0
LINE
  5
11B5
330
1A
100
AcDbEntity
  8
BLACK
  6
CONTINUOUS
100
AcDbLine
 10
162.2705780000000004
 20
-146.921605999999997
 30
0
 11
162.4610549999999876
 21
-147.0168439999999919
 31
0
  0
LINE
  5
11B6
330
1A
100
AcDbEntity
  8
BLACK
  6
CONTINUOUS
100
AcDbLine
 10
163.2229600000000005
 20
-149.0168439999999919
 30
0
 11
163.3181979999999953
 21
-148.921605999999997
 31
0
  0
LINE
  5
11B7
330
1A
100
AcDbEntity
  8
BLACK
  6
CONTINUOUS
100
AcDbLine
 10
163.3181979999999953
 20
-148.921605999999997
 30
0
 11
163.508673999999985
 21
-148.6358919999999841
 31
0
  0
LINE
  5
11B8
330
1A
100
AcDbEntity
  8
BLACK
  6
CONTINUOUS
100
AcDbLine
 10
163.508673999999985
 20
-148.6358919999999841
 30
0
 11
163.6039119999999798
 21
-148.4454159999999945
 31
0
  0
LINE
  5
11B9
330
1A
100
AcDbEntity
  8
BLACK
  6
CONTINUOUS
100
AcDbLine
 10
163.6039119999999798
 20
-148.4454159999999945
 30
0
 11
163.699150000000003
 21
-148.1597019999999816
 31
0
  0
LINE
  5
11BA
330
1A
100
AcDbEntity
  8
BLACK
  6
CONTINUOUS
100
AcDbLine
 10
163.699150000000003
 20
-148.1597019999999816
 30
0
 11
163.7943879999999979
 21
-147.6835109999999815
 31
0
  0
LINE
  5
11BB
330
1A
100
AcDbEntity
  8
BLACK
  6
CONTINUOUS
100
AcDbLine
 10
163.7943879999999979
 20
-147.6835109999999815
 30
0
 11
163.7943879999999979
 21
-147.3025590000000022
 31
0
  0
LINE
  5
11BC
330
1A
100
AcDbEntity
  8
BLACK
  6
CONTINUOUS
100
AcDbLine
 10
163.7943879999999979
 20
-147.3025590000000022
 30
0
 11
163.699150000000003
 21
-146.8263680000000022
 31
0
  0
LINE
  5
11BD
330
1A
100
AcDbEntity
  8
BLACK
  6
CONTINUOUS
100
AcDbLine
 10
163.699150000000003
 20
-146.8263680000000022
 30
0
 11
163.6039119999999798
 21
-146.5406539999999893
 31
0
  0
LINE
  5
11BE
330
1A
100
AcDbEntity
  8
BLACK
  6
CONTINUOUS
100
AcDbLine
 10
163.6039119999999798
 20
-146.5406539999999893
 30
0
 11
163.508673999999985
 21
-146.3501779999999997
 31
0
  0
LINE
  5
11BF
330
1A
100
AcDbEntity
  8
BLACK
  6
CONTINUOUS
100
AcDbLine
 10
163.508673999999985
 20
-146.3501779999999997
 30
0
 11
163.3181979999999953
 21
-146.0644629999999893
 31
0
  0
LINE
  5
11C0
330
1A
100
AcDbEntity
  8
BLACK
  6
CONTINUOUS
100
AcDbLine
 10
163.3181979999999953
 20
-146.0644629999999893
 30
0
 11
163.2229600000000005
 21
-145.9692249999999945
 31
0
  0
LINE
  5
11C1
330
1A
100
AcDbEntity
  8
BLACK
  6
CONTINUOUS
100
AcDbLine
 10
111.5675679999999943
 20
-149.0401019999999903
 30
0
 11
113.5675679999999943
 21
-151.0401019999999903
 31
0
  0
LINE
  5
11C2
330
1A
100
AcDbEntity
  8
BLACK
  6
CONTINUOUS
100
AcDbLine
 10
113.5675679999999943
 20
-149.0401019999999903
 30
0
 11
111.5675679999999943
 21
-151.0401019999999903
 31
0
  0
LINE
  5
11C3
330
1A
100
AcDbEntity
  8
BLACK
  6
CONTINUOUS
100
AcDbLine
 10
113.2746819999999985
 20
-150.7472159999999803
 30
0
 11
113.2746819999999985
 21
-149.3329880000000003
 31
0
  0
LINE
  5
11C4
330
1A
100
AcDbEntity
  8
BLACK
  6
CONTINUOUS
100
AcDbLine
 10
113.2746819999999985
 20
-149.3329880000000003
 30
0
 11
111.8604539999999901
 21
-149.3329880000000003
 31
0
  0
LINE
  5
11C5
330
1A
100
AcDbEntity
  8
BLACK
  6
CONTINUOUS
100
AcDbLine
 10
111.8604539999999901
 20
-149.3329880000000003
 30
0
 11
111.8604539999999901
 21
-150.7472159999999803
 31
0
  0
LINE
  5
11C6
330
1A
100
AcDbEntity
  8
BLACK
  6
CONTINUOUS
100
AcDbLine
 10
111.8604539999999901
 20
-150.7472159999999803
 30
0
 11
113.2746819999999985
 21
-150.7472159999999803
 31
0
  0
LINE
  5
11C7
330
1A
100
AcDbEntity
  8
BLACK
  6
CONTINUOUS
100
AcDbLine
 10
116.0800979999999925
 20
-149.1454159999999831
 30
0
 11
116.1753360000000015
 21
-149.0501779999999883
 31
0
  0
LINE
  5
11C8
330
1A
100
AcDbEntity
  8
BLACK
  6
CONTINUOUS
100
AcDbLine
 10
116.1753360000000015
 20
-149.0501779999999883
 30
0
 11
116.3658119999999911
 21
-148.9549399999999935
 31
0
  0
LINE
  5
11C9
330
1A
100
AcDbEntity
  8
BLACK
  6
CONTINUOUS
100
AcDbLine
 10
116.3658119999999911
 20
-148.9549399999999935
 30
0
 11
116.8420029999999912
 21
-148.9549399999999935
 31
0
  0
LINE
  5
11CA
330
1A
100
AcDbEntity
  8
BLACK
  6
CONTINUOUS
100
AcDbLine
 10
116.8420029999999912
 20
-148.9549399999999935
 30
0
 11
117.032478999999995
 21
-149.0501779999999883
 31
0
  0
LINE
  5
11CB
330
1A
100
AcDbEntity
  8
BLACK
  6
CONTINUOUS
100
AcDbLine
 10
117.032478999999995
 20
-149.0501779999999883
 30
0
 11
117.1277169999999899
 21
-149.1454159999999831
 31
0
  0
LINE
  5
11CC
330
1A
100
AcDbEntity
  8
BLACK
  6
CONTINUOUS
100
AcDbLine
 10
117.1277169999999899
 20
-149.1454159999999831
 30
0
 11
117.2229549999999989
 21
-149.3358920000000012
 31
0
  0
LINE
  5
11CD
330
1A
100
AcDbEntity
  8
BLACK
  6
CONTINUOUS
100
AcDbLine
 10
117.2229549999999989
 20
-149.3358920000000012
 30
0
 11
117.2229549999999989
 21
-149.5263679999999908
 31
0
  0
LINE
  5
11CE
330
1A
100
AcDbEntity
  8
BLACK
  6
CONTINUOUS
100
AcDbLine
 10
117.2229549999999989
 20
-149.5263679999999908
 30
0
 11
117.1277169999999899
 21
-149.8120820000000037
 31
0
  0
LINE
  5
11CF
330
1A
100
AcDbEntity
  8
BLACK
  6
CONTINUOUS
100
AcDbLine
 10
117.1277169999999899
 20
-149.8120820000000037
 30
0
 11
115.9848599999999976
 21
-150.9549399999999935
 31
0
  0
LINE
  5
11D0
330
1A
100
AcDbEntity
  8
BLACK
  6
CONTINUOUS
100
AcDbLine
 10
115.9848599999999976
 20
-150.9549399999999935
 30
0
 11
117.2229549999999989
 21
-150.9549399999999935
 31
0
  0
LINE
  5
11D1
330
1A
100
AcDbEntity
  8
BLACK
  6
CONTINUOUS
100
AcDbLine
 10
118.0800979999999925
 20
-150.7644630000000063
 30
0
 11
118.1753360000000015
 21
-150.8597019999999986
 31
0
  0
LINE
  5
11D2
330
1A
100
AcDbEntity
  8
BLACK
  6
CONTINUOUS
100
AcDbLine
 10
118.1753360000000015
 20
-150.8597019999999986
 30
0
 11
118.0800979999999925
 21
-150.9549399999999935
 31
0
  0
LINE
  5
11D3
330
1A
100
AcDbEntity
  8
BLACK
  6
CONTINUOUS
100
AcDbLine
 10
118.0800979999999925
 20
-150.9549399999999935
 30
0
 11
117.9848599999999976
 21
-150.8597019999999986
 31
0
  0
LINE
  5
11D4
330
1A
100
AcDbEntity
  8
BLACK
  6
CONTINUOUS
100
AcDbLine
 10
117.9848599999999976
 20
-150.8597019999999986
 30
0
 11
118.0800979999999925
 21
-150.7644630000000063
 31
0
  0
LINE
  5
11D5
330
1A
100
AcDbEntity
  8
BLACK
  6
CONTINUOUS
100
AcDbLine
 10
118.0800979999999925
 20
-150.7644630000000063
 30
0
 11
118.0800979999999925
 21
-150.9549399999999935
 31
0
  0
LINE
  5
11D6
330
1A
100
AcDbEntity
  8
BLACK
  6
CONTINUOUS
100
AcDbLine
 10
118.8420029999999912
 20
-148.9549399999999935
 30
0
 11
120.1753360000000015
 21
-148.9549399999999935
 31
0
  0
LINE
  5
11D7
330
1A
100
AcDbEntity
  8
BLACK
  6
CONTINUOUS
100
AcDbLine
 10
120.1753360000000015
 20
-148.9549399999999935
 30
0
 11
119.3181929999999937
 21
-150.9549399999999935
 31
0
  0
LINE
  5
11D8
330
1A
100
AcDbEntity
  8
BLACK
  6
CONTINUOUS
100
AcDbLine
 10
121.3181929999999937
 20
-148.9549399999999935
 30
0
 11
121.5086699999999951
 21
-148.9549399999999935
 31
0
  0
LINE
  5
11D9
330
1A
100
AcDbEntity
  8
BLACK
  6
CONTINUOUS
100
AcDbLine
 10
121.5086699999999951
 20
-148.9549399999999935
 30
0
 11
121.6991459999999989
 21
-149.0501779999999883
 31
0
  0
LINE
  5
11DA
330
1A
100
AcDbEntity
  8
BLACK
  6
CONTINUOUS
100
AcDbLine
 10
121.6991459999999989
 20
-149.0501779999999883
 30
0
 11
121.7943839999999938
 21
-149.1454159999999831
 31
0
  0
LINE
  5
11DB
330
1A
100
AcDbEntity
  8
BLACK
  6
CONTINUOUS
100
AcDbLine
 10
121.7943839999999938
 20
-149.1454159999999831
 30
0
 11
121.8896219999999886
 21
-149.3358920000000012
 31
0
  0
LINE
  5
11DC
330
1A
100
AcDbEntity
  8
BLACK
  6
CONTINUOUS
100
AcDbLine
 10
121.8896219999999886
 20
-149.3358920000000012
 30
0
 11
121.9848599999999976
 21
-149.7168439999999805
 31
0
  0
LINE
  5
11DD
330
1A
100
AcDbEntity
  8
BLACK
  6
CONTINUOUS
100
AcDbLine
 10
121.9848599999999976
 20
-149.7168439999999805
 30
0
 11
121.9848599999999976
 21
-150.1930349999999805
 31
0
  0
LINE
  5
11DE
330
1A
100
AcDbEntity
  8
BLACK
  6
CONTINUOUS
100
AcDbLine
 10
121.9848599999999976
 20
-150.1930349999999805
 30
0
 11
121.8896219999999886
 21
-150.5739869999999883
 31
0
  0
LINE
  5
11DF
330
1A
100
AcDbEntity
  8
BLACK
  6
CONTINUOUS
100
AcDbLine
 10
121.8896219999999886
 20
-150.5739869999999883
 30
0
 11
121.7943839999999938
 21
-150.7644630000000063
 31
0
  0
LINE
  5
11E0
330
1A
100
AcDbEntity
  8
BLACK
  6
CONTINUOUS
100
AcDbLine
 10
121.7943839999999938
 20
-150.7644630000000063
 30
0
 11
121.6991459999999989
 21
-150.8597019999999986
 31
0
  0
LINE
  5
11E1
330
1A
100
AcDbEntity
  8
BLACK
  6
CONTINUOUS
100
AcDbLine
 10
121.6991459999999989
 20
-150.8597019999999986
 30
0
 11
121.5086699999999951
 21
-150.9549399999999935
 31
0
  0
LINE
  5
11E2
330
1A
100
AcDbEntity
  8
BLACK
  6
CONTINUOUS
100
AcDbLine
 10
121.5086699999999951
 20
-150.9549399999999935
 30
0
 11
121.3181929999999937
 21
-150.9549399999999935
 31
0
  0
LINE
  5
11E3
330
1A
100
AcDbEntity
  8
BLACK
  6
CONTINUOUS
100
AcDbLine
 10
121.3181929999999937
 20
-150.9549399999999935
 30
0
 11
121.1277169999999899
 21
-150.8597019999999986
 31
0
  0
LINE
  5
11E4
330
1A
100
AcDbEntity
  8
BLACK
  6
CONTINUOUS
100
AcDbLine
 10
121.1277169999999899
 20
-150.8597019999999986
 30
0
 11
121.032478999999995
 21
-150.7644630000000063
 31
0
  0
LINE
  5
11E5
330
1A
100
AcDbEntity
  8
BLACK
  6
CONTINUOUS
100
AcDbLine
 10
121.032478999999995
 20
-150.7644630000000063
 30
0
 11
120.9372410000000002
 21
-150.5739869999999883
 31
0
  0
LINE
  5
11E6
330
1A
100
AcDbEntity
  8
BLACK
  6
CONTINUOUS
100
AcDbLine
 10
120.9372410000000002
 20
-150.5739869999999883
 30
0
 11
120.8420029999999912
 21
-150.1930349999999805
 31
0
  0
LINE
  5
11E7
330
1A
100
AcDbEntity
  8
BLACK
  6
CONTINUOUS
100
AcDbLine
 10
120.8420029999999912
 20
-150.1930349999999805
 30
0
 11
120.8420029999999912
 21
-149.7168439999999805
 31
0
  0
LINE
  5
11E8
330
1A
100
AcDbEntity
  8
BLACK
  6
CONTINUOUS
100
AcDbLine
 10
120.8420029999999912
 20
-149.7168439999999805
 30
0
 11
120.9372410000000002
 21
-149.3358920000000012
 31
0
  0
LINE
  5
11E9
330
1A
100
AcDbEntity
  8
BLACK
  6
CONTINUOUS
100
AcDbLine
 10
120.9372410000000002
 20
-149.3358920000000012
 30
0
 11
121.032478999999995
 21
-149.1454159999999831
 31
0
  0
LINE
  5
11EA
330
1A
100
AcDbEntity
  8
BLACK
  6
CONTINUOUS
100
AcDbLine
 10
121.032478999999995
 20
-149.1454159999999831
 30
0
 11
121.1277169999999899
 21
-149.0501779999999883
 31
0
  0
LINE
  5
11EB
330
1A
100
AcDbEntity
  8
BLACK
  6
CONTINUOUS
100
AcDbLine
 10
121.1277169999999899
 20
-149.0501779999999883
 30
0
 11
121.3181929999999937
 21
-148.9549399999999935
 31
0
  0
LINE
  5
11EC
330
1A
100
AcDbEntity
  8
BLACK
  6
CONTINUOUS
100
AcDbLine
 10
123.2229549999999989
 20
-148.9549399999999935
 30
0
 11
123.4134320000000002
 21
-148.9549399999999935
 31
0
  0
LINE
  5
11ED
330
1A
100
AcDbEntity
  8
BLACK
  6
CONTINUOUS
100
AcDbLine
 10
123.4134320000000002
 20
-148.9549399999999935
 30
0
 11
123.6039079999999899
 21
-149.0501779999999883
 31
0
  0
LINE
  5
11EE
330
1A
100
AcDbEntity
  8
BLACK
  6
CONTINUOUS
100
AcDbLine
 10
123.6039079999999899
 20
-149.0501779999999883
 30
0
 11
123.6991459999999989
 21
-149.1454159999999831
 31
0
  0
LINE
  5
11EF
330
1A
100
AcDbEntity
  8
BLACK
  6
CONTINUOUS
100
AcDbLine
 10
123.6991459999999989
 20
-149.1454159999999831
 30
0
 11
123.7943839999999938
 21
-149.3358920000000012
 31
0
  0
LINE
  5
11F0
330
1A
100
AcDbEntity
  8
BLACK
  6
CONTINUOUS
100
AcDbLine
 10
123.7943839999999938
 20
-149.3358920000000012
 30
0
 11
123.8896219999999886
 21
-149.7168439999999805
 31
0
  0
LINE
  5
11F1
330
1A
100
AcDbEntity
  8
BLACK
  6
CONTINUOUS
100
AcDbLine
 10
123.8896219999999886
 20
-149.7168439999999805
 30
0
 11
123.8896219999999886
 21
-150.1930349999999805
 31
0
  0
LINE
  5
11F2
330
1A
100
AcDbEntity
  8
BLACK
  6
CONTINUOUS
100
AcDbLine
 10
123.8896219999999886
 20
-150.1930349999999805
 30
0
 11
123.7943839999999938
 21
-150.5739869999999883
 31
0
  0
LINE
  5
11F3
330
1A
100
AcDbEntity
  8
BLACK
  6
CONTINUOUS
100
AcDbLine
 10
123.7943839999999938
 20
-150.5739869999999883
 30
0
 11
123.6991459999999989
 21
-150.7644630000000063
 31
0
  0
LINE
  5
11F4
330
1A
100
AcDbEntity
  8
BLACK
  6
CONTINUOUS
100
AcDbLine
 10
123.6991459999999989
 20
-150.7644630000000063
 30
0
 11
123.6039079999999899
 21
-150.8597019999999986
 31
0
  0
LINE
  5
11F5
330
1A
100
AcDbEntity
  8
BLACK
  6
CONTINUOUS
100
AcDbLine
 10
123.6039079999999899
 20
-150.8597019999999986
 30
0
 11
123.4134320000000002
 21
-150.9549399999999935
 31
0
  0
LINE
  5
11F6
330
1A
100
AcDbEntity
  8
BLACK
  6
CONTINUOUS
100
AcDbLine
 10
123.4134320000000002
 20
-150.9549399999999935
 30
0
 11
123.2229549999999989
 21
-150.9549399999999935
 31
0
  0
LINE
  5
11F7
330
1A
100
AcDbEntity
  8
BLACK
  6
CONTINUOUS
100
AcDbLine
 10
123.2229549999999989
 20
-150.9549399999999935
 30
0
 11
123.032478999999995
 21
-150.8597019999999986
 31
0
  0
LINE
  5
11F8
330
1A
100
AcDbEntity
  8
BLACK
  6
CONTINUOUS
100
AcDbLine
 10
123.032478999999995
 20
-150.8597019999999986
 30
0
 11
122.9372410000000002
 21
-150.7644630000000063
 31
0
  0
LINE
  5
11F9
330
1A
100
AcDbEntity
  8
BLACK
  6
CONTINUOUS
100
AcDbLine
 10
122.9372410000000002
 20
-150.7644630000000063
 30
0
 11
122.8420029999999912
 21
-150.5739869999999883
 31
0
  0
LINE
  5
11FA
330
1A
100
AcDbEntity
  8
BLACK
  6
CONTINUOUS
100
AcDbLine
 10
122.8420029999999912
 20
-150.5739869999999883
 30
0
 11
122.7467649999999963
 21
-150.1930349999999805
 31
0
  0
LINE
  5
11FB
330
1A
100
AcDbEntity
  8
BLACK
  6
CONTINUOUS
100
AcDbLine
 10
122.7467649999999963
 20
-150.1930349999999805
 30
0
 11
122.7467649999999963
 21
-149.7168439999999805
 31
0
  0
LINE
  5
11FC
330
1A
100
AcDbEntity
  8
BLACK
  6
CONTINUOUS
100
AcDbLine
 10
122.7467649999999963
 20
-149.7168439999999805
 30
0
 11
122.8420029999999912
 21
-149.3358920000000012
 31
0
  0
LINE
  5
11FD
330
1A
100
AcDbEntity
  8
BLACK
  6
CONTINUOUS
100
AcDbLine
 10
122.8420029999999912
 20
-149.3358920000000012
 30
0
 11
122.9372410000000002
 21
-149.1454159999999831
 31
0
  0
LINE
  5
11FE
330
1A
100
AcDbEntity
  8
BLACK
  6
CONTINUOUS
100
AcDbLine
 10
122.9372410000000002
 20
-149.1454159999999831
 30
0
 11
123.032478999999995
 21
-149.0501779999999883
 31
0
  0
LINE
  5
11FF
330
1A
100
AcDbEntity
  8
BLACK
  6
CONTINUOUS
100
AcDbLine
 10
123.032478999999995
 20
-149.0501779999999883
 30
0
 11
123.2229549999999989
 21
-148.9549399999999935
 31
0
  0
LINE
  5
1200
330
1A
100
AcDbEntity
  8
BLACK
  6
CONTINUOUS
100
AcDbLine
 10
124.7467649999999963
 20
-150.9549399999999935
 30
0
 11
124.7467649999999963
 21
-149.6216059999999857
 31
0
  0
LINE
  5
1201
330
1A
100
AcDbEntity
  8
BLACK
  6
CONTINUOUS
100
AcDbLine
 10
124.7467649999999963
 20
-149.8120820000000037
 30
0
 11
124.8420029999999912
 21
-149.7168439999999805
 31
0
  0
LINE
  5
1202
330
1A
100
AcDbEntity
  8
BLACK
  6
CONTINUOUS
100
AcDbLine
 10
124.8420029999999912
 20
-149.7168439999999805
 30
0
 11
125.032478999999995
 21
-149.6216059999999857
 31
0
  0
LINE
  5
1203
330
1A
100
AcDbEntity
  8
BLACK
  6
CONTINUOUS
100
AcDbLine
 10
125.032478999999995
 20
-149.6216059999999857
 30
0
 11
125.3181939999999912
 21
-149.6216059999999857
 31
0
  0
LINE
  5
1204
330
1A
100
AcDbEntity
  8
BLACK
  6
CONTINUOUS
100
AcDbLine
 10
125.3181939999999912
 20
-149.6216059999999857
 30
0
 11
125.5086699999999951
 21
-149.7168439999999805
 31
0
  0
LINE
  5
1205
330
1A
100
AcDbEntity
  8
BLACK
  6
CONTINUOUS
100
AcDbLine
 10
125.5086699999999951
 20
-149.7168439999999805
 30
0
 11
125.6039079999999899
 21
-149.907320999999996
 31
0
  0
LINE
  5
1206
330
1A
100
AcDbEntity
  8
BLACK
  6
CONTINUOUS
100
AcDbLine
 10
125.6039079999999899
 20
-149.907320999999996
 30
0
 11
125.6039079999999899
 21
-150.9549399999999935
 31
0
  0
LINE
  5
1207
330
1A
100
AcDbEntity
  8
BLACK
  6
CONTINUOUS
100
AcDbLine
 10
125.6039079999999899
 20
-149.907320999999996
 30
0
 11
125.6991459999999989
 21
-149.7168439999999805
 31
0
  0
LINE
  5
1208
330
1A
100
AcDbEntity
  8
BLACK
  6
CONTINUOUS
100
AcDbLine
 10
125.6991459999999989
 20
-149.7168439999999805
 30
0
 11
125.8896219999999886
 21
-149.6216059999999857
 31
0
  0
LINE
  5
1209
330
1A
100
AcDbEntity
  8
BLACK
  6
CONTINUOUS
100
AcDbLine
 10
125.8896219999999886
 20
-149.6216059999999857
 30
0
 11
126.1753359999999873
 21
-149.6216059999999857
 31
0
  0
LINE
  5
120A
330
1A
100
AcDbEntity
  8
BLACK
  6
CONTINUOUS
100
AcDbLine
 10
126.1753359999999873
 20
-149.6216059999999857
 30
0
 11
126.3658129999999886
 21
-149.7168439999999805
 31
0
  0
LINE
  5
120B
330
1A
100
AcDbEntity
  8
BLACK
  6
CONTINUOUS
100
AcDbLine
 10
126.3658129999999886
 20
-149.7168439999999805
 30
0
 11
126.4610509999999977
 21
-149.907320999999996
 31
0
  0
LINE
  5
120C
330
1A
100
AcDbEntity
  8
BLACK
  6
CONTINUOUS
100
AcDbLine
 10
126.4610509999999977
 20
-149.907320999999996
 30
0
 11
126.4610509999999977
 21
-150.9549399999999935
 31
0
  0
LINE
  5
120D
330
1A
100
AcDbEntity
  8
BLACK
  6
CONTINUOUS
100
AcDbLine
 10
127.4134320000000002
 20
-150.9549399999999935
 30
0
 11
127.4134320000000002
 21
-149.6216059999999857
 31
0
  0
LINE
  5
120E
330
1A
100
AcDbEntity
  8
BLACK
  6
CONTINUOUS
100
AcDbLine
 10
127.4134320000000002
 20
-149.8120820000000037
 30
0
 11
127.5086699999999951
 21
-149.7168439999999805
 31
0
  0
LINE
  5
120F
330
1A
100
AcDbEntity
  8
BLACK
  6
CONTINUOUS
100
AcDbLine
 10
127.5086699999999951
 20
-149.7168439999999805
 30
0
 11
127.6991459999999989
 21
-149.6216059999999857
 31
0
  0
LINE
  5
1210
330
1A
100
AcDbEntity
  8
BLACK
  6
CONTINUOUS
100
AcDbLine
 10
127.6991459999999989
 20
-149.6216059999999857
 30
0
 11
127.9848609999999951
 21
-149.6216059999999857
 31
0
  0
LINE
  5
1211
330
1A
100
AcDbEntity
  8
BLACK
  6
CONTINUOUS
100
AcDbLine
 10
127.9848609999999951
 20
-149.6216059999999857
 30
0
 11
128.1753369999999848
 21
-149.7168439999999805
 31
0
  0
LINE
  5
1212
330
1A
100
AcDbEntity
  8
BLACK
  6
CONTINUOUS
100
AcDbLine
 10
128.1753369999999848
 20
-149.7168439999999805
 30
0
 11
128.270575000000008
 21
-149.907320999999996
 31
0
  0
LINE
  5
1213
330
1A
100
AcDbEntity
  8
BLACK
  6
CONTINUOUS
100
AcDbLine
 10
128.270575000000008
 20
-149.907320999999996
 30
0
 11
128.270575000000008
 21
-150.9549399999999935
 31
0
  0
LINE
  5
1214
330
1A
100
AcDbEntity
  8
BLACK
  6
CONTINUOUS
100
AcDbLine
 10
128.270575000000008
 20
-149.907320999999996
 30
0
 11
128.3658130000000028
 21
-149.7168439999999805
 31
0
  0
LINE
  5
1215
330
1A
100
AcDbEntity
  8
BLACK
  6
CONTINUOUS
100
AcDbLine
 10
128.3658130000000028
 20
-149.7168439999999805
 30
0
 11
128.5562889999999925
 21
-149.6216059999999857
 31
0
  0
LINE
  5
1216
330
1A
100
AcDbEntity
  8
BLACK
  6
CONTINUOUS
100
AcDbLine
 10
128.5562889999999925
 20
-149.6216059999999857
 30
0
 11
128.8420030000000054
 21
-149.6216059999999857
 31
0
  0
LINE
  5
1217
330
1A
100
AcDbEntity
  8
BLACK
  6
CONTINUOUS
100
AcDbLine
 10
128.8420030000000054
 20
-149.6216059999999857
 30
0
 11
129.0324799999999925
 21
-149.7168439999999805
 31
0
  0
LINE
  5
1218
330
1A
100
AcDbEntity
  8
BLACK
  6
CONTINUOUS
100
AcDbLine
 10
129.0324799999999925
 20
-149.7168439999999805
 30
0
 11
129.1277179999999873
 21
-149.907320999999996
 31
0
  0
LINE
  5
1219
330
1A
100
AcDbEntity
  8
BLACK
  6
CONTINUOUS
100
AcDbLine
 10
129.1277179999999873
 20
-149.907320999999996
 30
0
 11
129.1277179999999873
 21
-150.9549399999999935
 31
0
  0
LINE
  5
121A
330
1A
100
AcDbEntity
  8
BLACK
  6
CONTINUOUS
100
AcDbLine
 10
133.0324799999999925
 20
-148.8597019999999986
 30
0
 11
131.3181950000000029
 21
-151.431129999999996
 31
0
  0
LINE
  5
121B
330
1A
100
AcDbEntity
  8
BLACK
  6
CONTINUOUS
100
AcDbLine
 10
135.6039089999999874
 20
-148.9549399999999935
 30
0
 11
135.7943860000000029
 21
-148.9549399999999935
 31
0
  0
LINE
  5
121C
330
1A
100
AcDbEntity
  8
BLACK
  6
CONTINUOUS
100
AcDbLine
 10
135.7943860000000029
 20
-148.9549399999999935
 30
0
 11
135.9848619999999926
 21
-149.0501779999999883
 31
0
  0
LINE
  5
121D
330
1A
100
AcDbEntity
  8
BLACK
  6
CONTINUOUS
100
AcDbLine
 10
135.9848619999999926
 20
-149.0501779999999883
 30
0
 11
136.0800999999999874
 21
-149.1454159999999831
 31
0
  0
LINE
  5
121E
330
1A
100
AcDbEntity
  8
BLACK
  6
CONTINUOUS
100
AcDbLine
 10
136.0800999999999874
 20
-149.1454159999999831
 30
0
 11
136.1753379999999822
 21
-149.3358920000000012
 31
0
  0
LINE
  5
121F
330
1A
100
AcDbEntity
  8
BLACK
  6
CONTINUOUS
100
AcDbLine
 10
136.1753379999999822
 20
-149.3358920000000012
 30
0
 11
136.2705760000000055
 21
-149.7168439999999805
 31
0
  0
LINE
  5
1220
330
1A
100
AcDbEntity
  8
BLACK
  6
CONTINUOUS
100
AcDbLine
 10
136.2705760000000055
 20
-149.7168439999999805
 30
0
 11
136.2705760000000055
 21
-150.1930349999999805
 31
0
  0
LINE
  5
1221
330
1A
100
AcDbEntity
  8
BLACK
  6
CONTINUOUS
100
AcDbLine
 10
136.2705760000000055
 20
-150.1930349999999805
 30
0
 11
136.1753379999999822
 21
-150.5739869999999883
 31
0
  0
LINE
  5
1222
330
1A
100
AcDbEntity
  8
BLACK
  6
CONTINUOUS
100
AcDbLine
 10
136.1753379999999822
 20
-150.5739869999999883
 30
0
 11
136.0800999999999874
 21
-150.7644630000000063
 31
0
  0
LINE
  5
1223
330
1A
100
AcDbEntity
  8
BLACK
  6
CONTINUOUS
100
AcDbLine
 10
136.0800999999999874
 20
-150.7644630000000063
 30
0
 11
135.9848619999999926
 21
-150.8597019999999986
 31
0
  0
LINE
  5
1224
330
1A
100
AcDbEntity
  8
BLACK
  6
CONTINUOUS
100
AcDbLine
 10
135.9848619999999926
 20
-150.8597019999999986
 30
0
 11
135.7943860000000029
 21
-150.9549399999999935
 31
0
  0
LINE
  5
1225
330
1A
100
AcDbEntity
  8
BLACK
  6
CONTINUOUS
100
AcDbLine
 10
135.7943860000000029
 20
-150.9549399999999935
 30
0
 11
135.6039089999999874
 21
-150.9549399999999935
 31
0
  0
LINE
  5
1226
330
1A
100
AcDbEntity
  8
BLACK
  6
CONTINUOUS
100
AcDbLine
 10
135.6039089999999874
 20
-150.9549399999999935
 30
0
 11
135.4134329999999977
 21
-150.8597019999999986
 31
0
  0
LINE
  5
1227
330
1A
100
AcDbEntity
  8
BLACK
  6
CONTINUOUS
100
AcDbLine
 10
135.4134329999999977
 20
-150.8597019999999986
 30
0
 11
135.3181950000000029
 21
-150.7644630000000063
 31
0
  0
LINE
  5
1228
330
1A
100
AcDbEntity
  8
BLACK
  6
CONTINUOUS
100
AcDbLine
 10
135.3181950000000029
 20
-150.7644630000000063
 30
0
 11
135.2229570000000081
 21
-150.5739869999999883
 31
0
  0
LINE
  5
1229
330
1A
100
AcDbEntity
  8
BLACK
  6
CONTINUOUS
100
AcDbLine
 10
135.2229570000000081
 20
-150.5739869999999883
 30
0
 11
135.1277189999999848
 21
-150.1930349999999805
 31
0
  0
LINE
  5
122A
330
1A
100
AcDbEntity
  8
BLACK
  6
CONTINUOUS
100
AcDbLine
 10
135.1277189999999848
 20
-150.1930349999999805
 30
0
 11
135.1277189999999848
 21
-149.7168439999999805
 31
0
  0
LINE
  5
122B
330
1A
100
AcDbEntity
  8
BLACK
  6
CONTINUOUS
100
AcDbLine
 10
135.1277189999999848
 20
-149.7168439999999805
 30
0
 11
135.2229570000000081
 21
-149.3358920000000012
 31
0
  0
LINE
  5
122C
330
1A
100
AcDbEntity
  8
BLACK
  6
CONTINUOUS
100
AcDbLine
 10
135.2229570000000081
 20
-149.3358920000000012
 30
0
 11
135.3181950000000029
 21
-149.1454159999999831
 31
0
  0
LINE
  5
122D
330
1A
100
AcDbEntity
  8
BLACK
  6
CONTINUOUS
100
AcDbLine
 10
135.3181950000000029
 20
-149.1454159999999831
 30
0
 11
135.4134329999999977
 21
-149.0501779999999883
 31
0
  0
LINE
  5
122E
330
1A
100
AcDbEntity
  8
BLACK
  6
CONTINUOUS
100
AcDbLine
 10
135.4134329999999977
 20
-149.0501779999999883
 30
0
 11
135.6039089999999874
 21
-148.9549399999999935
 31
0
  0
LINE
  5
122F
330
1A
100
AcDbEntity
  8
BLACK
  6
CONTINUOUS
100
AcDbLine
 10
137.1277189999999848
 20
-150.7644630000000063
 30
0
 11
137.2229569999999796
 21
-150.8597019999999986
 31
0
  0
LINE
  5
1230
330
1A
100
AcDbEntity
  8
BLACK
  6
CONTINUOUS
100
AcDbLine
 10
137.2229569999999796
 20
-150.8597019999999986
 30
0
 11
137.1277189999999848
 21
-150.9549399999999935
 31
0
  0
LINE
  5
1231
330
1A
100
AcDbEntity
  8
BLACK
  6
CONTINUOUS
100
AcDbLine
 10
137.1277189999999848
 20
-150.9549399999999935
 30
0
 11
137.03248099999999
 21
-150.8597019999999986
 31
0
  0
LINE
  5
1232
330
1A
100
AcDbEntity
  8
BLACK
  6
CONTINUOUS
100
AcDbLine
 10
137.03248099999999
 20
-150.8597019999999986
 30
0
 11
137.1277189999999848
 21
-150.7644630000000063
 31
0
  0
LINE
  5
1233
330
1A
100
AcDbEntity
  8
BLACK
  6
CONTINUOUS
100
AcDbLine
 10
137.1277189999999848
 20
-150.7644630000000063
 30
0
 11
137.1277189999999848
 21
-150.9549399999999935
 31
0
  0
LINE
  5
1234
330
1A
100
AcDbEntity
  8
BLACK
  6
CONTINUOUS
100
AcDbLine
 10
139.1277189999999848
 20
-150.9549399999999935
 30
0
 11
137.9848619999999926
 21
-150.9549399999999935
 31
0
  0
LINE
  5
1235
330
1A
100
AcDbEntity
  8
BLACK
  6
CONTINUOUS
100
AcDbLine
 10
138.55628999999999
 20
-150.9549399999999935
 30
0
 11
138.55628999999999
 21
-148.9549399999999935
 31
0
  0
LINE
  5
1236
330
1A
100
AcDbEntity
  8
BLACK
  6
CONTINUOUS
100
AcDbLine
 10
138.55628999999999
 20
-148.9549399999999935
 30
0
 11
138.3658140000000003
 21
-149.2406540000000064
 31
0
  0
LINE
  5
1237
330
1A
100
AcDbEntity
  8
BLACK
  6
CONTINUOUS
100
AcDbLine
 10
138.3658140000000003
 20
-149.2406540000000064
 30
0
 11
138.1753379999999822
 21
-149.431129999999996
 31
0
  0
LINE
  5
1238
330
1A
100
AcDbEntity
  8
BLACK
  6
CONTINUOUS
100
AcDbLine
 10
138.1753379999999822
 20
-149.431129999999996
 30
0
 11
137.9848619999999926
 21
-149.5263679999999908
 31
0
  0
LINE
  5
1239
330
1A
100
AcDbEntity
  8
BLACK
  6
CONTINUOUS
100
AcDbLine
 10
140.3658140000000003
 20
-148.9549399999999935
 30
0
 11
140.5562909999999874
 21
-148.9549399999999935
 31
0
  0
LINE
  5
123A
330
1A
100
AcDbEntity
  8
BLACK
  6
CONTINUOUS
100
AcDbLine
 10
140.5562909999999874
 20
-148.9549399999999935
 30
0
 11
140.7467670000000055
 21
-149.0501779999999883
 31
0
  0
LINE
  5
123B
330
1A
100
AcDbEntity
  8
BLACK
  6
CONTINUOUS
100
AcDbLine
 10
140.7467670000000055
 20
-149.0501779999999883
 30
0
 11
140.8420050000000003
 21
-149.1454159999999831
 31
0
  0
LINE
  5
123C
330
1A
100
AcDbEntity
  8
BLACK
  6
CONTINUOUS
100
AcDbLine
 10
140.8420050000000003
 20
-149.1454159999999831
 30
0
 11
140.9372429999999952
 21
-149.3358920000000012
 31
0
  0
LINE
  5
123D
330
1A
100
AcDbEntity
  8
BLACK
  6
CONTINUOUS
100
AcDbLine
 10
140.9372429999999952
 20
-149.3358920000000012
 30
0
 11
141.03248099999999
 21
-149.7168439999999805
 31
0
  0
LINE
  5
123E
330
1A
100
AcDbEntity
  8
BLACK
  6
CONTINUOUS
100
AcDbLine
 10
141.03248099999999
 20
-149.7168439999999805
 30
0
 11
141.03248099999999
 21
-150.1930349999999805
 31
0
  0
LINE
  5
123F
330
1A
100
AcDbEntity
  8
BLACK
  6
CONTINUOUS
100
AcDbLine
 10
141.03248099999999
 20
-150.1930349999999805
 30
0
 11
140.9372429999999952
 21
-150.5739869999999883
 31
0
  0
LINE
  5
1240
330
1A
100
AcDbEntity
  8
BLACK
  6
CONTINUOUS
100
AcDbLine
 10
140.9372429999999952
 20
-150.5739869999999883
 30
0
 11
140.8420050000000003
 21
-150.7644630000000063
 31
0
  0
LINE
  5
1241
330
1A
100
AcDbEntity
  8
BLACK
  6
CONTINUOUS
100
AcDbLine
 10
140.8420050000000003
 20
-150.7644630000000063
 30
0
 11
140.7467670000000055
 21
-150.8597019999999986
 31
0
  0
LINE
  5
1242
330
1A
100
AcDbEntity
  8
BLACK
  6
CONTINUOUS
100
AcDbLine
 10
140.7467670000000055
 20
-150.8597019999999986
 30
0
 11
140.5562909999999874
 21
-150.9549399999999935
 31
0
  0
LINE
  5
1243
330
1A
100
AcDbEntity
  8
BLACK
  6
CONTINUOUS
100
AcDbLine
 10
140.5562909999999874
 20
-150.9549399999999935
 30
0
 11
140.3658140000000003
 21
-150.9549399999999935
 31
0
  0
LINE
  5
1244
330
1A
100
AcDbEntity
  8
BLACK
  6
CONTINUOUS
100
AcDbLine
 10
140.3658140000000003
 20
-150.9549399999999935
 30
0
 11
140.1753379999999822
 21
-150.8597019999999986
 31
0
  0
LINE
  5
1245
330
1A
100
AcDbEntity
  8
BLACK
  6
CONTINUOUS
100
AcDbLine
 10
140.1753379999999822
 20
-150.8597019999999986
 30
0
 11
140.0800999999999874
 21
-150.7644630000000063
 31
0
  0
LINE
  5
1246
330
1A
100
AcDbEntity
  8
BLACK
  6
CONTINUOUS
100
AcDbLine
 10
140.0800999999999874
 20
-150.7644630000000063
 30
0
 11
139.9848619999999926
 21
-150.5739869999999883
 31
0
  0
LINE
  5
1247
330
1A
100
AcDbEntity
  8
BLACK
  6
CONTINUOUS
100
AcDbLine
 10
139.9848619999999926
 20
-150.5739869999999883
 30
0
 11
139.8896239999999977
 21
-150.1930349999999805
 31
0
  0
LINE
  5
1248
330
1A
100
AcDbEntity
  8
BLACK
  6
CONTINUOUS
100
AcDbLine
 10
139.8896239999999977
 20
-150.1930349999999805
 30
0
 11
139.8896239999999977
 21
-149.7168439999999805
 31
0
  0
LINE
  5
1249
330
1A
100
AcDbEntity
  8
BLACK
  6
CONTINUOUS
100
AcDbLine
 10
139.8896239999999977
 20
-149.7168439999999805
 30
0
 11
139.9848619999999926
 21
-149.3358920000000012
 31
0
  0
LINE
  5
124A
330
1A
100
AcDbEntity
  8
BLACK
  6
CONTINUOUS
100
AcDbLine
 10
139.9848619999999926
 20
-149.3358920000000012
 30
0
 11
140.0800999999999874
 21
-149.1454159999999831
 31
0
  0
LINE
  5
124B
330
1A
100
AcDbEntity
  8
BLACK
  6
CONTINUOUS
100
AcDbLine
 10
140.0800999999999874
 20
-149.1454159999999831
 30
0
 11
140.1753379999999822
 21
-149.0501779999999883
 31
0
  0
LINE
  5
124C
330
1A
100
AcDbEntity
  8
BLACK
  6
CONTINUOUS
100
AcDbLine
 10
140.1753379999999822
 20
-149.0501779999999883
 30
0
 11
140.3658140000000003
 21
-148.9549399999999935
 31
0
  0
LINE
  5
124D
330
1A
100
AcDbEntity
  8
BLACK
  6
CONTINUOUS
100
AcDbLine
 10
142.7467670000000055
 20
-148.9549399999999935
 30
0
 11
142.3658140000000003
 21
-148.9549399999999935
 31
0
  0
LINE
  5
124E
330
1A
100
AcDbEntity
  8
BLACK
  6
CONTINUOUS
100
AcDbLine
 10
142.3658140000000003
 20
-148.9549399999999935
 30
0
 11
142.1753379999999822
 21
-149.0501779999999883
 31
0
  0
LINE
  5
124F
330
1A
100
AcDbEntity
  8
BLACK
  6
CONTINUOUS
100
AcDbLine
 10
142.1753379999999822
 20
-149.0501779999999883
 30
0
 11
142.0800999999999874
 21
-149.1454159999999831
 31
0
  0
LINE
  5
1250
330
1A
100
AcDbEntity
  8
BLACK
  6
CONTINUOUS
100
AcDbLine
 10
142.0800999999999874
 20
-149.1454159999999831
 30
0
 11
141.8896239999999977
 21
-149.431129999999996
 31
0
  0
LINE
  5
1251
330
1A
100
AcDbEntity
  8
BLACK
  6
CONTINUOUS
100
AcDbLine
 10
141.8896239999999977
 20
-149.431129999999996
 30
0
 11
141.7943860000000029
 21
-149.8120820000000037
 31
0
  0
LINE
  5
1252
330
1A
100
AcDbEntity
  8
BLACK
  6
CONTINUOUS
100
AcDbLine
 10
141.7943860000000029
 20
-149.8120820000000037
 30
0
 11
141.7943860000000029
 21
-150.5739869999999883
 31
0
  0
LINE
  5
1253
330
1A
100
AcDbEntity
  8
BLACK
  6
CONTINUOUS
100
AcDbLine
 10
141.7943860000000029
 20
-150.5739869999999883
 30
0
 11
141.8896239999999977
 21
-150.7644630000000063
 31
0
  0
LINE
  5
1254
330
1A
100
AcDbEntity
  8
BLACK
  6
CONTINUOUS
100
AcDbLine
 10
141.8896239999999977
 20
-150.7644630000000063
 30
0
 11
141.9848619999999926
 21
-150.8597019999999986
 31
0
  0
LINE
  5
1255
330
1A
100
AcDbEntity
  8
BLACK
  6
CONTINUOUS
100
AcDbLine
 10
141.9848619999999926
 20
-150.8597019999999986
 30
0
 11
142.1753379999999822
 21
-150.9549399999999935
 31
0
  0
LINE
  5
1256
330
1A
100
AcDbEntity
  8
BLACK
  6
CONTINUOUS
100
AcDbLine
 10
142.1753379999999822
 20
-150.9549399999999935
 30
0
 11
142.5562909999999874
 21
-150.9549399999999935
 31
0
  0
LINE
  5
1257
330
1A
100
AcDbEntity
  8
BLACK
  6
CONTINUOUS
100
AcDbLine
 10
142.5562909999999874
 20
-150.9549399999999935
 30
0
 11
142.7467670000000055
 21
-150.8597019999999986
 31
0
  0
LINE
  5
1258
330
1A
100
AcDbEntity
  8
BLACK
  6
CONTINUOUS
100
AcDbLine
 10
142.7467670000000055
 20
-150.8597019999999986
 30
0
 11
142.8420050000000003
 21
-150.7644630000000063
 31
0
  0
LINE
  5
1259
330
1A
100
AcDbEntity
  8
BLACK
  6
CONTINUOUS
100
AcDbLine
 10
142.8420050000000003
 20
-150.7644630000000063
 30
0
 11
142.9372429999999952
 21
-150.5739869999999883
 31
0
  0
LINE
  5
125A
330
1A
100
AcDbEntity
  8
BLACK
  6
CONTINUOUS
100
AcDbLine
 10
142.9372429999999952
 20
-150.5739869999999883
 30
0
 11
142.9372429999999952
 21
-150.0977969999999857
 31
0
  0
LINE
  5
125B
330
1A
100
AcDbEntity
  8
BLACK
  6
CONTINUOUS
100
AcDbLine
 10
142.9372429999999952
 20
-150.0977969999999857
 30
0
 11
142.8420050000000003
 21
-149.907320999999996
 31
0
  0
LINE
  5
125C
330
1A
100
AcDbEntity
  8
BLACK
  6
CONTINUOUS
100
AcDbLine
 10
142.8420050000000003
 20
-149.907320999999996
 30
0
 11
142.7467670000000055
 21
-149.8120820000000037
 31
0
  0
LINE
  5
125D
330
1A
100
AcDbEntity
  8
BLACK
  6
CONTINUOUS
100
AcDbLine
 10
142.7467670000000055
 20
-149.8120820000000037
 30
0
 11
142.5562909999999874
 21
-149.7168439999999805
 31
0
  0
LINE
  5
125E
330
1A
100
AcDbEntity
  8
BLACK
  6
CONTINUOUS
100
AcDbLine
 10
142.5562909999999874
 20
-149.7168439999999805
 30
0
 11
142.1753379999999822
 21
-149.7168439999999805
 31
0
  0
LINE
  5
125F
330
1A
100
AcDbEntity
  8
BLACK
  6
CONTINUOUS
100
AcDbLine
 10
142.1753379999999822
 20
-149.7168439999999805
 30
0
 11
141.9848619999999926
 21
-149.8120820000000037
 31
0
  0
LINE
  5
1260
330
1A
100
AcDbEntity
  8
BLACK
  6
CONTINUOUS
100
AcDbLine
 10
141.9848619999999926
 20
-149.8120820000000037
 30
0
 11
141.8896239999999977
 21
-149.907320999999996
 31
0
  0
LINE
  5
1261
330
1A
100
AcDbEntity
  8
BLACK
  6
CONTINUOUS
100
AcDbLine
 10
141.8896239999999977
 20
-149.907320999999996
 30
0
 11
141.7943860000000029
 21
-150.0977969999999857
 31
0
  0
LINE
  5
1262
330
1A
100
AcDbEntity
  8
BLACK
  6
CONTINUOUS
100
AcDbLine
 10
143.6039099999999848
 20
-148.9549399999999935
 30
0
 11
144.8420050000000003
 21
-148.9549399999999935
 31
0
  0
LINE
  5
1263
330
1A
100
AcDbEntity
  8
BLACK
  6
CONTINUOUS
100
AcDbLine
 10
144.8420050000000003
 20
-148.9549399999999935
 30
0
 11
144.1753379999999822
 21
-149.7168439999999805
 31
0
  0
LINE
  5
1264
330
1A
100
AcDbEntity
  8
BLACK
  6
CONTINUOUS
100
AcDbLine
 10
144.1753379999999822
 20
-149.7168439999999805
 30
0
 11
144.4610529999999926
 21
-149.7168439999999805
 31
0
  0
LINE
  5
1265
330
1A
100
AcDbEntity
  8
BLACK
  6
CONTINUOUS
100
AcDbLine
 10
144.4610529999999926
 20
-149.7168439999999805
 30
0
 11
144.6515289999999823
 21
-149.8120820000000037
 31
0
  0
LINE
  5
1266
330
1A
100
AcDbEntity
  8
BLACK
  6
CONTINUOUS
100
AcDbLine
 10
144.6515289999999823
 20
-149.8120820000000037
 30
0
 11
144.7467670000000055
 21
-149.907320999999996
 31
0
  0
LINE
  5
1267
330
1A
100
AcDbEntity
  8
BLACK
  6
CONTINUOUS
100
AcDbLine
 10
144.7467670000000055
 20
-149.907320999999996
 30
0
 11
144.8420050000000003
 21
-150.0977969999999857
 31
0
  0
LINE
  5
1268
330
1A
100
AcDbEntity
  8
BLACK
  6
CONTINUOUS
100
AcDbLine
 10
144.8420050000000003
 20
-150.0977969999999857
 30
0
 11
144.8420050000000003
 21
-150.5739869999999883
 31
0
  0
LINE
  5
1269
330
1A
100
AcDbEntity
  8
BLACK
  6
CONTINUOUS
100
AcDbLine
 10
144.8420050000000003
 20
-150.5739869999999883
 30
0
 11
144.7467670000000055
 21
-150.7644630000000063
 31
0
  0
LINE
  5
126A
330
1A
100
AcDbEntity
  8
BLACK
  6
CONTINUOUS
100
AcDbLine
 10
144.7467670000000055
 20
-150.7644630000000063
 30
0
 11
144.6515289999999823
 21
-150.8597019999999986
 31
0
  0
LINE
  5
126B
330
1A
100
AcDbEntity
  8
BLACK
  6
CONTINUOUS
100
AcDbLine
 10
144.6515289999999823
 20
-150.8597019999999986
 30
0
 11
144.4610529999999926
 21
-150.9549399999999935
 31
0
  0
LINE
  5
126C
330
1A
100
AcDbEntity
  8
BLACK
  6
CONTINUOUS
100
AcDbLine
 10
144.4610529999999926
 20
-150.9549399999999935
 30
0
 11
143.8896239999999977
 21
-150.9549399999999935
 31
0
  0
LINE
  5
126D
330
1A
100
AcDbEntity
  8
BLACK
  6
CONTINUOUS
100
AcDbLine
 10
143.8896239999999977
 20
-150.9549399999999935
 30
0
 11
143.6991479999999797
 21
-150.8597019999999986
 31
0
  0
LINE
  5
126E
330
1A
100
AcDbEntity
  8
BLACK
  6
CONTINUOUS
100
AcDbLine
 10
143.6991479999999797
 20
-150.8597019999999986
 30
0
 11
143.6039099999999848
 21
-150.7644630000000063
 31
0
  0
LINE
  5
126F
330
1A
100
AcDbEntity
  8
BLACK
  6
CONTINUOUS
100
AcDbLine
 10
145.6039099999999848
 20
-148.9549399999999935
 30
0
 11
145.6039099999999848
 21
-149.3358920000000012
 31
0
  0
LINE
  5
1270
330
1A
100
AcDbEntity
  8
BLACK
  6
CONTINUOUS
100
AcDbLine
 10
146.3658149999999978
 20
-148.9549399999999935
 30
0
 11
146.3658149999999978
 21
-149.3358920000000012
 31
0
  0
LINE
  5
1271
330
1A
100
AcDbEntity
  8
BLACK
  6
CONTINUOUS
100
AcDbLine
 10
149.3181969999999978
 20
-151.7168439999999805
 30
0
 11
149.2229580000000055
 21
-151.6216059999999857
 31
0
  0
LINE
  5
1272
330
1A
100
AcDbEntity
  8
BLACK
  6
CONTINUOUS
100
AcDbLine
 10
149.2229580000000055
 20
-151.6216059999999857
 30
0
 11
149.0324819999999875
 21
-151.3358920000000012
 31
0
  0
LINE
  5
1273
330
1A
100
AcDbEntity
  8
BLACK
  6
CONTINUOUS
100
AcDbLine
 10
149.0324819999999875
 20
-151.3358920000000012
 30
0
 11
148.9372439999999926
 21
-151.1454159999999831
 31
0
  0
LINE
  5
1274
330
1A
100
AcDbEntity
  8
BLACK
  6
CONTINUOUS
100
AcDbLine
 10
148.9372439999999926
 20
-151.1454159999999831
 30
0
 11
148.8420059999999978
 21
-150.8597019999999986
 31
0
  0
LINE
  5
1275
330
1A
100
AcDbEntity
  8
BLACK
  6
CONTINUOUS
100
AcDbLine
 10
148.8420059999999978
 20
-150.8597019999999986
 30
0
 11
148.746768000000003
 21
-150.3835109999999986
 31
0
  0
LINE
  5
1276
330
1A
100
AcDbEntity
  8
BLACK
  6
CONTINUOUS
100
AcDbLine
 10
148.746768000000003
 20
-150.3835109999999986
 30
0
 11
148.746768000000003
 21
-150.0025589999999909
 31
0
  0
LINE
  5
1277
330
1A
100
AcDbEntity
  8
BLACK
  6
CONTINUOUS
100
AcDbLine
 10
148.746768000000003
 20
-150.0025589999999909
 30
0
 11
148.8420059999999978
 21
-149.5263679999999908
 31
0
  0
LINE
  5
1278
330
1A
100
AcDbEntity
  8
BLACK
  6
CONTINUOUS
100
AcDbLine
 10
148.8420059999999978
 20
-149.5263679999999908
 30
0
 11
148.9372439999999926
 21
-149.2406540000000064
 31
0
  0
LINE
  5
1279
330
1A
100
AcDbEntity
  8
BLACK
  6
CONTINUOUS
100
AcDbLine
 10
148.9372439999999926
 20
-149.2406540000000064
 30
0
 11
149.0324819999999875
 21
-149.0501779999999883
 31
0
  0
LINE
  5
127A
330
1A
100
AcDbEntity
  8
BLACK
  6
CONTINUOUS
100
AcDbLine
 10
149.0324819999999875
 20
-149.0501779999999883
 30
0
 11
149.2229580000000055
 21
-148.7644630000000063
 31
0
  0
LINE
  5
127B
330
1A
100
AcDbEntity
  8
BLACK
  6
CONTINUOUS
100
AcDbLine
 10
149.2229580000000055
 20
-148.7644630000000063
 30
0
 11
149.3181969999999978
 21
-148.6692249999999831
 31
0
  0
LINE
  5
127C
330
1A
100
AcDbEntity
  8
BLACK
  6
CONTINUOUS
100
AcDbLine
 10
150.9372439999999926
 20
-149.6216059999999857
 30
0
 11
150.9372439999999926
 21
-150.9549399999999935
 31
0
  0
LINE
  5
127D
330
1A
100
AcDbEntity
  8
BLACK
  6
CONTINUOUS
100
AcDbLine
 10
150.4610529999999926
 20
-148.8597019999999986
 30
0
 11
149.9848629999999901
 21
-150.2882730000000038
 31
0
  0
LINE
  5
127E
330
1A
100
AcDbEntity
  8
BLACK
  6
CONTINUOUS
100
AcDbLine
 10
149.9848629999999901
 20
-150.2882730000000038
 30
0
 11
151.2229580000000055
 21
-150.2882730000000038
 31
0
  0
LINE
  5
127F
330
1A
100
AcDbEntity
  8
BLACK
  6
CONTINUOUS
100
AcDbLine
 10
153.5086729999999875
 20
-150.9549399999999935
 30
0
 11
153.5086729999999875
 21
-148.9549399999999935
 31
0
  0
LINE
  5
1280
330
1A
100
AcDbEntity
  8
BLACK
  6
CONTINUOUS
100
AcDbLine
 10
154.3658159999999953
 20
-150.9549399999999935
 30
0
 11
154.3658159999999953
 21
-149.907320999999996
 31
0
  0
LINE
  5
1281
330
1A
100
AcDbEntity
  8
BLACK
  6
CONTINUOUS
100
AcDbLine
 10
154.3658159999999953
 20
-149.907320999999996
 30
0
 11
154.2705780000000004
 21
-149.7168439999999805
 31
0
  0
LINE
  5
1282
330
1A
100
AcDbEntity
  8
BLACK
  6
CONTINUOUS
100
AcDbLine
 10
154.2705780000000004
 20
-149.7168439999999805
 30
0
 11
154.0801019999999824
 21
-149.6216059999999857
 31
0
  0
LINE
  5
1283
330
1A
100
AcDbEntity
  8
BLACK
  6
CONTINUOUS
100
AcDbLine
 10
154.0801019999999824
 20
-149.6216059999999857
 30
0
 11
153.7943870000000004
 21
-149.6216059999999857
 31
0
  0
LINE
  5
1284
330
1A
100
AcDbEntity
  8
BLACK
  6
CONTINUOUS
100
AcDbLine
 10
153.7943870000000004
 20
-149.6216059999999857
 30
0
 11
153.6039109999999823
 21
-149.7168439999999805
 31
0
  0
LINE
  5
1285
330
1A
100
AcDbEntity
  8
BLACK
  6
CONTINUOUS
100
AcDbLine
 10
153.6039109999999823
 20
-149.7168439999999805
 30
0
 11
153.5086729999999875
 21
-149.8120820000000037
 31
0
  0
LINE
  5
1286
330
1A
100
AcDbEntity
  8
BLACK
  6
CONTINUOUS
100
AcDbLine
 10
155.6039109999999823
 20
-150.9549399999999935
 30
0
 11
155.4134349999999927
 21
-150.8597019999999986
 31
0
  0
LINE
  5
1287
330
1A
100
AcDbEntity
  8
BLACK
  6
CONTINUOUS
100
AcDbLine
 10
155.4134349999999927
 20
-150.8597019999999986
 30
0
 11
155.3181969999999978
 21
-150.7644630000000063
 31
0
  0
LINE
  5
1288
330
1A
100
AcDbEntity
  8
BLACK
  6
CONTINUOUS
100
AcDbLine
 10
155.3181969999999978
 20
-150.7644630000000063
 30
0
 11
155.222959000000003
 21
-150.5739869999999883
 31
0
  0
LINE
  5
1289
330
1A
100
AcDbEntity
  8
BLACK
  6
CONTINUOUS
100
AcDbLine
 10
155.222959000000003
 20
-150.5739869999999883
 30
0
 11
155.222959000000003
 21
-150.0025589999999909
 31
0
  0
LINE
  5
128A
330
1A
100
AcDbEntity
  8
BLACK
  6
CONTINUOUS
100
AcDbLine
 10
155.222959000000003
 20
-150.0025589999999909
 30
0
 11
155.3181969999999978
 21
-149.8120820000000037
 31
0
  0
LINE
  5
128B
330
1A
100
AcDbEntity
  8
BLACK
  6
CONTINUOUS
100
AcDbLine
 10
155.3181969999999978
 20
-149.8120820000000037
 30
0
 11
155.4134349999999927
 21
-149.7168439999999805
 31
0
  0
LINE
  5
128C
330
1A
100
AcDbEntity
  8
BLACK
  6
CONTINUOUS
100
AcDbLine
 10
155.4134349999999927
 20
-149.7168439999999805
 30
0
 11
155.6039109999999823
 21
-149.6216059999999857
 31
0
  0
LINE
  5
128D
330
1A
100
AcDbEntity
  8
BLACK
  6
CONTINUOUS
100
AcDbLine
 10
155.6039109999999823
 20
-149.6216059999999857
 30
0
 11
155.8896259999999927
 21
-149.6216059999999857
 31
0
  0
LINE
  5
128E
330
1A
100
AcDbEntity
  8
BLACK
  6
CONTINUOUS
100
AcDbLine
 10
155.8896259999999927
 20
-149.6216059999999857
 30
0
 11
156.0801019999999824
 21
-149.7168439999999805
 31
0
  0
LINE
  5
128F
330
1A
100
AcDbEntity
  8
BLACK
  6
CONTINUOUS
100
AcDbLine
 10
156.0801019999999824
 20
-149.7168439999999805
 30
0
 11
156.1753400000000056
 21
-149.8120820000000037
 31
0
  0
LINE
  5
1290
330
1A
100
AcDbEntity
  8
BLACK
  6
CONTINUOUS
100
AcDbLine
 10
156.1753400000000056
 20
-149.8120820000000037
 30
0
 11
156.2705780000000004
 21
-150.0025589999999909
 31
0
  0
LINE
  5
1291
330
1A
100
AcDbEntity
  8
BLACK
  6
CONTINUOUS
100
AcDbLine
 10
156.2705780000000004
 20
-150.0025589999999909
 30
0
 11
156.2705780000000004
 21
-150.5739869999999883
 31
0
  0
LINE
  5
1292
330
1A
100
AcDbEntity
  8
BLACK
  6
CONTINUOUS
100
AcDbLine
 10
156.2705780000000004
 20
-150.5739869999999883
 30
0
 11
156.1753400000000056
 21
-150.7644630000000063
 31
0
  0
LINE
  5
1293
330
1A
100
AcDbEntity
  8
BLACK
  6
CONTINUOUS
100
AcDbLine
 10
156.1753400000000056
 20
-150.7644630000000063
 30
0
 11
156.0801019999999824
 21
-150.8597019999999986
 31
0
  0
LINE
  5
1294
330
1A
100
AcDbEntity
  8
BLACK
  6
CONTINUOUS
100
AcDbLine
 10
156.0801019999999824
 20
-150.8597019999999986
 30
0
 11
155.8896259999999927
 21
-150.9549399999999935
 31
0
  0
LINE
  5
1295
330
1A
100
AcDbEntity
  8
BLACK
  6
CONTINUOUS
100
AcDbLine
 10
155.8896259999999927
 20
-150.9549399999999935
 30
0
 11
155.6039109999999823
 21
-150.9549399999999935
 31
0
  0
LINE
  5
1296
330
1A
100
AcDbEntity
  8
BLACK
  6
CONTINUOUS
100
AcDbLine
 10
157.4134349999999927
 20
-150.9549399999999935
 30
0
 11
157.222959000000003
 21
-150.8597019999999986
 31
0
  0
LINE
  5
1297
330
1A
100
AcDbEntity
  8
BLACK
  6
CONTINUOUS
100
AcDbLine
 10
157.222959000000003
 20
-150.8597019999999986
 30
0
 11
157.1277209999999798
 21
-150.6692249999999831
 31
0
  0
LINE
  5
1298
330
1A
100
AcDbEntity
  8
BLACK
  6
CONTINUOUS
100
AcDbLine
 10
157.1277209999999798
 20
-150.6692249999999831
 30
0
 11
157.1277209999999798
 21
-148.9549399999999935
 31
0
  0
LINE
  5
1299
330
1A
100
AcDbEntity
  8
BLACK
  6
CONTINUOUS
100
AcDbLine
 10
158.9372449999999901
 20
-150.8597019999999986
 30
0
 11
158.7467690000000005
 21
-150.9549399999999935
 31
0
  0
LINE
  5
129A
330
1A
100
AcDbEntity
  8
BLACK
  6
CONTINUOUS
100
AcDbLine
 10
158.7467690000000005
 20
-150.9549399999999935
 30
0
 11
158.3658159999999953
 21
-150.9549399999999935
 31
0
  0
LINE
  5
129B
330
1A
100
AcDbEntity
  8
BLACK
  6
CONTINUOUS
100
AcDbLine
 10
158.3658159999999953
 20
-150.9549399999999935
 30
0
 11
158.1753400000000056
 21
-150.8597019999999986
 31
0
  0
LINE
  5
129C
330
1A
100
AcDbEntity
  8
BLACK
  6
CONTINUOUS
100
AcDbLine
 10
158.1753400000000056
 20
-150.8597019999999986
 30
0
 11
158.0801019999999824
 21
-150.6692249999999831
 31
0
  0
LINE
  5
129D
330
1A
100
AcDbEntity
  8
BLACK
  6
CONTINUOUS
100
AcDbLine
 10
158.0801019999999824
 20
-150.6692249999999831
 30
0
 11
158.0801019999999824
 21
-149.907320999999996
 31
0
  0
LINE
  5
129E
330
1A
100
AcDbEntity
  8
BLACK
  6
CONTINUOUS
100
AcDbLine
 10
158.0801019999999824
 20
-149.907320999999996
 30
0
 11
158.1753400000000056
 21
-149.7168439999999805
 31
0
  0
LINE
  5
129F
330
1A
100
AcDbEntity
  8
BLACK
  6
CONTINUOUS
100
AcDbLine
 10
158.1753400000000056
 20
-149.7168439999999805
 30
0
 11
158.3658159999999953
 21
-149.6216059999999857
 31
0
  0
LINE
  5
12A0
330
1A
100
AcDbEntity
  8
BLACK
  6
CONTINUOUS
100
AcDbLine
 10
158.3658159999999953
 20
-149.6216059999999857
 30
0
 11
158.7467690000000005
 21
-149.6216059999999857
 31
0
  0
LINE
  5
12A1
330
1A
100
AcDbEntity
  8
BLACK
  6
CONTINUOUS
100
AcDbLine
 10
158.7467690000000005
 20
-149.6216059999999857
 30
0
 11
158.9372449999999901
 21
-149.7168439999999805
 31
0
  0
LINE
  5
12A2
330
1A
100
AcDbEntity
  8
BLACK
  6
CONTINUOUS
100
AcDbLine
 10
158.9372449999999901
 20
-149.7168439999999805
 30
0
 11
159.0324829999999849
 21
-149.907320999999996
 31
0
  0
LINE
  5
12A3
330
1A
100
AcDbEntity
  8
BLACK
  6
CONTINUOUS
100
AcDbLine
 10
159.0324829999999849
 20
-149.907320999999996
 30
0
 11
159.0324829999999849
 21
-150.0977969999999857
 31
0
  0
LINE
  5
12A4
330
1A
100
AcDbEntity
  8
BLACK
  6
CONTINUOUS
100
AcDbLine
 10
159.0324829999999849
 20
-150.0977969999999857
 30
0
 11
158.0801019999999824
 21
-150.2882730000000038
 31
0
  0
LINE
  5
12A5
330
1A
100
AcDbEntity
  8
BLACK
  6
CONTINUOUS
100
AcDbLine
 10
159.7943879999999979
 20
-150.8597019999999986
 30
0
 11
159.9848639999999875
 21
-150.9549399999999935
 31
0
  0
LINE
  5
12A6
330
1A
100
AcDbEntity
  8
BLACK
  6
CONTINUOUS
100
AcDbLine
 10
159.9848639999999875
 20
-150.9549399999999935
 30
0
 11
160.3658159999999953
 21
-150.9549399999999935
 31
0
  0
LINE
  5
12A7
330
1A
100
AcDbEntity
  8
BLACK
  6
CONTINUOUS
100
AcDbLine
 10
160.3658159999999953
 20
-150.9549399999999935
 30
0
 11
160.5562929999999824
 21
-150.8597019999999986
 31
0
  0
LINE
  5
12A8
330
1A
100
AcDbEntity
  8
BLACK
  6
CONTINUOUS
100
AcDbLine
 10
160.5562929999999824
 20
-150.8597019999999986
 30
0
 11
160.6515310000000056
 21
-150.6692249999999831
 31
0
  0
LINE
  5
12A9
330
1A
100
AcDbEntity
  8
BLACK
  6
CONTINUOUS
100
AcDbLine
 10
160.6515310000000056
 20
-150.6692249999999831
 30
0
 11
160.6515310000000056
 21
-150.5739869999999883
 31
0
  0
LINE
  5
12AA
330
1A
100
AcDbEntity
  8
BLACK
  6
CONTINUOUS
100
AcDbLine
 10
160.6515310000000056
 20
-150.5739869999999883
 30
0
 11
160.5562929999999824
 21
-150.3835109999999986
 31
0
  0
LINE
  5
12AB
330
1A
100
AcDbEntity
  8
BLACK
  6
CONTINUOUS
100
AcDbLine
 10
160.5562929999999824
 20
-150.3835109999999986
 30
0
 11
160.3658159999999953
 21
-150.2882730000000038
 31
0
  0
LINE
  5
12AC
330
1A
100
AcDbEntity
  8
BLACK
  6
CONTINUOUS
100
AcDbLine
 10
160.3658159999999953
 20
-150.2882730000000038
 30
0
 11
160.0801019999999824
 21
-150.2882730000000038
 31
0
  0
LINE
  5
12AD
330
1A
100
AcDbEntity
  8
BLACK
  6
CONTINUOUS
100
AcDbLine
 10
160.0801019999999824
 20
-150.2882730000000038
 30
0
 11
159.8896259999999927
 21
-150.1930349999999805
 31
0
  0
LINE
  5
12AE
330
1A
100
AcDbEntity
  8
BLACK
  6
CONTINUOUS
100
AcDbLine
 10
159.8896259999999927
 20
-150.1930349999999805
 30
0
 11
159.7943879999999979
 21
-150.0025589999999909
 31
0
  0
LINE
  5
12AF
330
1A
100
AcDbEntity
  8
BLACK
  6
CONTINUOUS
100
AcDbLine
 10
159.7943879999999979
 20
-150.0025589999999909
 30
0
 11
159.7943879999999979
 21
-149.907320999999996
 31
0
  0
LINE
  5
12B0
330
1A
100
AcDbEntity
  8
BLACK
  6
CONTINUOUS
100
AcDbLine
 10
159.7943879999999979
 20
-149.907320999999996
 30
0
 11
159.8896259999999927
 21
-149.7168439999999805
 31
0
  0
LINE
  5
12B1
330
1A
100
AcDbEntity
  8
BLACK
  6
CONTINUOUS
100
AcDbLine
 10
159.8896259999999927
 20
-149.7168439999999805
 30
0
 11
160.0801019999999824
 21
-149.6216059999999857
 31
0
  0
LINE
  5
12B2
330
1A
100
AcDbEntity
  8
BLACK
  6
CONTINUOUS
100
AcDbLine
 10
160.0801019999999824
 20
-149.6216059999999857
 30
0
 11
160.3658159999999953
 21
-149.6216059999999857
 31
0
  0
LINE
  5
12B3
330
1A
100
AcDbEntity
  8
BLACK
  6
CONTINUOUS
100
AcDbLine
 10
160.3658159999999953
 20
-149.6216059999999857
 30
0
 11
160.5562929999999824
 21
-149.7168439999999805
 31
0
  0
LINE
  5
12B4
330
1A
100
AcDbEntity
  8
BLACK
  6
CONTINUOUS
100
AcDbLine
 10
161.3181979999999953
 20
-151.7168439999999805
 30
0
 11
161.4134359999999901
 21
-151.6216059999999857
 31
0
  0
LINE
  5
12B5
330
1A
100
AcDbEntity
  8
BLACK
  6
CONTINUOUS
100
AcDbLine
 10
161.4134359999999901
 20
-151.6216059999999857
 30
0
 11
161.6039119999999798
 21
-151.3358920000000012
 31
0
  0
LINE
  5
12B6
330
1A
100
AcDbEntity
  8
BLACK
  6
CONTINUOUS
100
AcDbLine
 10
161.6039119999999798
 20
-151.3358920000000012
 30
0
 11
161.699150000000003
 21
-151.1454159999999831
 31
0
  0
LINE
  5
12B7
330
1A
100
AcDbEntity
  8
BLACK
  6
CONTINUOUS
100
AcDbLine
 10
161.699150000000003
 20
-151.1454159999999831
 30
0
 11
161.7943879999999979
 21
-150.8597019999999986
 31
0
  0
LINE
  5
12B8
330
1A
100
AcDbEntity
  8
BLACK
  6
CONTINUOUS
100
AcDbLine
 10
161.7943879999999979
 20
-150.8597019999999986
 30
0
 11
161.8896259999999927
 21
-150.3835109999999986
 31
0
  0
LINE
  5
12B9
330
1A
100
AcDbEntity
  8
BLACK
  6
CONTINUOUS
100
AcDbLine
 10
161.8896259999999927
 20
-150.3835109999999986
 30
0
 11
161.8896259999999927
 21
-150.0025589999999909
 31
0
  0
LINE
  5
12BA
330
1A
100
AcDbEntity
  8
BLACK
  6
CONTINUOUS
100
AcDbLine
 10
161.8896259999999927
 20
-150.0025589999999909
 30
0
 11
161.7943879999999979
 21
-149.5263679999999908
 31
0
  0
LINE
  5
12BB
330
1A
100
AcDbEntity
  8
BLACK
  6
CONTINUOUS
100
AcDbLine
 10
161.7943879999999979
 20
-149.5263679999999908
 30
0
 11
161.699150000000003
 21
-149.2406540000000064
 31
0
  0
LINE
  5
12BC
330
1A
100
AcDbEntity
  8
BLACK
  6
CONTINUOUS
100
AcDbLine
 10
161.699150000000003
 20
-149.2406540000000064
 30
0
 11
161.6039119999999798
 21
-149.0501779999999883
 31
0
  0
LINE
  5
12BD
330
1A
100
AcDbEntity
  8
BLACK
  6
CONTINUOUS
100
AcDbLine
 10
161.6039119999999798
 20
-149.0501779999999883
 30
0
 11
161.4134359999999901
 21
-148.7644630000000063
 31
0
  0
LINE
  5
12BE
330
1A
100
AcDbEntity
  8
BLACK
  6
CONTINUOUS
100
AcDbLine
 10
161.4134359999999901
 20
-148.7644630000000063
 30
0
 11
161.3181979999999953
 21
-148.6692249999999831
 31
0
  0
LINE
  5
12BF
330
1A
100
AcDbEntity
  8
BLACK
  6
CONTINUOUS
100
AcDbLine
 10
111.5675679999999943
 20
-152.2401019999999789
 30
0
 11
113.5675679999999943
 21
-154.2401019999999789
 31
0
  0
LINE
  5
12C0
330
1A
100
AcDbEntity
  8
BLACK
  6
CONTINUOUS
100
AcDbLine
 10
113.5675679999999943
 20
-152.2401019999999789
 30
0
 11
111.5675679999999943
 21
-154.2401019999999789
 31
0
  0
LINE
  5
12C1
330
1A
100
AcDbEntity
  8
BLACK
  6
CONTINUOUS
100
AcDbLine
 10
112.5675679999999943
 20
-154.2401019999999789
 30
0
 11
113.5675679999999943
 21
-153.2401019999999789
 31
0
  0
LINE
  5
12C2
330
1A
100
AcDbEntity
  8
BLACK
  6
CONTINUOUS
100
AcDbLine
 10
113.5675679999999943
 20
-153.2401019999999789
 30
0
 11
112.5675679999999943
 21
-152.2401019999999789
 31
0
  0
LINE
  5
12C3
330
1A
100
AcDbEntity
  8
BLACK
  6
CONTINUOUS
100
AcDbLine
 10
112.5675679999999943
 20
-152.2401019999999789
 30
0
 11
111.5675679999999943
 21
-153.2401019999999789
 31
0
  0
LINE
  5
12C4
330
1A
100
AcDbEntity
  8
BLACK
  6
CONTINUOUS
100
AcDbLine
 10
111.5675679999999943
 20
-153.2401019999999789
 30
0
 11
112.5675679999999943
 21
-154.2401019999999789
 31
0
  0
LINE
  5
12C5
330
1A
100
AcDbEntity
  8
BLACK
  6
CONTINUOUS
100
AcDbLine
 10
115.9848599999999976
 20
-152.1549399999999821
 30
0
 11
117.2229549999999989
 21
-152.1549399999999821
 31
0
  0
LINE
  5
12C6
330
1A
100
AcDbEntity
  8
BLACK
  6
CONTINUOUS
100
AcDbLine
 10
117.2229549999999989
 20
-152.1549399999999821
 30
0
 11
116.556287999999995
 21
-152.9168439999999975
 31
0
  0
LINE
  5
12C7
330
1A
100
AcDbEntity
  8
BLACK
  6
CONTINUOUS
100
AcDbLine
 10
116.556287999999995
 20
-152.9168439999999975
 30
0
 11
116.8420029999999912
 21
-152.9168439999999975
 31
0
  0
LINE
  5
12C8
330
1A
100
AcDbEntity
  8
BLACK
  6
CONTINUOUS
100
AcDbLine
 10
116.8420029999999912
 20
-152.9168439999999975
 30
0
 11
117.032478999999995
 21
-153.0120819999999924
 31
0
  0
LINE
  5
12C9
330
1A
100
AcDbEntity
  8
BLACK
  6
CONTINUOUS
100
AcDbLine
 10
117.032478999999995
 20
-153.0120819999999924
 30
0
 11
117.1277169999999899
 21
-153.1073209999999847
 31
0
  0
LINE
  5
12CA
330
1A
100
AcDbEntity
  8
BLACK
  6
CONTINUOUS
100
AcDbLine
 10
117.1277169999999899
 20
-153.1073209999999847
 30
0
 11
117.2229549999999989
 21
-153.2977970000000028
 31
0
  0
LINE
  5
12CB
330
1A
100
AcDbEntity
  8
BLACK
  6
CONTINUOUS
100
AcDbLine
 10
117.2229549999999989
 20
-153.2977970000000028
 30
0
 11
117.2229549999999989
 21
-153.7739870000000053
 31
0
  0
LINE
  5
12CC
330
1A
100
AcDbEntity
  8
BLACK
  6
CONTINUOUS
100
AcDbLine
 10
117.2229549999999989
 20
-153.7739870000000053
 30
0
 11
117.1277169999999899
 21
-153.964462999999995
 31
0
  0
LINE
  5
12CD
330
1A
100
AcDbEntity
  8
BLACK
  6
CONTINUOUS
100
AcDbLine
 10
117.1277169999999899
 20
-153.964462999999995
 30
0
 11
117.032478999999995
 21
-154.0597019999999873
 31
0
  0
LINE
  5
12CE
330
1A
100
AcDbEntity
  8
BLACK
  6
CONTINUOUS
100
AcDbLine
 10
117.032478999999995
 20
-154.0597019999999873
 30
0
 11
116.8420029999999912
 21
-154.1549399999999821
 31
0
  0
LINE
  5
12CF
330
1A
100
AcDbEntity
  8
BLACK
  6
CONTINUOUS
100
AcDbLine
 10
116.8420029999999912
 20
-154.1549399999999821
 30
0
 11
116.2705739999999963
 21
-154.1549399999999821
 31
0
  0
LINE
  5
12D0
330
1A
100
AcDbEntity
  8
BLACK
  6
CONTINUOUS
100
AcDbLine
 10
116.2705739999999963
 20
-154.1549399999999821
 30
0
 11
116.0800979999999925
 21
-154.0597019999999873
 31
0
  0
LINE
  5
12D1
330
1A
100
AcDbEntity
  8
BLACK
  6
CONTINUOUS
100
AcDbLine
 10
116.0800979999999925
 20
-154.0597019999999873
 30
0
 11
115.9848599999999976
 21
-153.964462999999995
 31
0
  0
LINE
  5
12D2
330
1A
100
AcDbEntity
  8
BLACK
  6
CONTINUOUS
100
AcDbLine
 10
118.0800979999999925
 20
-153.964462999999995
 30
0
 11
118.1753360000000015
 21
-154.0597019999999873
 31
0
  0
LINE
  5
12D3
330
1A
100
AcDbEntity
  8
BLACK
  6
CONTINUOUS
100
AcDbLine
 10
118.1753360000000015
 20
-154.0597019999999873
 30
0
 11
118.0800979999999925
 21
-154.1549399999999821
 31
0
  0
LINE
  5
12D4
330
1A
100
AcDbEntity
  8
BLACK
  6
CONTINUOUS
100
AcDbLine
 10
118.0800979999999925
 20
-154.1549399999999821
 30
0
 11
117.9848599999999976
 21
-154.0597019999999873
 31
0
  0
LINE
  5
12D5
330
1A
100
AcDbEntity
  8
BLACK
  6
CONTINUOUS
100
AcDbLine
 10
117.9848599999999976
 20
-154.0597019999999873
 30
0
 11
118.0800979999999925
 21
-153.964462999999995
 31
0
  0
LINE
  5
12D6
330
1A
100
AcDbEntity
  8
BLACK
  6
CONTINUOUS
100
AcDbLine
 10
118.0800979999999925
 20
-153.964462999999995
 30
0
 11
118.0800979999999925
 21
-154.1549399999999821
 31
0
  0
LINE
  5
12D7
330
1A
100
AcDbEntity
  8
BLACK
  6
CONTINUOUS
100
AcDbLine
 10
118.9372410000000002
 20
-152.3454160000000002
 30
0
 11
119.032478999999995
 21
-152.2501780000000053
 31
0
  0
LINE
  5
12D8
330
1A
100
AcDbEntity
  8
BLACK
  6
CONTINUOUS
100
AcDbLine
 10
119.032478999999995
 20
-152.2501780000000053
 30
0
 11
119.2229549999999989
 21
-152.1549399999999821
 31
0
  0
LINE
  5
12D9
330
1A
100
AcDbEntity
  8
BLACK
  6
CONTINUOUS
100
AcDbLine
 10
119.2229549999999989
 20
-152.1549399999999821
 30
0
 11
119.6991459999999989
 21
-152.1549399999999821
 31
0
  0
LINE
  5
12DA
330
1A
100
AcDbEntity
  8
BLACK
  6
CONTINUOUS
100
AcDbLine
 10
119.6991459999999989
 20
-152.1549399999999821
 30
0
 11
119.8896219999999886
 21
-152.2501780000000053
 31
0
  0
LINE
  5
12DB
330
1A
100
AcDbEntity
  8
BLACK
  6
CONTINUOUS
100
AcDbLine
 10
119.8896219999999886
 20
-152.2501780000000053
 30
0
 11
119.9848599999999976
 21
-152.3454160000000002
 31
0
  0
LINE
  5
12DC
330
1A
100
AcDbEntity
  8
BLACK
  6
CONTINUOUS
100
AcDbLine
 10
119.9848599999999976
 20
-152.3454160000000002
 30
0
 11
120.0800979999999925
 21
-152.5358919999999898
 31
0
  0
LINE
  5
12DD
330
1A
100
AcDbEntity
  8
BLACK
  6
CONTINUOUS
100
AcDbLine
 10
120.0800979999999925
 20
-152.5358919999999898
 30
0
 11
120.0800979999999925
 21
-152.7263679999999795
 31
0
  0
LINE
  5
12DE
330
1A
100
AcDbEntity
  8
BLACK
  6
CONTINUOUS
100
AcDbLine
 10
120.0800979999999925
 20
-152.7263679999999795
 30
0
 11
119.9848599999999976
 21
-153.0120819999999924
 31
0
  0
LINE
  5
12DF
330
1A
100
AcDbEntity
  8
BLACK
  6
CONTINUOUS
100
AcDbLine
 10
119.9848599999999976
 20
-153.0120819999999924
 30
0
 11
118.8420029999999912
 21
-154.1549399999999821
 31
0
  0
LINE
  5
12E0
330
1A
100
AcDbEntity
  8
BLACK
  6
CONTINUOUS
100
AcDbLine
 10
118.8420029999999912
 20
-154.1549399999999821
 30
0
 11
120.0800979999999925
 21
-154.1549399999999821
 31
0
  0
LINE
  5
12E1
330
1A
100
AcDbEntity
  8
BLACK
  6
CONTINUOUS
100
AcDbLine
 10
121.3181929999999937
 20
-152.1549399999999821
 30
0
 11
121.5086699999999951
 21
-152.1549399999999821
 31
0
  0
LINE
  5
12E2
330
1A
100
AcDbEntity
  8
BLACK
  6
CONTINUOUS
100
AcDbLine
 10
121.5086699999999951
 20
-152.1549399999999821
 30
0
 11
121.6991459999999989
 21
-152.2501780000000053
 31
0
  0
LINE
  5
12E3
330
1A
100
AcDbEntity
  8
BLACK
  6
CONTINUOUS
100
AcDbLine
 10
121.6991459999999989
 20
-152.2501780000000053
 30
0
 11
121.7943839999999938
 21
-152.3454160000000002
 31
0
  0
LINE
  5
12E4
330
1A
100
AcDbEntity
  8
BLACK
  6
CONTINUOUS
100
AcDbLine
 10
121.7943839999999938
 20
-152.3454160000000002
 30
0
 11
121.8896219999999886
 21
-152.5358919999999898
 31
0
  0
LINE
  5
12E5
330
1A
100
AcDbEntity
  8
BLACK
  6
CONTINUOUS
100
AcDbLine
 10
121.8896219999999886
 20
-152.5358919999999898
 30
0
 11
121.9848599999999976
 21
-152.9168439999999975
 31
0
  0
LINE
  5
12E6
330
1A
100
AcDbEntity
  8
BLACK
  6
CONTINUOUS
100
AcDbLine
 10
121.9848599999999976
 20
-152.9168439999999975
 30
0
 11
121.9848599999999976
 21
-153.3930349999999976
 31
0
  0
LINE
  5
12E7
330
1A
100
AcDbEntity
  8
BLACK
  6
CONTINUOUS
100
AcDbLine
 10
121.9848599999999976
 20
-153.3930349999999976
 30
0
 11
121.8896219999999886
 21
-153.7739870000000053
 31
0
  0
LINE
  5
12E8
330
1A
100
AcDbEntity
  8
BLACK
  6
CONTINUOUS
100
AcDbLine
 10
121.8896219999999886
 20
-153.7739870000000053
 30
0
 11
121.7943839999999938
 21
-153.964462999999995
 31
0
  0
LINE
  5
12E9
330
1A
100
AcDbEntity
  8
BLACK
  6
CONTINUOUS
100
AcDbLine
 10
121.7943839999999938
 20
-153.964462999999995
 30
0
 11
121.6991459999999989
 21
-154.0597019999999873
 31
0
  0
LINE
  5
12EA
330
1A
100
AcDbEntity
  8
BLACK
  6
CONTINUOUS
100
AcDbLine
 10
121.6991459999999989
 20
-154.0597019999999873
 30
0
 11
121.5086699999999951
 21
-154.1549399999999821
 31
0
  0
LINE
  5
12EB
330
1A
100
AcDbEntity
  8
BLACK
  6
CONTINUOUS
100
AcDbLine
 10
121.5086699999999951
 20
-154.1549399999999821
 30
0
 11
121.3181929999999937
 21
-154.1549399999999821
 31
0
  0
LINE
  5
12EC
330
1A
100
AcDbEntity
  8
BLACK
  6
CONTINUOUS
100
AcDbLine
 10
121.3181929999999937
 20
-154.1549399999999821
 30
0
 11
121.1277169999999899
 21
-154.0597019999999873
 31
0
  0
LINE
  5
12ED
330
1A
100
AcDbEntity
  8
BLACK
  6
CONTINUOUS
100
AcDbLine
 10
121.1277169999999899
 20
-154.0597019999999873
 30
0
 11
121.032478999999995
 21
-153.964462999999995
 31
0
  0
LINE
  5
12EE
330
1A
100
AcDbEntity
  8
BLACK
  6
CONTINUOUS
100
AcDbLine
 10
121.032478999999995
 20
-153.964462999999995
 30
0
 11
120.9372410000000002
 21
-153.7739870000000053
 31
0
  0
LINE
  5
12EF
330
1A
100
AcDbEntity
  8
BLACK
  6
CONTINUOUS
100
AcDbLine
 10
120.9372410000000002
 20
-153.7739870000000053
 30
0
 11
120.8420029999999912
 21
-153.3930349999999976
 31
0
  0
LINE
  5
12F0
330
1A
100
AcDbEntity
  8
BLACK
  6
CONTINUOUS
100
AcDbLine
 10
120.8420029999999912
 20
-153.3930349999999976
 30
0
 11
120.8420029999999912
 21
-152.9168439999999975
 31
0
  0
LINE
  5
12F1
330
1A
100
AcDbEntity
  8
BLACK
  6
CONTINUOUS
100
AcDbLine
 10
120.8420029999999912
 20
-152.9168439999999975
 30
0
 11
120.9372410000000002
 21
-152.5358919999999898
 31
0
  0
LINE
  5
12F2
330
1A
100
AcDbEntity
  8
BLACK
  6
CONTINUOUS
100
AcDbLine
 10
120.9372410000000002
 20
-152.5358919999999898
 30
0
 11
121.032478999999995
 21
-152.3454160000000002
 31
0
  0
LINE
  5
12F3
330
1A
100
AcDbEntity
  8
BLACK
  6
CONTINUOUS
100
AcDbLine
 10
121.032478999999995
 20
-152.3454160000000002
 30
0
 11
121.1277169999999899
 21
-152.2501780000000053
 31
0
  0
LINE
  5
12F4
330
1A
100
AcDbEntity
  8
BLACK
  6
CONTINUOUS
100
AcDbLine
 10
121.1277169999999899
 20
-152.2501780000000053
 30
0
 11
121.3181929999999937
 21
-152.1549399999999821
 31
0
  0
LINE
  5
12F5
330
1A
100
AcDbEntity
  8
BLACK
  6
CONTINUOUS
100
AcDbLine
 10
123.2229549999999989
 20
-152.1549399999999821
 30
0
 11
123.4134320000000002
 21
-152.1549399999999821
 31
0
  0
LINE
  5
12F6
330
1A
100
AcDbEntity
  8
BLACK
  6
CONTINUOUS
100
AcDbLine
 10
123.4134320000000002
 20
-152.1549399999999821
 30
0
 11
123.6039079999999899
 21
-152.2501780000000053
 31
0
  0
LINE
  5
12F7
330
1A
100
AcDbEntity
  8
BLACK
  6
CONTINUOUS
100
AcDbLine
 10
123.6039079999999899
 20
-152.2501780000000053
 30
0
 11
123.6991459999999989
 21
-152.3454160000000002
 31
0
  0
LINE
  5
12F8
330
1A
100
AcDbEntity
  8
BLACK
  6
CONTINUOUS
100
AcDbLine
 10
123.6991459999999989
 20
-152.3454160000000002
 30
0
 11
123.7943839999999938
 21
-152.5358919999999898
 31
0
  0
LINE
  5
12F9
330
1A
100
AcDbEntity
  8
BLACK
  6
CONTINUOUS
100
AcDbLine
 10
123.7943839999999938
 20
-152.5358919999999898
 30
0
 11
123.8896219999999886
 21
-152.9168439999999975
 31
0
  0
LINE
  5
12FA
330
1A
100
AcDbEntity
  8
BLACK
  6
CONTINUOUS
100
AcDbLine
 10
123.8896219999999886
 20
-152.9168439999999975
 30
0
 11
123.8896219999999886
 21
-153.3930349999999976
 31
0
  0
LINE
  5
12FB
330
1A
100
AcDbEntity
  8
BLACK
  6
CONTINUOUS
100
AcDbLine
 10
123.8896219999999886
 20
-153.3930349999999976
 30
0
 11
123.7943839999999938
 21
-153.7739870000000053
 31
0
  0
LINE
  5
12FC
330
1A
100
AcDbEntity
  8
BLACK
  6
CONTINUOUS
100
AcDbLine
 10
123.7943839999999938
 20
-153.7739870000000053
 30
0
 11
123.6991459999999989
 21
-153.964462999999995
 31
0
  0
LINE
  5
12FD
330
1A
100
AcDbEntity
  8
BLACK
  6
CONTINUOUS
100
AcDbLine
 10
123.6991459999999989
 20
-153.964462999999995
 30
0
 11
123.6039079999999899
 21
-154.0597019999999873
 31
0
  0
LINE
  5
12FE
330
1A
100
AcDbEntity
  8
BLACK
  6
CONTINUOUS
100
AcDbLine
 10
123.6039079999999899
 20
-154.0597019999999873
 30
0
 11
123.4134320000000002
 21
-154.1549399999999821
 31
0
  0
LINE
  5
12FF
330
1A
100
AcDbEntity
  8
BLACK
  6
CONTINUOUS
100
AcDbLine
 10
123.4134320000000002
 20
-154.1549399999999821
 30
0
 11
123.2229549999999989
 21
-154.1549399999999821
 31
0
  0
LINE
  5
1300
330
1A
100
AcDbEntity
  8
BLACK
  6
CONTINUOUS
100
AcDbLine
 10
123.2229549999999989
 20
-154.1549399999999821
 30
0
 11
123.032478999999995
 21
-154.0597019999999873
 31
0
  0
LINE
  5
1301
330
1A
100
AcDbEntity
  8
BLACK
  6
CONTINUOUS
100
AcDbLine
 10
123.032478999999995
 20
-154.0597019999999873
 30
0
 11
122.9372410000000002
 21
-153.964462999999995
 31
0
  0
LINE
  5
1302
330
1A
100
AcDbEntity
  8
BLACK
  6
CONTINUOUS
100
AcDbLine
 10
122.9372410000000002
 20
-153.964462999999995
 30
0
 11
122.8420029999999912
 21
-153.7739870000000053
 31
0
  0
LINE
  5
1303
330
1A
100
AcDbEntity
  8
BLACK
  6
CONTINUOUS
100
AcDbLine
 10
122.8420029999999912
 20
-153.7739870000000053
 30
0
 11
122.7467649999999963
 21
-153.3930349999999976
 31
0
  0
LINE
  5
1304
330
1A
100
AcDbEntity
  8
BLACK
  6
CONTINUOUS
100
AcDbLine
 10
122.7467649999999963
 20
-153.3930349999999976
 30
0
 11
122.7467649999999963
 21
-152.9168439999999975
 31
0
  0
LINE
  5
1305
330
1A
100
AcDbEntity
  8
BLACK
  6
CONTINUOUS
100
AcDbLine
 10
122.7467649999999963
 20
-152.9168439999999975
 30
0
 11
122.8420029999999912
 21
-152.5358919999999898
 31
0
  0
LINE
  5
1306
330
1A
100
AcDbEntity
  8
BLACK
  6
CONTINUOUS
100
AcDbLine
 10
122.8420029999999912
 20
-152.5358919999999898
 30
0
 11
122.9372410000000002
 21
-152.3454160000000002
 31
0
  0
LINE
  5
1307
330
1A
100
AcDbEntity
  8
BLACK
  6
CONTINUOUS
100
AcDbLine
 10
122.9372410000000002
 20
-152.3454160000000002
 30
0
 11
123.032478999999995
 21
-152.2501780000000053
 31
0
  0
LINE
  5
1308
330
1A
100
AcDbEntity
  8
BLACK
  6
CONTINUOUS
100
AcDbLine
 10
123.032478999999995
 20
-152.2501780000000053
 30
0
 11
123.2229549999999989
 21
-152.1549399999999821
 31
0
  0
LINE
  5
1309
330
1A
100
AcDbEntity
  8
BLACK
  6
CONTINUOUS
100
AcDbLine
 10
124.7467649999999963
 20
-154.1549399999999821
 30
0
 11
124.7467649999999963
 21
-152.8216060000000027
 31
0
  0
LINE
  5
130A
330
1A
100
AcDbEntity
  8
BLACK
  6
CONTINUOUS
100
AcDbLine
 10
124.7467649999999963
 20
-153.0120819999999924
 30
0
 11
124.8420029999999912
 21
-152.9168439999999975
 31
0
  0
LINE
  5
130B
330
1A
100
AcDbEntity
  8
BLACK
  6
CONTINUOUS
100
AcDbLine
 10
124.8420029999999912
 20
-152.9168439999999975
 30
0
 11
125.032478999999995
 21
-152.8216060000000027
 31
0
  0
LINE
  5
130C
330
1A
100
AcDbEntity
  8
BLACK
  6
CONTINUOUS
100
AcDbLine
 10
125.032478999999995
 20
-152.8216060000000027
 30
0
 11
125.3181939999999912
 21
-152.8216060000000027
 31
0
  0
LINE
  5
130D
330
1A
100
AcDbEntity
  8
BLACK
  6
CONTINUOUS
100
AcDbLine
 10
125.3181939999999912
 20
-152.8216060000000027
 30
0
 11
125.5086699999999951
 21
-152.9168439999999975
 31
0
  0
LINE
  5
130E
330
1A
100
AcDbEntity
  8
BLACK
  6
CONTINUOUS
100
AcDbLine
 10
125.5086699999999951
 20
-152.9168439999999975
 30
0
 11
125.6039079999999899
 21
-153.1073209999999847
 31
0
  0
LINE
  5
130F
330
1A
100
AcDbEntity
  8
BLACK
  6
CONTINUOUS
100
AcDbLine
 10
125.6039079999999899
 20
-153.1073209999999847
 30
0
 11
125.6039079999999899
 21
-154.1549399999999821
 31
0
  0
LINE
  5
1310
330
1A
100
AcDbEntity
  8
BLACK
  6
CONTINUOUS
100
AcDbLine
 10
125.6039079999999899
 20
-153.1073209999999847
 30
0
 11
125.6991459999999989
 21
-152.9168439999999975
 31
0
  0
LINE
  5
1311
330
1A
100
AcDbEntity
  8
BLACK
  6
CONTINUOUS
100
AcDbLine
 10
125.6991459999999989
 20
-152.9168439999999975
 30
0
 11
125.8896219999999886
 21
-152.8216060000000027
 31
0
  0
LINE
  5
1312
330
1A
100
AcDbEntity
  8
BLACK
  6
CONTINUOUS
100
AcDbLine
 10
125.8896219999999886
 20
-152.8216060000000027
 30
0
 11
126.1753359999999873
 21
-152.8216060000000027
 31
0
  0
LINE
  5
1313
330
1A
100
AcDbEntity
  8
BLACK
  6
CONTINUOUS
100
AcDbLine
 10
126.1753359999999873
 20
-152.8216060000000027
 30
0
 11
126.3658129999999886
 21
-152.9168439999999975
 31
0
  0
LINE
  5
1314
330
1A
100
AcDbEntity
  8
BLACK
  6
CONTINUOUS
100
AcDbLine
 10
126.3658129999999886
 20
-152.9168439999999975
 30
0
 11
126.4610509999999977
 21
-153.1073209999999847
 31
0
  0
LINE
  5
1315
330
1A
100
AcDbEntity
  8
BLACK
  6
CONTINUOUS
100
AcDbLine
 10
126.4610509999999977
 20
-153.1073209999999847
 30
0
 11
126.4610509999999977
 21
-154.1549399999999821
 31
0
  0
LINE
  5
1316
330
1A
100
AcDbEntity
  8
BLACK
  6
CONTINUOUS
100
AcDbLine
 10
127.4134320000000002
 20
-154.1549399999999821
 30
0
 11
127.4134320000000002
 21
-152.8216060000000027
 31
0
  0
LINE
  5
1317
330
1A
100
AcDbEntity
  8
BLACK
  6
CONTINUOUS
100
AcDbLine
 10
127.4134320000000002
 20
-153.0120819999999924
 30
0
 11
127.5086699999999951
 21
-152.9168439999999975
 31
0
  0
LINE
  5
1318
330
1A
100
AcDbEntity
  8
BLACK
  6
CONTINUOUS
100
AcDbLine
 10
127.5086699999999951
 20
-152.9168439999999975
 30
0
 11
127.6991459999999989
 21
-152.8216060000000027
 31
0
  0
LINE
  5
1319
330
1A
100
AcDbEntity
  8
BLACK
  6
CONTINUOUS
100
AcDbLine
 10
127.6991459999999989
 20
-152.8216060000000027
 30
0
 11
127.9848609999999951
 21
-152.8216060000000027
 31
0
  0
LINE
  5
131A
330
1A
100
AcDbEntity
  8
BLACK
  6
CONTINUOUS
100
AcDbLine
 10
127.9848609999999951
 20
-152.8216060000000027
 30
0
 11
128.1753369999999848
 21
-152.9168439999999975
 31
0
  0
LINE
  5
131B
330
1A
100
AcDbEntity
  8
BLACK
  6
CONTINUOUS
100
AcDbLine
 10
128.1753369999999848
 20
-152.9168439999999975
 30
0
 11
128.270575000000008
 21
-153.1073209999999847
 31
0
  0
LINE
  5
131C
330
1A
100
AcDbEntity
  8
BLACK
  6
CONTINUOUS
100
AcDbLine
 10
128.270575000000008
 20
-153.1073209999999847
 30
0
 11
128.270575000000008
 21
-154.1549399999999821
 31
0
  0
LINE
  5
131D
330
1A
100
AcDbEntity
  8
BLACK
  6
CONTINUOUS
100
AcDbLine
 10
128.270575000000008
 20
-153.1073209999999847
 30
0
 11
128.3658130000000028
 21
-152.9168439999999975
 31
0
  0
LINE
  5
131E
330
1A
100
AcDbEntity
  8
BLACK
  6
CONTINUOUS
100
AcDbLine
 10
128.3658130000000028
 20
-152.9168439999999975
 30
0
 11
128.5562889999999925
 21
-152.8216060000000027
 31
0
  0
LINE
  5
131F
330
1A
100
AcDbEntity
  8
BLACK
  6
CONTINUOUS
100
AcDbLine
 10
128.5562889999999925
 20
-152.8216060000000027
 30
0
 11
128.8420030000000054
 21
-152.8216060000000027
 31
0
  0
LINE
  5
1320
330
1A
100
AcDbEntity
  8
BLACK
  6
CONTINUOUS
100
AcDbLine
 10
128.8420030000000054
 20
-152.8216060000000027
 30
0
 11
129.0324799999999925
 21
-152.9168439999999975
 31
0
  0
LINE
  5
1321
330
1A
100
AcDbEntity
  8
BLACK
  6
CONTINUOUS
100
AcDbLine
 10
129.0324799999999925
 20
-152.9168439999999975
 30
0
 11
129.1277179999999873
 21
-153.1073209999999847
 31
0
  0
LINE
  5
1322
330
1A
100
AcDbEntity
  8
BLACK
  6
CONTINUOUS
100
AcDbLine
 10
129.1277179999999873
 20
-153.1073209999999847
 30
0
 11
129.1277179999999873
 21
-154.1549399999999821
 31
0
  0
LINE
  5
1323
330
1A
100
AcDbEntity
  8
BLACK
  6
CONTINUOUS
100
AcDbLine
 10
133.0324799999999925
 20
-152.0597019999999873
 30
0
 11
131.3181950000000029
 21
-154.6311299999999846
 31
0
  0
LINE
  5
1324
330
1A
100
AcDbEntity
  8
BLACK
  6
CONTINUOUS
100
AcDbLine
 10
135.6039089999999874
 20
-152.1549399999999821
 30
0
 11
135.7943860000000029
 21
-152.1549399999999821
 31
0
  0
LINE
  5
1325
330
1A
100
AcDbEntity
  8
BLACK
  6
CONTINUOUS
100
AcDbLine
 10
135.7943860000000029
 20
-152.1549399999999821
 30
0
 11
135.9848619999999926
 21
-152.2501780000000053
 31
0
  0
LINE
  5
1326
330
1A
100
AcDbEntity
  8
BLACK
  6
CONTINUOUS
100
AcDbLine
 10
135.9848619999999926
 20
-152.2501780000000053
 30
0
 11
136.0800999999999874
 21
-152.3454160000000002
 31
0
  0
LINE
  5
1327
330
1A
100
AcDbEntity
  8
BLACK
  6
CONTINUOUS
100
AcDbLine
 10
136.0800999999999874
 20
-152.3454160000000002
 30
0
 11
136.1753379999999822
 21
-152.5358919999999898
 31
0
  0
LINE
  5
1328
330
1A
100
AcDbEntity
  8
BLACK
  6
CONTINUOUS
100
AcDbLine
 10
136.1753379999999822
 20
-152.5358919999999898
 30
0
 11
136.2705760000000055
 21
-152.9168439999999975
 31
0
  0
LINE
  5
1329
330
1A
100
AcDbEntity
  8
BLACK
  6
CONTINUOUS
100
AcDbLine
 10
136.2705760000000055
 20
-152.9168439999999975
 30
0
 11
136.2705760000000055
 21
-153.3930349999999976
 31
0
  0
LINE
  5
132A
330
1A
100
AcDbEntity
  8
BLACK
  6
CONTINUOUS
100
AcDbLine
 10
136.2705760000000055
 20
-153.3930349999999976
 30
0
 11
136.1753379999999822
 21
-153.7739870000000053
 31
0
  0
LINE
  5
132B
330
1A
100
AcDbEntity
  8
BLACK
  6
CONTINUOUS
100
AcDbLine
 10
136.1753379999999822
 20
-153.7739870000000053
 30
0
 11
136.0800999999999874
 21
-153.964462999999995
 31
0
  0
LINE
  5
132C
330
1A
100
AcDbEntity
  8
BLACK
  6
CONTINUOUS
100
AcDbLine
 10
136.0800999999999874
 20
-153.964462999999995
 30
0
 11
135.9848619999999926
 21
-154.0597019999999873
 31
0
  0
LINE
  5
132D
330
1A
100
AcDbEntity
  8
BLACK
  6
CONTINUOUS
100
AcDbLine
 10
135.9848619999999926
 20
-154.0597019999999873
 30
0
 11
135.7943860000000029
 21
-154.1549399999999821
 31
0
  0
LINE
  5
132E
330
1A
100
AcDbEntity
  8
BLACK
  6
CONTINUOUS
100
AcDbLine
 10
135.7943860000000029
 20
-154.1549399999999821
 30
0
 11
135.6039089999999874
 21
-154.1549399999999821
 31
0
  0
LINE
  5
132F
330
1A
100
AcDbEntity
  8
BLACK
  6
CONTINUOUS
100
AcDbLine
 10
135.6039089999999874
 20
-154.1549399999999821
 30
0
 11
135.4134329999999977
 21
-154.0597019999999873
 31
0
  0
LINE
  5
1330
330
1A
100
AcDbEntity
  8
BLACK
  6
CONTINUOUS
100
AcDbLine
 10
135.4134329999999977
 20
-154.0597019999999873
 30
0
 11
135.3181950000000029
 21
-153.964462999999995
 31
0
  0
LINE
  5
1331
330
1A
100
AcDbEntity
  8
BLACK
  6
CONTINUOUS
100
AcDbLine
 10
135.3181950000000029
 20
-153.964462999999995
 30
0
 11
135.2229570000000081
 21
-153.7739870000000053
 31
0
  0
LINE
  5
1332
330
1A
100
AcDbEntity
  8
BLACK
  6
CONTINUOUS
100
AcDbLine
 10
135.2229570000000081
 20
-153.7739870000000053
 30
0
 11
135.1277189999999848
 21
-153.3930349999999976
 31
0
  0
LINE
  5
1333
330
1A
100
AcDbEntity
  8
BLACK
  6
CONTINUOUS
100
AcDbLine
 10
135.1277189999999848
 20
-153.3930349999999976
 30
0
 11
135.1277189999999848
 21
-152.9168439999999975
 31
0
  0
LINE
  5
1334
330
1A
100
AcDbEntity
  8
BLACK
  6
CONTINUOUS
100
AcDbLine
 10
135.1277189999999848
 20
-152.9168439999999975
 30
0
 11
135.2229570000000081
 21
-152.5358919999999898
 31
0
  0
LINE
  5
1335
330
1A
100
AcDbEntity
  8
BLACK
  6
CONTINUOUS
100
AcDbLine
 10
135.2229570000000081
 20
-152.5358919999999898
 30
0
 11
135.3181950000000029
 21
-152.3454160000000002
 31
0
  0
LINE
  5
1336
330
1A
100
AcDbEntity
  8
BLACK
  6
CONTINUOUS
100
AcDbLine
 10
135.3181950000000029
 20
-152.3454160000000002
 30
0
 11
135.4134329999999977
 21
-152.2501780000000053
 31
0
  0
LINE
  5
1337
330
1A
100
AcDbEntity
  8
BLACK
  6
CONTINUOUS
100
AcDbLine
 10
135.4134329999999977
 20
-152.2501780000000053
 30
0
 11
135.6039089999999874
 21
-152.1549399999999821
 31
0
  0
LINE
  5
1338
330
1A
100
AcDbEntity
  8
BLACK
  6
CONTINUOUS
100
AcDbLine
 10
137.1277189999999848
 20
-153.964462999999995
 30
0
 11
137.2229569999999796
 21
-154.0597019999999873
 31
0
  0
LINE
  5
1339
330
1A
100
AcDbEntity
  8
BLACK
  6
CONTINUOUS
100
AcDbLine
 10
137.2229569999999796
 20
-154.0597019999999873
 30
0
 11
137.1277189999999848
 21
-154.1549399999999821
 31
0
  0
LINE
  5
133A
330
1A
100
AcDbEntity
  8
BLACK
  6
CONTINUOUS
100
AcDbLine
 10
137.1277189999999848
 20
-154.1549399999999821
 30
0
 11
137.03248099999999
 21
-154.0597019999999873
 31
0
  0
LINE
  5
133B
330
1A
100
AcDbEntity
  8
BLACK
  6
CONTINUOUS
100
AcDbLine
 10
137.03248099999999
 20
-154.0597019999999873
 30
0
 11
137.1277189999999848
 21
-153.964462999999995
 31
0
  0
LINE
  5
133C
330
1A
100
AcDbEntity
  8
BLACK
  6
CONTINUOUS
100
AcDbLine
 10
137.1277189999999848
 20
-153.964462999999995
 30
0
 11
137.1277189999999848
 21
-154.1549399999999821
 31
0
  0
LINE
  5
133D
330
1A
100
AcDbEntity
  8
BLACK
  6
CONTINUOUS
100
AcDbLine
 10
139.1277189999999848
 20
-154.1549399999999821
 30
0
 11
137.9848619999999926
 21
-154.1549399999999821
 31
0
  0
LINE
  5
133E
330
1A
100
AcDbEntity
  8
BLACK
  6
CONTINUOUS
100
AcDbLine
 10
138.55628999999999
 20
-154.1549399999999821
 30
0
 11
138.55628999999999
 21
-152.1549399999999821
 31
0
  0
LINE
  5
133F
330
1A
100
AcDbEntity
  8
BLACK
  6
CONTINUOUS
100
AcDbLine
 10
138.55628999999999
 20
-152.1549399999999821
 30
0
 11
138.3658140000000003
 21
-152.440653999999995
 31
0
  0
LINE
  5
1340
330
1A
100
AcDbEntity
  8
BLACK
  6
CONTINUOUS
100
AcDbLine
 10
138.3658140000000003
 20
-152.440653999999995
 30
0
 11
138.1753379999999822
 21
-152.6311299999999846
 31
0
  0
LINE
  5
1341
330
1A
100
AcDbEntity
  8
BLACK
  6
CONTINUOUS
100
AcDbLine
 10
138.1753379999999822
 20
-152.6311299999999846
 30
0
 11
137.9848619999999926
 21
-152.7263679999999795
 31
0
  0
LINE
  5
1342
330
1A
100
AcDbEntity
  8
BLACK
  6
CONTINUOUS
100
AcDbLine
 10
139.8896239999999977
 20
-152.3454160000000002
 30
0
 11
139.9848619999999926
 21
-152.2501780000000053
 31
0
  0
LINE
  5
1343
330
1A
100
AcDbEntity
  8
BLACK
  6
CONTINUOUS
100
AcDbLine
 10
139.9848619999999926
 20
-152.2501780000000053
 30
0
 11
140.1753379999999822
 21
-152.1549399999999821
 31
0
  0
LINE
  5
1344
330
1A
100
AcDbEntity
  8
BLACK
  6
CONTINUOUS
100
AcDbLine
 10
140.1753379999999822
 20
-152.1549399999999821
 30
0
 11
140.6515289999999823
 21
-152.1549399999999821
 31
0
  0
LINE
  5
1345
330
1A
100
AcDbEntity
  8
BLACK
  6
CONTINUOUS
100
AcDbLine
 10
140.6515289999999823
 20
-152.1549399999999821
 30
0
 11
140.8420050000000003
 21
-152.2501780000000053
 31
0
  0
LINE
  5
1346
330
1A
100
AcDbEntity
  8
BLACK
  6
CONTINUOUS
100
AcDbLine
 10
140.8420050000000003
 20
-152.2501780000000053
 30
0
 11
140.9372429999999952
 21
-152.3454160000000002
 31
0
  0
LINE
  5
1347
330
1A
100
AcDbEntity
  8
BLACK
  6
CONTINUOUS
100
AcDbLine
 10
140.9372429999999952
 20
-152.3454160000000002
 30
0
 11
141.03248099999999
 21
-152.5358919999999898
 31
0
  0
LINE
  5
1348
330
1A
100
AcDbEntity
  8
BLACK
  6
CONTINUOUS
100
AcDbLine
 10
141.03248099999999
 20
-152.5358919999999898
 30
0
 11
141.03248099999999
 21
-152.7263679999999795
 31
0
  0
LINE
  5
1349
330
1A
100
AcDbEntity
  8
BLACK
  6
CONTINUOUS
100
AcDbLine
 10
141.03248099999999
 20
-152.7263679999999795
 30
0
 11
140.9372429999999952
 21
-153.0120819999999924
 31
0
  0
LINE
  5
134A
330
1A
100
AcDbEntity
  8
BLACK
  6
CONTINUOUS
100
AcDbLine
 10
140.9372429999999952
 20
-153.0120819999999924
 30
0
 11
139.7943860000000029
 21
-154.1549399999999821
 31
0
  0
LINE
  5
134B
330
1A
100
AcDbEntity
  8
BLACK
  6
CONTINUOUS
100
AcDbLine
 10
139.7943860000000029
 20
-154.1549399999999821
 30
0
 11
141.03248099999999
 21
-154.1549399999999821
 31
0
  0
LINE
  5
134C
330
1A
100
AcDbEntity
  8
BLACK
  6
CONTINUOUS
100
AcDbLine
 10
142.7467670000000055
 20
-152.1549399999999821
 30
0
 11
142.3658140000000003
 21
-152.1549399999999821
 31
0
  0
LINE
  5
134D
330
1A
100
AcDbEntity
  8
BLACK
  6
CONTINUOUS
100
AcDbLine
 10
142.3658140000000003
 20
-152.1549399999999821
 30
0
 11
142.1753379999999822
 21
-152.2501780000000053
 31
0
  0
LINE
  5
134E
330
1A
100
AcDbEntity
  8
BLACK
  6
CONTINUOUS
100
AcDbLine
 10
142.1753379999999822
 20
-152.2501780000000053
 30
0
 11
142.0800999999999874
 21
-152.3454160000000002
 31
0
  0
LINE
  5
134F
330
1A
100
AcDbEntity
  8
BLACK
  6
CONTINUOUS
100
AcDbLine
 10
142.0800999999999874
 20
-152.3454160000000002
 30
0
 11
141.8896239999999977
 21
-152.6311299999999846
 31
0
  0
LINE
  5
1350
330
1A
100
AcDbEntity
  8
BLACK
  6
CONTINUOUS
100
AcDbLine
 10
141.8896239999999977
 20
-152.6311299999999846
 30
0
 11
141.7943860000000029
 21
-153.0120819999999924
 31
0
  0
LINE
  5
1351
330
1A
100
AcDbEntity
  8
BLACK
  6
CONTINUOUS
100
AcDbLine
 10
141.7943860000000029
 20
-153.0120819999999924
 30
0
 11
141.7943860000000029
 21
-153.7739870000000053
 31
0
  0
LINE
  5
1352
330
1A
100
AcDbEntity
  8
BLACK
  6
CONTINUOUS
100
AcDbLine
 10
141.7943860000000029
 20
-153.7739870000000053
 30
0
 11
141.8896239999999977
 21
-153.964462999999995
 31
0
  0
LINE
  5
1353
330
1A
100
AcDbEntity
  8
BLACK
  6
CONTINUOUS
100
AcDbLine
 10
141.8896239999999977
 20
-153.964462999999995
 30
0
 11
141.9848619999999926
 21
-154.0597019999999873
 31
0
  0
LINE
  5
1354
330
1A
100
AcDbEntity
  8
BLACK
  6
CONTINUOUS
100
AcDbLine
 10
141.9848619999999926
 20
-154.0597019999999873
 30
0
 11
142.1753379999999822
 21
-154.1549399999999821
 31
0
  0
LINE
  5
1355
330
1A
100
AcDbEntity
  8
BLACK
  6
CONTINUOUS
100
AcDbLine
 10
142.1753379999999822
 20
-154.1549399999999821
 30
0
 11
142.5562909999999874
 21
-154.1549399999999821
 31
0
  0
LINE
  5
1356
330
1A
100
AcDbEntity
  8
BLACK
  6
CONTINUOUS
100
AcDbLine
 10
142.5562909999999874
 20
-154.1549399999999821
 30
0
 11
142.7467670000000055
 21
-154.0597019999999873
 31
0
  0
LINE
  5
1357
330
1A
100
AcDbEntity
  8
BLACK
  6
CONTINUOUS
100
AcDbLine
 10
142.7467670000000055
 20
-154.0597019999999873
 30
0
 11
142.8420050000000003
 21
-153.964462999999995
 31
0
  0
LINE
  5
1358
330
1A
100
AcDbEntity
  8
BLACK
  6
CONTINUOUS
100
AcDbLine
 10
142.8420050000000003
 20
-153.964462999999995
 30
0
 11
142.9372429999999952
 21
-153.7739870000000053
 31
0
  0
LINE
  5
1359
330
1A
100
AcDbEntity
  8
BLACK
  6
CONTINUOUS
100
AcDbLine
 10
142.9372429999999952
 20
-153.7739870000000053
 30
0
 11
142.9372429999999952
 21
-153.2977970000000028
 31
0
  0
LINE
  5
135A
330
1A
100
AcDbEntity
  8
BLACK
  6
CONTINUOUS
100
AcDbLine
 10
142.9372429999999952
 20
-153.2977970000000028
 30
0
 11
142.8420050000000003
 21
-153.1073209999999847
 31
0
  0
LINE
  5
135B
330
1A
100
AcDbEntity
  8
BLACK
  6
CONTINUOUS
100
AcDbLine
 10
142.8420050000000003
 20
-153.1073209999999847
 30
0
 11
142.7467670000000055
 21
-153.0120819999999924
 31
0
  0
LINE
  5
135C
330
1A
100
AcDbEntity
  8
BLACK
  6
CONTINUOUS
100
AcDbLine
 10
142.7467670000000055
 20
-153.0120819999999924
 30
0
 11
142.5562909999999874
 21
-152.9168439999999975
 31
0
  0
LINE
  5
135D
330
1A
100
AcDbEntity
  8
BLACK
  6
CONTINUOUS
100
AcDbLine
 10
142.5562909999999874
 20
-152.9168439999999975
 30
0
 11
142.1753379999999822
 21
-152.9168439999999975
 31
0
  0
LINE
  5
135E
330
1A
100
AcDbEntity
  8
BLACK
  6
CONTINUOUS
100
AcDbLine
 10
142.1753379999999822
 20
-152.9168439999999975
 30
0
 11
141.9848619999999926
 21
-153.0120819999999924
 31
0
  0
LINE
  5
135F
330
1A
100
AcDbEntity
  8
BLACK
  6
CONTINUOUS
100
AcDbLine
 10
141.9848619999999926
 20
-153.0120819999999924
 30
0
 11
141.8896239999999977
 21
-153.1073209999999847
 31
0
  0
LINE
  5
1360
330
1A
100
AcDbEntity
  8
BLACK
  6
CONTINUOUS
100
AcDbLine
 10
141.8896239999999977
 20
-153.1073209999999847
 30
0
 11
141.7943860000000029
 21
-153.2977970000000028
 31
0
  0
LINE
  5
1361
330
1A
100
AcDbEntity
  8
BLACK
  6
CONTINUOUS
100
AcDbLine
 10
144.1753379999999822
 20
-152.1549399999999821
 30
0
 11
144.3658149999999978
 21
-152.1549399999999821
 31
0
  0
LINE
  5
1362
330
1A
100
AcDbEntity
  8
BLACK
  6
CONTINUOUS
100
AcDbLine
 10
144.3658149999999978
 20
-152.1549399999999821
 30
0
 11
144.5562909999999874
 21
-152.2501780000000053
 31
0
  0
LINE
  5
1363
330
1A
100
AcDbEntity
  8
BLACK
  6
CONTINUOUS
100
AcDbLine
 10
144.5562909999999874
 20
-152.2501780000000053
 30
0
 11
144.6515289999999823
 21
-152.3454160000000002
 31
0
  0
LINE
  5
1364
330
1A
100
AcDbEntity
  8
BLACK
  6
CONTINUOUS
100
AcDbLine
 10
144.6515289999999823
 20
-152.3454160000000002
 30
0
 11
144.7467670000000055
 21
-152.5358919999999898
 31
0
  0
LINE
  5
1365
330
1A
100
AcDbEntity
  8
BLACK
  6
CONTINUOUS
100
AcDbLine
 10
144.7467670000000055
 20
-152.5358919999999898
 30
0
 11
144.8420050000000003
 21
-152.9168439999999975
 31
0
  0
LINE
  5
1366
330
1A
100
AcDbEntity
  8
BLACK
  6
CONTINUOUS
100
AcDbLine
 10
144.8420050000000003
 20
-152.9168439999999975
 30
0
 11
144.8420050000000003
 21
-153.3930349999999976
 31
0
  0
LINE
  5
1367
330
1A
100
AcDbEntity
  8
BLACK
  6
CONTINUOUS
100
AcDbLine
 10
144.8420050000000003
 20
-153.3930349999999976
 30
0
 11
144.7467670000000055
 21
-153.7739870000000053
 31
0
  0
LINE
  5
1368
330
1A
100
AcDbEntity
  8
BLACK
  6
CONTINUOUS
100
AcDbLine
 10
144.7467670000000055
 20
-153.7739870000000053
 30
0
 11
144.6515289999999823
 21
-153.964462999999995
 31
0
  0
LINE
  5
1369
330
1A
100
AcDbEntity
  8
BLACK
  6
CONTINUOUS
100
AcDbLine
 10
144.6515289999999823
 20
-153.964462999999995
 30
0
 11
144.5562909999999874
 21
-154.0597019999999873
 31
0
  0
LINE
  5
136A
330
1A
100
AcDbEntity
  8
BLACK
  6
CONTINUOUS
100
AcDbLine
 10
144.5562909999999874
 20
-154.0597019999999873
 30
0
 11
144.3658149999999978
 21
-154.1549399999999821
 31
0
  0
LINE
  5
136B
330
1A
100
AcDbEntity
  8
BLACK
  6
CONTINUOUS
100
AcDbLine
 10
144.3658149999999978
 20
-154.1549399999999821
 30
0
 11
144.1753379999999822
 21
-154.1549399999999821
 31
0
  0
LINE
  5
136C
330
1A
100
AcDbEntity
  8
BLACK
  6
CONTINUOUS
100
AcDbLine
 10
144.1753379999999822
 20
-154.1549399999999821
 30
0
 11
143.9848619999999926
 21
-154.0597019999999873
 31
0
  0
LINE
  5
136D
330
1A
100
AcDbEntity
  8
BLACK
  6
CONTINUOUS
100
AcDbLine
 10
143.9848619999999926
 20
-154.0597019999999873
 30
0
 11
143.8896239999999977
 21
-153.964462999999995
 31
0
  0
LINE
  5
136E
330
1A
100
AcDbEntity
  8
BLACK
  6
CONTINUOUS
100
AcDbLine
 10
143.8896239999999977
 20
-153.964462999999995
 30
0
 11
143.7943860000000029
 21
-153.7739870000000053
 31
0
  0
LINE
  5
136F
330
1A
100
AcDbEntity
  8
BLACK
  6
CONTINUOUS
100
AcDbLine
 10
143.7943860000000029
 20
-153.7739870000000053
 30
0
 11
143.6991479999999797
 21
-153.3930349999999976
 31
0
  0
LINE
  5
1370
330
1A
100
AcDbEntity
  8
BLACK
  6
CONTINUOUS
100
AcDbLine
 10
143.6991479999999797
 20
-153.3930349999999976
 30
0
 11
143.6991479999999797
 21
-152.9168439999999975
 31
0
  0
LINE
  5
1371
330
1A
100
AcDbEntity
  8
BLACK
  6
CONTINUOUS
100
AcDbLine
 10
143.6991479999999797
 20
-152.9168439999999975
 30
0
 11
143.7943860000000029
 21
-152.5358919999999898
 31
0
  0
LINE
  5
1372
330
1A
100
AcDbEntity
  8
BLACK
  6
CONTINUOUS
100
AcDbLine
 10
143.7943860000000029
 20
-152.5358919999999898
 30
0
 11
143.8896239999999977
 21
-152.3454160000000002
 31
0
  0
LINE
  5
1373
330
1A
100
AcDbEntity
  8
BLACK
  6
CONTINUOUS
100
AcDbLine
 10
143.8896239999999977
 20
-152.3454160000000002
 30
0
 11
143.9848619999999926
 21
-152.2501780000000053
 31
0
  0
LINE
  5
1374
330
1A
100
AcDbEntity
  8
BLACK
  6
CONTINUOUS
100
AcDbLine
 10
143.9848619999999926
 20
-152.2501780000000053
 30
0
 11
144.1753379999999822
 21
-152.1549399999999821
 31
0
  0
LINE
  5
1375
330
1A
100
AcDbEntity
  8
BLACK
  6
CONTINUOUS
100
AcDbLine
 10
145.6039099999999848
 20
-152.1549399999999821
 30
0
 11
145.6039099999999848
 21
-152.5358919999999898
 31
0
  0
LINE
  5
1376
330
1A
100
AcDbEntity
  8
BLACK
  6
CONTINUOUS
100
AcDbLine
 10
146.3658149999999978
 20
-152.1549399999999821
 30
0
 11
146.3658149999999978
 21
-152.5358919999999898
 31
0
  0
LINE
  5
1377
330
1A
100
AcDbEntity
  8
BLACK
  6
CONTINUOUS
100
AcDbLine
 10
149.3181969999999978
 20
-154.9168439999999975
 30
0
 11
149.2229580000000055
 21
-154.8216060000000027
 31
0
  0
LINE
  5
1378
330
1A
100
AcDbEntity
  8
BLACK
  6
CONTINUOUS
100
AcDbLine
 10
149.2229580000000055
 20
-154.8216060000000027
 30
0
 11
149.0324819999999875
 21
-154.5358919999999898
 31
0
  0
LINE
  5
1379
330
1A
100
AcDbEntity
  8
BLACK
  6
CONTINUOUS
100
AcDbLine
 10
149.0324819999999875
 20
-154.5358919999999898
 30
0
 11
148.9372439999999926
 21
-154.3454160000000002
 31
0
  0
LINE
  5
137A
330
1A
100
AcDbEntity
  8
BLACK
  6
CONTINUOUS
100
AcDbLine
 10
148.9372439999999926
 20
-154.3454160000000002
 30
0
 11
148.8420059999999978
 21
-154.0597019999999873
 31
0
  0
LINE
  5
137B
330
1A
100
AcDbEntity
  8
BLACK
  6
CONTINUOUS
100
AcDbLine
 10
148.8420059999999978
 20
-154.0597019999999873
 30
0
 11
148.746768000000003
 21
-153.5835109999999872
 31
0
  0
LINE
  5
137C
330
1A
100
AcDbEntity
  8
BLACK
  6
CONTINUOUS
100
AcDbLine
 10
148.746768000000003
 20
-153.5835109999999872
 30
0
 11
148.746768000000003
 21
-153.2025589999999795
 31
0
  0
LINE
  5
137D
330
1A
100
AcDbEntity
  8
BLACK
  6
CONTINUOUS
100
AcDbLine
 10
148.746768000000003
 20
-153.2025589999999795
 30
0
 11
148.8420059999999978
 21
-152.7263679999999795
 31
0
  0
LINE
  5
137E
330
1A
100
AcDbEntity
  8
BLACK
  6
CONTINUOUS
100
AcDbLine
 10
148.8420059999999978
 20
-152.7263679999999795
 30
0
 11
148.9372439999999926
 21
-152.440653999999995
 31
0
  0
LINE
  5
137F
330
1A
100
AcDbEntity
  8
BLACK
  6
CONTINUOUS
100
AcDbLine
 10
148.9372439999999926
 20
-152.440653999999995
 30
0
 11
149.0324819999999875
 21
-152.2501780000000053
 31
0
  0
LINE
  5
1380
330
1A
100
AcDbEntity
  8
BLACK
  6
CONTINUOUS
100
AcDbLine
 10
149.0324819999999875
 20
-152.2501780000000053
 30
0
 11
149.2229580000000055
 21
-151.964462999999995
 31
0
  0
LINE
  5
1381
330
1A
100
AcDbEntity
  8
BLACK
  6
CONTINUOUS
100
AcDbLine
 10
149.2229580000000055
 20
-151.964462999999995
 30
0
 11
149.3181969999999978
 21
-151.8692250000000001
 31
0
  0
LINE
  5
1382
330
1A
100
AcDbEntity
  8
BLACK
  6
CONTINUOUS
100
AcDbLine
 10
150.9372439999999926
 20
-152.1549399999999821
 30
0
 11
150.5562909999999874
 21
-152.1549399999999821
 31
0
  0
LINE
  5
1383
330
1A
100
AcDbEntity
  8
BLACK
  6
CONTINUOUS
100
AcDbLine
 10
150.5562909999999874
 20
-152.1549399999999821
 30
0
 11
150.3658149999999978
 21
-152.2501780000000053
 31
0
  0
LINE
  5
1384
330
1A
100
AcDbEntity
  8
BLACK
  6
CONTINUOUS
100
AcDbLine
 10
150.3658149999999978
 20
-152.2501780000000053
 30
0
 11
150.270577000000003
 21
-152.3454160000000002
 31
0
  0
LINE
  5
1385
330
1A
100
AcDbEntity
  8
BLACK
  6
CONTINUOUS
100
AcDbLine
 10
150.270577000000003
 20
-152.3454160000000002
 30
0
 11
150.0801009999999849
 21
-152.6311299999999846
 31
0
  0
LINE
  5
1386
330
1A
100
AcDbEntity
  8
BLACK
  6
CONTINUOUS
100
AcDbLine
 10
150.0801009999999849
 20
-152.6311299999999846
 30
0
 11
149.9848629999999901
 21
-153.0120819999999924
 31
0
  0
LINE
  5
1387
330
1A
100
AcDbEntity
  8
BLACK
  6
CONTINUOUS
100
AcDbLine
 10
149.9848629999999901
 20
-153.0120819999999924
 30
0
 11
149.9848629999999901
 21
-153.7739870000000053
 31
0
  0
LINE
  5
1388
330
1A
100
AcDbEntity
  8
BLACK
  6
CONTINUOUS
100
AcDbLine
 10
149.9848629999999901
 20
-153.7739870000000053
 30
0
 11
150.0801009999999849
 21
-153.964462999999995
 31
0
  0
LINE
  5
1389
330
1A
100
AcDbEntity
  8
BLACK
  6
CONTINUOUS
100
AcDbLine
 10
150.0801009999999849
 20
-153.964462999999995
 30
0
 11
150.1753389999999797
 21
-154.0597019999999873
 31
0
  0
LINE
  5
138A
330
1A
100
AcDbEntity
  8
BLACK
  6
CONTINUOUS
100
AcDbLine
 10
150.1753389999999797
 20
-154.0597019999999873
 30
0
 11
150.3658149999999978
 21
-154.1549399999999821
 31
0
  0
LINE
  5
138B
330
1A
100
AcDbEntity
  8
BLACK
  6
CONTINUOUS
100
AcDbLine
 10
150.3658149999999978
 20
-154.1549399999999821
 30
0
 11
150.746768000000003
 21
-154.1549399999999821
 31
0
  0
LINE
  5
138C
330
1A
100
AcDbEntity
  8
BLACK
  6
CONTINUOUS
100
AcDbLine
 10
150.746768000000003
 20
-154.1549399999999821
 30
0
 11
150.9372439999999926
 21
-154.0597019999999873
 31
0
  0
LINE
  5
138D
330
1A
100
AcDbEntity
  8
BLACK
  6
CONTINUOUS
100
AcDbLine
 10
150.9372439999999926
 20
-154.0597019999999873
 30
0
 11
151.0324819999999875
 21
-153.964462999999995
 31
0
  0
LINE
  5
138E
330
1A
100
AcDbEntity
  8
BLACK
  6
CONTINUOUS
100
AcDbLine
 10
151.0324819999999875
 20
-153.964462999999995
 30
0
 11
151.1277199999999823
 21
-153.7739870000000053
 31
0
  0
LINE
  5
138F
330
1A
100
AcDbEntity
  8
BLACK
  6
CONTINUOUS
100
AcDbLine
 10
151.1277199999999823
 20
-153.7739870000000053
 30
0
 11
151.1277199999999823
 21
-153.2977970000000028
 31
0
  0
LINE
  5
1390
330
1A
100
AcDbEntity
  8
BLACK
  6
CONTINUOUS
100
AcDbLine
 10
151.1277199999999823
 20
-153.2977970000000028
 30
0
 11
151.0324819999999875
 21
-153.1073209999999847
 31
0
  0
LINE
  5
1391
330
1A
100
AcDbEntity
  8
BLACK
  6
CONTINUOUS
100
AcDbLine
 10
151.0324819999999875
 20
-153.1073209999999847
 30
0
 11
150.9372439999999926
 21
-153.0120819999999924
 31
0
  0
LINE
  5
1392
330
1A
100
AcDbEntity
  8
BLACK
  6
CONTINUOUS
100
AcDbLine
 10
150.9372439999999926
 20
-153.0120819999999924
 30
0
 11
150.746768000000003
 21
-152.9168439999999975
 31
0
  0
LINE
  5
1393
330
1A
100
AcDbEntity
  8
BLACK
  6
CONTINUOUS
100
AcDbLine
 10
150.746768000000003
 20
-152.9168439999999975
 30
0
 11
150.3658149999999978
 21
-152.9168439999999975
 31
0
  0
LINE
  5
1394
330
1A
100
AcDbEntity
  8
BLACK
  6
CONTINUOUS
100
AcDbLine
 10
150.3658149999999978
 20
-152.9168439999999975
 30
0
 11
150.1753389999999797
 21
-153.0120819999999924
 31
0
  0
LINE
  5
1395
330
1A
100
AcDbEntity
  8
BLACK
  6
CONTINUOUS
100
AcDbLine
 10
150.1753389999999797
 20
-153.0120819999999924
 30
0
 11
150.0801009999999849
 21
-153.1073209999999847
 31
0
  0
LINE
  5
1396
330
1A
100
AcDbEntity
  8
BLACK
  6
CONTINUOUS
100
AcDbLine
 10
150.0801009999999849
 20
-153.1073209999999847
 30
0
 11
149.9848629999999901
 21
-153.2977970000000028
 31
0
  0
LINE
  5
1397
330
1A
100
AcDbEntity
  8
BLACK
  6
CONTINUOUS
100
AcDbLine
 10
153.5086729999999875
 20
-154.1549399999999821
 30
0
 11
153.5086729999999875
 21
-152.1549399999999821
 31
0
  0
LINE
  5
1398
330
1A
100
AcDbEntity
  8
BLACK
  6
CONTINUOUS
100
AcDbLine
 10
154.3658159999999953
 20
-154.1549399999999821
 30
0
 11
154.3658159999999953
 21
-153.1073209999999847
 31
0
  0
LINE
  5
1399
330
1A
100
AcDbEntity
  8
BLACK
  6
CONTINUOUS
100
AcDbLine
 10
154.3658159999999953
 20
-153.1073209999999847
 30
0
 11
154.2705780000000004
 21
-152.9168439999999975
 31
0
  0
LINE
  5
139A
330
1A
100
AcDbEntity
  8
BLACK
  6
CONTINUOUS
100
AcDbLine
 10
154.2705780000000004
 20
-152.9168439999999975
 30
0
 11
154.0801019999999824
 21
-152.8216060000000027
 31
0
  0
LINE
  5
139B
330
1A
100
AcDbEntity
  8
BLACK
  6
CONTINUOUS
100
AcDbLine
 10
154.0801019999999824
 20
-152.8216060000000027
 30
0
 11
153.7943870000000004
 21
-152.8216060000000027
 31
0
  0
LINE
  5
139C
330
1A
100
AcDbEntity
  8
BLACK
  6
CONTINUOUS
100
AcDbLine
 10
153.7943870000000004
 20
-152.8216060000000027
 30
0
 11
153.6039109999999823
 21
-152.9168439999999975
 31
0
  0
LINE
  5
139D
330
1A
100
AcDbEntity
  8
BLACK
  6
CONTINUOUS
100
AcDbLine
 10
153.6039109999999823
 20
-152.9168439999999975
 30
0
 11
153.5086729999999875
 21
-153.0120819999999924
 31
0
  0
LINE
  5
139E
330
1A
100
AcDbEntity
  8
BLACK
  6
CONTINUOUS
100
AcDbLine
 10
155.6039109999999823
 20
-154.1549399999999821
 30
0
 11
155.4134349999999927
 21
-154.0597019999999873
 31
0
  0
LINE
  5
139F
330
1A
100
AcDbEntity
  8
BLACK
  6
CONTINUOUS
100
AcDbLine
 10
155.4134349999999927
 20
-154.0597019999999873
 30
0
 11
155.3181969999999978
 21
-153.964462999999995
 31
0
  0
LINE
  5
13A0
330
1A
100
AcDbEntity
  8
BLACK
  6
CONTINUOUS
100
AcDbLine
 10
155.3181969999999978
 20
-153.964462999999995
 30
0
 11
155.222959000000003
 21
-153.7739870000000053
 31
0
  0
LINE
  5
13A1
330
1A
100
AcDbEntity
  8
BLACK
  6
CONTINUOUS
100
AcDbLine
 10
155.222959000000003
 20
-153.7739870000000053
 30
0
 11
155.222959000000003
 21
-153.2025589999999795
 31
0
  0
LINE
  5
13A2
330
1A
100
AcDbEntity
  8
BLACK
  6
CONTINUOUS
100
AcDbLine
 10
155.222959000000003
 20
-153.2025589999999795
 30
0
 11
155.3181969999999978
 21
-153.0120819999999924
 31
0
  0
LINE
  5
13A3
330
1A
100
AcDbEntity
  8
BLACK
  6
CONTINUOUS
100
AcDbLine
 10
155.3181969999999978
 20
-153.0120819999999924
 30
0
 11
155.4134349999999927
 21
-152.9168439999999975
 31
0
  0
LINE
  5
13A4
330
1A
100
AcDbEntity
  8
BLACK
  6
CONTINUOUS
100
AcDbLine
 10
155.4134349999999927
 20
-152.9168439999999975
 30
0
 11
155.6039109999999823
 21
-152.8216060000000027
 31
0
  0
LINE
  5
13A5
330
1A
100
AcDbEntity
  8
BLACK
  6
CONTINUOUS
100
AcDbLine
 10
155.6039109999999823
 20
-152.8216060000000027
 30
0
 11
155.8896259999999927
 21
-152.8216060000000027
 31
0
  0
LINE
  5
13A6
330
1A
100
AcDbEntity
  8
BLACK
  6
CONTINUOUS
100
AcDbLine
 10
155.8896259999999927
 20
-152.8216060000000027
 30
0
 11
156.0801019999999824
 21
-152.9168439999999975
 31
0
  0
LINE
  5
13A7
330
1A
100
AcDbEntity
  8
BLACK
  6
CONTINUOUS
100
AcDbLine
 10
156.0801019999999824
 20
-152.9168439999999975
 30
0
 11
156.1753400000000056
 21
-153.0120819999999924
 31
0
  0
LINE
  5
13A8
330
1A
100
AcDbEntity
  8
BLACK
  6
CONTINUOUS
100
AcDbLine
 10
156.1753400000000056
 20
-153.0120819999999924
 30
0
 11
156.2705780000000004
 21
-153.2025589999999795
 31
0
  0
LINE
  5
13A9
330
1A
100
AcDbEntity
  8
BLACK
  6
CONTINUOUS
100
AcDbLine
 10
156.2705780000000004
 20
-153.2025589999999795
 30
0
 11
156.2705780000000004
 21
-153.7739870000000053
 31
0
  0
LINE
  5
13AA
330
1A
100
AcDbEntity
  8
BLACK
  6
CONTINUOUS
100
AcDbLine
 10
156.2705780000000004
 20
-153.7739870000000053
 30
0
 11
156.1753400000000056
 21
-153.964462999999995
 31
0
  0
LINE
  5
13AB
330
1A
100
AcDbEntity
  8
BLACK
  6
CONTINUOUS
100
AcDbLine
 10
156.1753400000000056
 20
-153.964462999999995
 30
0
 11
156.0801019999999824
 21
-154.0597019999999873
 31
0
  0
LINE
  5
13AC
330
1A
100
AcDbEntity
  8
BLACK
  6
CONTINUOUS
100
AcDbLine
 10
156.0801019999999824
 20
-154.0597019999999873
 30
0
 11
155.8896259999999927
 21
-154.1549399999999821
 31
0
  0
LINE
  5
13AD
330
1A
100
AcDbEntity
  8
BLACK
  6
CONTINUOUS
100
AcDbLine
 10
155.8896259999999927
 20
-154.1549399999999821
 30
0
 11
155.6039109999999823
 21
-154.1549399999999821
 31
0
  0
LINE
  5
13AE
330
1A
100
AcDbEntity
  8
BLACK
  6
CONTINUOUS
100
AcDbLine
 10
157.4134349999999927
 20
-154.1549399999999821
 30
0
 11
157.222959000000003
 21
-154.0597019999999873
 31
0
  0
LINE
  5
13AF
330
1A
100
AcDbEntity
  8
BLACK
  6
CONTINUOUS
100
AcDbLine
 10
157.222959000000003
 20
-154.0597019999999873
 30
0
 11
157.1277209999999798
 21
-153.8692250000000001
 31
0
  0
LINE
  5
13B0
330
1A
100
AcDbEntity
  8
BLACK
  6
CONTINUOUS
100
AcDbLine
 10
157.1277209999999798
 20
-153.8692250000000001
 30
0
 11
157.1277209999999798
 21
-152.1549399999999821
 31
0
  0
LINE
  5
13B1
330
1A
100
AcDbEntity
  8
BLACK
  6
CONTINUOUS
100
AcDbLine
 10
158.9372449999999901
 20
-154.0597019999999873
 30
0
 11
158.7467690000000005
 21
-154.1549399999999821
 31
0
  0
LINE
  5
13B2
330
1A
100
AcDbEntity
  8
BLACK
  6
CONTINUOUS
100
AcDbLine
 10
158.7467690000000005
 20
-154.1549399999999821
 30
0
 11
158.3658159999999953
 21
-154.1549399999999821
 31
0
  0
LINE
  5
13B3
330
1A
100
AcDbEntity
  8
BLACK
  6
CONTINUOUS
100
AcDbLine
 10
158.3658159999999953
 20
-154.1549399999999821
 30
0
 11
158.1753400000000056
 21
-154.0597019999999873
 31
0
  0
LINE
  5
13B4
330
1A
100
AcDbEntity
  8
BLACK
  6
CONTINUOUS
100
AcDbLine
 10
158.1753400000000056
 20
-154.0597019999999873
 30
0
 11
158.0801019999999824
 21
-153.8692250000000001
 31
0
  0
LINE
  5
13B5
330
1A
100
AcDbEntity
  8
BLACK
  6
CONTINUOUS
100
AcDbLine
 10
158.0801019999999824
 20
-153.8692250000000001
 30
0
 11
158.0801019999999824
 21
-153.1073209999999847
 31
0
  0
LINE
  5
13B6
330
1A
100
AcDbEntity
  8
BLACK
  6
CONTINUOUS
100
AcDbLine
 10
158.0801019999999824
 20
-153.1073209999999847
 30
0
 11
158.1753400000000056
 21
-152.9168439999999975
 31
0
  0
LINE
  5
13B7
330
1A
100
AcDbEntity
  8
BLACK
  6
CONTINUOUS
100
AcDbLine
 10
158.1753400000000056
 20
-152.9168439999999975
 30
0
 11
158.3658159999999953
 21
-152.8216060000000027
 31
0
  0
LINE
  5
13B8
330
1A
100
AcDbEntity
  8
BLACK
  6
CONTINUOUS
100
AcDbLine
 10
158.3658159999999953
 20
-152.8216060000000027
 30
0
 11
158.7467690000000005
 21
-152.8216060000000027
 31
0
  0
LINE
  5
13B9
330
1A
100
AcDbEntity
  8
BLACK
  6
CONTINUOUS
100
AcDbLine
 10
158.7467690000000005
 20
-152.8216060000000027
 30
0
 11
158.9372449999999901
 21
-152.9168439999999975
 31
0
  0
LINE
  5
13BA
330
1A
100
AcDbEntity
  8
BLACK
  6
CONTINUOUS
100
AcDbLine
 10
158.9372449999999901
 20
-152.9168439999999975
 30
0
 11
159.0324829999999849
 21
-153.1073209999999847
 31
0
  0
LINE
  5
13BB
330
1A
100
AcDbEntity
  8
BLACK
  6
CONTINUOUS
100
AcDbLine
 10
159.0324829999999849
 20
-153.1073209999999847
 30
0
 11
159.0324829999999849
 21
-153.2977970000000028
 31
0
  0
LINE
  5
13BC
330
1A
100
AcDbEntity
  8
BLACK
  6
CONTINUOUS
100
AcDbLine
 10
159.0324829999999849
 20
-153.2977970000000028
 30
0
 11
158.0801019999999824
 21
-153.4882729999999924
 31
0
  0
LINE
  5
13BD
330
1A
100
AcDbEntity
  8
BLACK
  6
CONTINUOUS
100
AcDbLine
 10
159.7943879999999979
 20
-154.0597019999999873
 30
0
 11
159.9848639999999875
 21
-154.1549399999999821
 31
0
  0
LINE
  5
13BE
330
1A
100
AcDbEntity
  8
BLACK
  6
CONTINUOUS
100
AcDbLine
 10
159.9848639999999875
 20
-154.1549399999999821
 30
0
 11
160.3658159999999953
 21
-154.1549399999999821
 31
0
  0
LINE
  5
13BF
330
1A
100
AcDbEntity
  8
BLACK
  6
CONTINUOUS
100
AcDbLine
 10
160.3658159999999953
 20
-154.1549399999999821
 30
0
 11
160.5562929999999824
 21
-154.0597019999999873
 31
0
  0
LINE
  5
13C0
330
1A
100
AcDbEntity
  8
BLACK
  6
CONTINUOUS
100
AcDbLine
 10
160.5562929999999824
 20
-154.0597019999999873
 30
0
 11
160.6515310000000056
 21
-153.8692250000000001
 31
0
  0
LINE
  5
13C1
330
1A
100
AcDbEntity
  8
BLACK
  6
CONTINUOUS
100
AcDbLine
 10
160.6515310000000056
 20
-153.8692250000000001
 30
0
 11
160.6515310000000056
 21
-153.7739870000000053
 31
0
  0
LINE
  5
13C2
330
1A
100
AcDbEntity
  8
BLACK
  6
CONTINUOUS
100
AcDbLine
 10
160.6515310000000056
 20
-153.7739870000000053
 30
0
 11
160.5562929999999824
 21
-153.5835109999999872
 31
0
  0
LINE
  5
13C3
330
1A
100
AcDbEntity
  8
BLACK
  6
CONTINUOUS
100
AcDbLine
 10
160.5562929999999824
 20
-153.5835109999999872
 30
0
 11
160.3658159999999953
 21
-153.4882729999999924
 31
0
  0
LINE
  5
13C4
330
1A
100
AcDbEntity
  8
BLACK
  6
CONTINUOUS
100
AcDbLine
 10
160.3658159999999953
 20
-153.4882729999999924
 30
0
 11
160.0801019999999824
 21
-153.4882729999999924
 31
0
  0
LINE
  5
13C5
330
1A
100
AcDbEntity
  8
BLACK
  6
CONTINUOUS
100
AcDbLine
 10
160.0801019999999824
 20
-153.4882729999999924
 30
0
 11
159.8896259999999927
 21
-153.3930349999999976
 31
0
  0
LINE
  5
13C6
330
1A
100
AcDbEntity
  8
BLACK
  6
CONTINUOUS
100
AcDbLine
 10
159.8896259999999927
 20
-153.3930349999999976
 30
0
 11
159.7943879999999979
 21
-153.2025589999999795
 31
0
  0
LINE
  5
13C7
330
1A
100
AcDbEntity
  8
BLACK
  6
CONTINUOUS
100
AcDbLine
 10
159.7943879999999979
 20
-153.2025589999999795
 30
0
 11
159.7943879999999979
 21
-153.1073209999999847
 31
0
  0
LINE
  5
13C8
330
1A
100
AcDbEntity
  8
BLACK
  6
CONTINUOUS
100
AcDbLine
 10
159.7943879999999979
 20
-153.1073209999999847
 30
0
 11
159.8896259999999927
 21
-152.9168439999999975
 31
0
  0
LINE
  5
13C9
330
1A
100
AcDbEntity
  8
BLACK
  6
CONTINUOUS
100
AcDbLine
 10
159.8896259999999927
 20
-152.9168439999999975
 30
0
 11
160.0801019999999824
 21
-152.8216060000000027
 31
0
  0
LINE
  5
13CA
330
1A
100
AcDbEntity
  8
BLACK
  6
CONTINUOUS
100
AcDbLine
 10
160.0801019999999824
 20
-152.8216060000000027
 30
0
 11
160.3658159999999953
 21
-152.8216060000000027
 31
0
  0
LINE
  5
13CB
330
1A
100
AcDbEntity
  8
BLACK
  6
CONTINUOUS
100
AcDbLine
 10
160.3658159999999953
 20
-152.8216060000000027
 30
0
 11
160.5562929999999824
 21
-152.9168439999999975
 31
0
  0
LINE
  5
13CC
330
1A
100
AcDbEntity
  8
BLACK
  6
CONTINUOUS
100
AcDbLine
 10
161.3181979999999953
 20
-154.9168439999999975
 30
0
 11
161.4134359999999901
 21
-154.8216060000000027
 31
0
  0
LINE
  5
13CD
330
1A
100
AcDbEntity
  8
BLACK
  6
CONTINUOUS
100
AcDbLine
 10
161.4134359999999901
 20
-154.8216060000000027
 30
0
 11
161.6039119999999798
 21
-154.5358919999999898
 31
0
  0
LINE
  5
13CE
330
1A
100
AcDbEntity
  8
BLACK
  6
CONTINUOUS
100
AcDbLine
 10
161.6039119999999798
 20
-154.5358919999999898
 30
0
 11
161.699150000000003
 21
-154.3454160000000002
 31
0
  0
LINE
  5
13CF
330
1A
100
AcDbEntity
  8
BLACK
  6
CONTINUOUS
100
AcDbLine
 10
161.699150000000003
 20
-154.3454160000000002
 30
0
 11
161.7943879999999979
 21
-154.0597019999999873
 31
0
  0
LINE
  5
13D0
330
1A
100
AcDbEntity
  8
BLACK
  6
CONTINUOUS
100
AcDbLine
 10
161.7943879999999979
 20
-154.0597019999999873
 30
0
 11
161.8896259999999927
 21
-153.5835109999999872
 31
0
  0
LINE
  5
13D1
330
1A
100
AcDbEntity
  8
BLACK
  6
CONTINUOUS
100
AcDbLine
 10
161.8896259999999927
 20
-153.5835109999999872
 30
0
 11
161.8896259999999927
 21
-153.2025589999999795
 31
0
  0
LINE
  5
13D2
330
1A
100
AcDbEntity
  8
BLACK
  6
CONTINUOUS
100
AcDbLine
 10
161.8896259999999927
 20
-153.2025589999999795
 30
0
 11
161.7943879999999979
 21
-152.7263679999999795
 31
0
  0
LINE
  5
13D3
330
1A
100
AcDbEntity
  8
BLACK
  6
CONTINUOUS
100
AcDbLine
 10
161.7943879999999979
 20
-152.7263679999999795
 30
0
 11
161.699150000000003
 21
-152.440653999999995
 31
0
  0
LINE
  5
13D4
330
1A
100
AcDbEntity
  8
BLACK
  6
CONTINUOUS
100
AcDbLine
 10
161.699150000000003
 20
-152.440653999999995
 30
0
 11
161.6039119999999798
 21
-152.2501780000000053
 31
0
  0
LINE
  5
13D5
330
1A
100
AcDbEntity
  8
BLACK
  6
CONTINUOUS
100
AcDbLine
 10
161.6039119999999798
 20
-152.2501780000000053
 30
0
 11
161.4134359999999901
 21
-151.964462999999995
 31
0
  0
LINE
  5
13D6
330
1A
100
AcDbEntity
  8
BLACK
  6
CONTINUOUS
100
AcDbLine
 10
161.4134359999999901
 20
-151.964462999999995
 30
0
 11
161.3181979999999953
 21
-151.8692250000000001
 31
0
  0
ENDSEC
  0
SECTION
  2
OBJECTS
  0
DICTIONARY
  5
20
330
0
100
AcDbDictionary
281
1
  3
ACAD_GROUP
350
13D7
  3
ACAD_LAYOUT
350
21
  3
ACAD_PLOTSTYLENAME
350
11
  0
DICTIONARY
  5
13D7
330
20
100
AcDbDictionary
281
1
  0
ACDBDICTIONARYWDFLT
  5
11
330
20
100
AcDbDictionary
281
1
  3
Normal
350
10
100
AcDbDictionaryWithDefault
340
10
  0
ACDBPLACEHOLDER
  5
10
330
11
  0
DICTIONARY
  5
21
330
20
100
AcDbDictionary
281
1
  3
Model
350
1D
  3
Layout1
350
1E
  3
Layout2
350
1F
  0
LAYOUT
  5
1D
330
21
100
AcDbPlotSettings
  1

  2
none_device
  4
A3
  6

 40
0.0
 41
0.0
 42
0.0
 43
0.0
 44
420.0
 45
297.0
 46
0.0
 47
0.0
 48
0.0
 49
0.0
140
0.0
141
0.0
142
1.0
143
1.0
 70
1024
 72
1
 73
0
 74
5
  7

 75
16
 76
0
 77
2
 78
300
147
1.0
148
0.0
149
0.0
100
AcDbLayout
  1
Model
 70
1
 71
0
 10
0.0
 20
0.0
 11
420.0
 21
297.0
 12
0.0
 22
0.0
 32
0.0
 14
1e+20
 24
1e+20
 34
1e+20
 15
-1e+20
 25
-1e+20
 35
-1e+20
146
0.0
 13
0.0
 23
0.0
 33
0.0
 16
1.0
 26
0.0
 36
0.0
 17
0.0
 27
1.0
 37
0.0
 76
0
330
1A
  0
LAYOUT
  5
1E
330
21
100
AcDbPlotSettings
  1

  2
none_device
  4
A3
  6

 40
0.0
 41
0.0
 42
0.0
 43
0.0
 44
420.0
 45
297.0
 46
0.0
 47
0.0
 48
0.0
 49
0.0
140
0.0
141
0.0
142
1.0
143
1.0
 70
0
 72
1
 73
0
 74
5
  7

 75
16
 76
0
 77
2
 78
300
147
1.0
148
0.0
149
0.0
100
AcDbLayout
  1
Layout1
 70
1
 71
1
 10
0.0
 20
0.0
 11
420.0
 21
297.0
 12
0.0
 22
0.0
 32
0.0
 14
1e+20
 24
1e+20
 34
1e+20
 15
-1e+20
 25
-1e+20
 35
-1e+20
146
0.0
 13
0.0
 23
0.0
 33
0.0
 16
1.0
 26
0.0
 36
0.0
 17
0.0
 27
1.0
 37
0.0
 76
0
330
1B
  0
LAYOUT
  5
1F
330
21
100
AcDbPlotSettings
  1

  2
none_device
  4
A3
  6

 40
0.0
 41
0.0
 42
0.0
 43
0.0
 44
420.0
 45
297.0
 46
0.0
 47
0.0
 48
0.0
 49
0.0
140
0.0
141
0.0
142
1.0
143
1.0
 70
0
 72
1
 73
0
 74
5
  7

 75
16
 76
0
 77
2
 78
300
147
1.0
148
0.0
149
0.0
100
AcDbLayout
  1
Layout2
 70
1
 71
2
 10
0.0
 20
0.0
 11
420.0
 21
297.0
 12
0.0
 22
0.0
 32
0.0
 14
1e+20
 24
1e+20
 34
1e+20
 15
-1e+20
 25
-1e+20
 35
-1e+20
146
0.0
 13
0.0
 23
0.0
 33
0.0
 16
1.0
 26
0.0
 36
0.0
 17
0.0
 27
1.0
 37
0.0
 76
0
330
1C
  0
ENDSEC
  0
EOF
